2176,aa,12:15 PM,2:45 PM
2341,airtravelcenter,,
2235,flights,2:55 PM,5:55 PM
18,orbitz,2:55 PM,4:53 PM
1102,gofox,,
32,flightstats,8:41 AM,9:54 AM
64,allegiantair,1:30 PM,3:50 PM
1875,quicktrip,2:55 PM,5:00 PM
518,flightview,6:00 AM,9:20 AM
1369,gofox,8:25 PM,11:50 PM
2206,helloflight,,
2293,flightstats,7:45 PM,10:30 PM
1411,flightstats,6:59 AM,10:34 AM
683,myrateplan,,
923,myrateplan,,
803,gofox,,
978,flightview,8:00 AM,11:55 AM
2112,flightview,7:30 AM,8:00 AM
2073,myrateplan,,
657,businesstravellogue,5:30 PM,6:40 PM
126,gofox,,
363,gofox,11:55 AM,6:17 PM
2440,gofox,,
1445,ifly,8:35 AM,10:40 AM
12,panynj,,
601,helloflight,,
763,flightexplorer,,
854,panynj,7:55 AM,11:05 AM
1149,allegiantair,,
2057,flightview,3:05 PM,6:30 PM
1436,panynj,,
1665,CO,4:00 PM,7:05 PM
1682,allegiantair,4:00 PM,7:05 PM
856,foxbusiness,7:55 AM,11:05 AM
514,flylouisville,6:00 AM,9:20 AM
1781,world-flight-tracker,7:10 AM,9:40 AM
99,gofox,,
428,flightview,12:00 PM,1:45 PM
1677,world-flight-tracker,4:00 PM,7:05 PM
1551,businesstravellogue,7:10 AM,9:35 AM
289,flightview,6:30 PM,7:25 PM
1371,allegiantair,8:25 PM,11:50 PM
116,flytecomm,,
1736,travelocity,4:25 PM,12:29 AM
359,quicktrip,11:55 AM,6:17 PM
966,ua,8:00 AM,11:55 AM
1696,flylouisville,4:00 PM,6:40 PM
792,airtravelcenter,2:55 PM,4:49 PM
1163,flightaware,7:25 AM,10:43 AM
2380,boston,11:08 PM,5:11 AM
149,world-flight-tracker,7:10 AM,3:30 PM
1688,airtravelcenter,,
650,helloflight,,
1650,flightstats,11:50 AM,3:50 PM
2170,travelocity,12:10 PM,2:15 PM
925,flytecomm,,
1235,flytecomm,,
1674,flylouisville,4:00 PM,7:05 PM
1379,flightarrival,8:25 PM,11:50 PM
695,flightstats,12:57 PM,5:15 PM
742,airtravelcenter,2:30 PM,7:03 PM
1206,usatoday,10:15 AM,12:10 PM
926,flights,,
1843,orbitz,9:15 AM,12:18 PM
27,flightaware,8:41 AM,9:34 AM
373,airtravelcenter,,
736,ord,10:40 AM,2:45 PM
1353,aa,8:25 PM,11:50 PM
132,weather,8:20 PM,9:20 PM
2291,businesstravellogue,7:45 PM,10:30 PM
992,helloflight,,
2288,wunderground,7:45 PM,10:15 PM
233,travelocity,6:40 AM,9:25 AM
2001,wunderground,8:35 AM,11:22 AM
1640,flightexplorer,,
2307,boston,7:45 PM,10:30 PM
1880,allegiantair,,
2128,myrateplan,,
1305,myrateplan,,
1489,ord,3:35 PM,4:00 PM
2129,helloflight,,
1444,ord,8:35 AM,10:40 AM
2336,ifly,9:45 AM,1:16 PM
994,flightaware,7:15 AM,10:57 AM
770,flights,7:10 AM,10:45 AM
723,flylouisville,10:40 AM,2:45 PM
1111,usatoday,,
754,foxbusiness,,
1047,flightstats,8:00 PM,9:45 PM
1693,wunderground,4:00 PM,6:30 PM
284,businesstravellogue,6:30 PM,7:25 PM
780,allegiantair,7:10 AM,10:45 AM
1515,mco,,10:35 AM
870,flightaware,2:35 PM,3:55 PM
2079,businesstravellogue,6:45 PM,9:10 PM
127,foxbusiness,,
1655,gofox,11:50 AM,3:50 PM
309,businesstravellogue,,
1068,helloflight,,
2244,foxbusiness,2:55 PM,5:55 PM
2384,mytripandmore,11:08 PM,5:11 AM
653,wunderground,5:30 PM,6:15 PM
1700,flightview,4:00 PM,6:40 PM
1060,mco,8:00 PM,
228,panynj,6:40 AM,9:25 AM
1363,flylouisville,8:25 PM,11:50 PM
214,aa,6:40 AM,9:25 AM
248,flightstats,4:55 PM,8:05 PM
638,foxbusiness,,
815,airtravelcenter,,
2259,businesstravellogue,,
1113,CO,7:10 AM,8:56 PM
1133,flightwise,7:27 PM,8:46 PM
66,travelocity,1:30 PM,3:50 PM
2005,flightstats,8:35 AM,11:50 AM
1716,flightexplorer,,
733,travelocity,10:40 AM,2:45 PM
16,boston,,
993,flytecomm,,
1819,usatoday,6:45 AM,7:45 AM
920,ua,7:35 AM,9:43 AM
2260,flylouisville,,
1494,airtravelcenter,,
1530,flightview,10:40 AM,2:59 PM
618,orbitz,1:05 PM,2:35 PM
728,panynj,10:40 AM,2:45 PM
1231,flightexplorer,,
619,weather,1:05 PM,2:35 PM
418,helloflight,,
670,allegiantair,6:00 PM,7:10 PM
2099,flightexplorer,,
447,flylouisville,,
876,quicktrip,2:35 PM,4:05 PM
159,flightarrival,7:10 AM,3:30 PM
713,aa,10:40 AM,2:45 PM
841,airtravelcenter,,
216,myrateplan,,
1824,airtravelcenter,9:15 AM,12:18 PM
1153,phl,,9:24 AM
1242,quicktrip,4:15 PM,7:55 PM
114,myrateplan,,
2069,flightarrival,3:05 PM,6:30 PM
1034,usatoday,,
2425,usatoday,10:45 AM,2:20 PM
1490,usatoday,3:35 PM,4:00 PM
1370,foxbusiness,8:25 PM,11:50 PM
731,allegiantair,10:40 AM,2:45 PM
717,helloflight,,
1920,foxbusiness,,
2228,aa,2:55 PM,5:55 PM
226,world-flight-tracker,6:40 AM,9:25 AM
967,flightexplorer,,
1951,myrateplan,11:25 AM,2:50 PM
2083,world-flight-tracker,6:45 PM,9:10 PM
571,boston,3:27 PM,5:05 PM
2305,allegiantair,7:45 PM,10:30 PM
1144,quicktrip,8:29 PM,9:24 AM
1675,flightstats,4:00 PM,7:05 PM
343,orbitz,11:05 AM,4:57 PM
415,ua,12:00 AM,1:45 PM
383,foxbusiness,,
830,foxbusiness,9:00 PM,12:15 AM
105,boston,,
757,travelocity,2:30 PM,7:03 PM
1351,flightwise,6:00 AM,6:30 AM
1547,flytecomm,,
1554,quicktrip,7:10 AM,9:35 AM
1658,boston,11:50 AM,3:50 PM
164,helloflight,,
708,boston,12:57 PM,4:52 PM
2034,flightview,,
48,aa,1:30 PM,3:50 PM
569,foxbusiness,3:27 PM,5:05 PM
2039,boston,,
1837,panynj,9:15 AM,12:18 PM
977,world-flight-tracker,8:00 AM,11:55 AM
1959,flightview,,
1742,flightarrival,4:25 PM,12:29 AM
808,orbitz,2:55 PM,4:49 PM
836,den,,12:15 AM
1757,panynj,11:55 PM,5:50 AM
239,airtravelcenter,,
835,weather,9:00 PM,12:15 AM
1533,foxbusiness,10:40 AM,2:59 PM
294,boston,6:30 PM,7:25 PM
1003,panynj,7:15 AM,11:35 AM
2141,gofox,11:25 PM,6:55 AM
1165,flights,7:25 AM,11:10 AM
746,flights,,
154,allegiantair,7:10 AM,3:30 PM
2417,panynj,,
508,helloflight,,
1373,travelocity,8:25 PM,11:50 PM
1660,orbitz,11:50 AM,3:50 PM
2070,aa,6:45 PM,9:10 PM
2163,world-flight-tracker,12:10 PM,2:15 PM
1738,weather,4:25 PM,12:29 AM
673,boston,5:30 PM,6:09 PM
1203,travelocity,10:15 AM,12:10 PM
645,CO,5:30 PM,6:40 PM
72,flightexplorer,,
20,usatoday,,
1237,wunderground,4:15 PM,7:26 PM
566,flightview,3:27 PM,5:05 PM
1178,orbitz,7:25 AM,11:10 AM
2298,flightview,7:45 PM,10:30 PM
1116,helloflight,7:10 AM,8:56 PM
2439,panynj,,
819,flightaware,9:00 PM,12:05 AM
1653,flightview,11:50 AM,3:50 PM
1721,flytecomm,,
1095,flights,,
1949,CO,11:25 AM,2:50 PM
2316,usatoday,7:45 PM,10:30 PM
1285,myrateplan,8:05 AM,11:35 AM
1986,foxbusiness,12:00 PM,3:15 PM
2296,world-flight-tracker,7:45 PM,10:30 PM
1661,weather,11:50 AM,3:50 PM
1195,quicktrip,10:15 AM,12:10 PM
891,ua,1:33 PM,4:31 PM
2253,ua,11:15 AM,1:40 PM
1680,gofox,4:00 PM,7:05 PM
1456,quicktrip,6:00 AM,10:20 AM
556,airtravelcenter,,
165,flytecomm,,
1525,flights,,
1617,flytecomm,,
1668,helloflight,4:00 PM,7:05 PM
76,myrateplan,,
1889,myrateplan,,
775,world-flight-tracker,7:10 AM,10:45 AM
752,panynj,,
1646,wunderground,11:50 AM,3:33 PM
2130,flytecomm,,
1821,flightarrival,6:45 AM,7:45 AM
505,flightexplorer,,
535,flytecomm,,
133,ifly,8:20 PM,9:20 PM
1466,ifly,6:00 AM,10:20 AM
1850,myrateplan,,
139,myrateplan,,
536,flightaware,3:50 PM,6:00 PM
1929,airtravelcenter,5:25 PM,8:22 PM
1654,panynj,11:50 AM,3:50 PM
706,allegiantair,,
1570,myrateplan,,
734,orbitz,10:40 AM,2:45 PM
1155,usatoday,8:29 PM,9:24 AM
598,flightexplorer,,
1339,world-flight-tracker,6:00 AM,6:40 AM
232,boston,6:40 AM,9:25 AM
402,businesstravellogue,,
1029,boston,,
1041,flytecomm,,
1410,flylouisville,6:59 AM,10:34 AM
323,ua,11:05 AM,4:57 PM
740,flightarrival,10:40 AM,2:45 PM
1512,travelocity,7:15 AM,10:35 AM
580,flytecomm,,
462,flytecomm,12:30 AM,5:35 PM
1984,panynj,12:00 PM,3:15 PM
1787,boston,7:10 AM,9:40 AM
1928,CO,5:25 PM,8:22 PM
871,wunderground,2:35 PM,3:55 PM
864,aa,2:35 PM,4:05 PM
510,flightaware,6:00 AM,8:51 AM
743,myrateplan,2:30 PM,7:03 PM
833,travelocity,9:00 PM,12:15 AM
110,mytripandmore,12:30 PM,3:03 PM
1961,gofox,,
1476,wunderground,3:35 PM,3:50 PM
147,flightstats,7:10 AM,3:30 PM
2426,CO,7:35 AM,9:21 AM
2429,helloflight,7:35 AM,9:21 AM
378,businesstravellogue,,
668,foxbusiness,6:00 PM,7:10 PM
189,airtravelcenter,,
1750,flights,11:55 PM,5:50 AM
1638,flightarrival,2:30 PM,6:15 PM
2300,panynj,7:45 PM,10:30 PM
1142,flylouisville,,
1132,mytripandmore,7:10 PM,10:48 PM
1832,flylouisville,9:15 AM,12:18 PM
575,mytripandmore,3:27 PM,5:05 PM
409,foxbusiness,,
2270,orbitz,11:15 AM,1:40 PM
886,weather,2:35 PM,4:05 PM
1276,orbitz,7:15 PM,12:21 AM
1298,boston,,
2350,flightview,,
509,flytecomm,,
179,boston,7:00 AM,9:55 AM
2366,helloflight,11:08 PM,5:11 AM
1264,businesstravellogue,7:15 PM,12:21 AM
1780,quicktrip,7:10 AM,9:40 AM
2048,flytecomm,,
1600,flightview,,
449,panynj,,
1590,flightexplorer,,
280,flytecomm,,
2059,gofox,3:05 PM,6:30 PM
53,flytecomm,,
1588,usatoday,,
1751,businesstravellogue,11:55 PM,5:50 AM
2331,foxbusiness,,
1833,flightstats,9:15 AM,12:18 PM
1647,flights,11:50 AM,3:50 PM
2421,boston,,
1265,flylouisville,7:15 PM,12:21 AM
1170,world-flight-tracker,7:25 AM,11:10 AM
1514,weather,7:15 AM,10:35 AM
1283,flightexplorer,,
635,flightview,,
687,flytecomm,,
1776,flights,7:10 AM,9:40 AM
632,flylouisville,,
1777,businesstravellogue,7:10 AM,9:40 AM
1172,panynj,7:25 AM,11:10 AM
1381,airtravelcenter,8:40 AM,10:54 AM
2422,travelocity,10:45 AM,2:20 PM
414,mytripandmore,11:40 AM,1:17 PM
211,ifly,6:00 AM,7:30 AM
1987,allegiantair,12:00 PM,3:15 PM
1694,flights,4:00 PM,6:40 PM
640,boston,,
1878,gofox,,
84,wunderground,12:30 PM,2:48 PM
2266,foxbusiness,,
2238,flightstats,2:55 PM,5:55 PM
445,flights,,
1383,helloflight,8:40 AM,10:54 AM
1181,mytripandmore,7:25 AM,11:10 AM
806,boston,,
2241,flightview,2:55 PM,5:55 PM
103,allegiantair,,
474,orbitz,12:30 AM,5:35 PM
54,flightaware,1:30 PM,3:30 PM
1297,allegiantair,,
2015,orbitz,8:35 AM,11:50 AM
353,flightaware,11:55 AM,6:07 PM
104,boston,,
134,mytripandmore,8:20 PM,9:18 PM
291,gofox,6:30 PM,7:25 PM
299,usatoday,6:30 PM,7:25 PM
1989,travelocity,12:00 PM,3:15 PM
1773,flytecomm,,
65,boston,1:30 PM,3:50 PM
2369,wunderground,11:08 PM,5:08 AM
1543,flightexplorer,,
2205,myrateplan,,
1979,flylouisville,12:00 PM,3:15 PM
662,flightview,6:00 PM,7:10 PM
1637,mytripandmore,,Dec 01 - Not Available
2098,aa,7:30 AM,8:00 AM
2157,wunderground,12:10 PM,2:05 PM
38,allegiantair,,
1560,allegiantair,7:10 AM,9:35 AM
1161,helloflight,,
579,helloflight,,
1689,myrateplan,,
1188,flytecomm,,
1482,flightview,,
391,mytripandmore,11:25 AM,5:25 PM
451,foxbusiness,,
2106,flights,7:30 AM,8:00 AM
837,ifly,9:00 PM,12:15 AM
1057,orbitz,8:00 PM,9:45 PM
231,allegiantair,6:40 AM,9:25 AM
881,foxbusiness,2:35 PM,4:05 PM
768,flightaware,7:10 AM,10:09 AM
991,myrateplan,,
162,airtravelcenter,,
2152,airtravelcenter,,
1232,airtravelcenter,,
1555,world-flight-tracker,7:10 AM,9:35 AM
1890,helloflight,,
376,flytecomm,,
935,travelocity,,
2024,myrateplan,7:00 PM,10:15 PM
2208,flightaware,9:05 AM,12:12 PM
2212,flylouisville,9:05 AM,12:35 PM
1343,foxbusiness,6:00 AM,6:40 AM
2432,wunderground,7:35 AM,9:11 AM
1399,flightarrival,,
404,flightstats,11:40 AM,1:17 PM
2251,ifly,2:55 PM,5:55 PM
735,weather,10:40 AM,2:45 PM
1101,panynj,,
336,flightview,11:05 AM,4:57 PM
180,travelocity,7:00 AM,9:55 AM
1952,helloflight,11:25 AM,2:50 PM
1686,weather,4:00 PM,7:05 PM
2229,airtravelcenter,,
2252,mytripandmore,2:55 PM,5:55 PM
1540,usatoday,10:40 AM,2:59 PM
1457,flightview,,
908,foxbusiness,1:33 PM,4:31 PM
1498,flightaware,7:15 AM,10:18 AM
948,wunderground,10:40 AM,12:45 PM
1275,travelocity,7:15 PM,12:21 AM
1000,quicktrip,7:15 AM,11:35 AM
2186,flylouisville,12:15 PM,2:45 PM
1604,allegiantair,,
1315,world-flight-tracker,4:00 PM,6:46 PM
2245,allegiantair,2:55 PM,5:55 PM
843,helloflight,,
1484,gofox,,
1236,flightaware,4:15 PM,7:26 PM
1877,panynj,,
809,weather,2:55 PM,4:49 PM
794,helloflight,2:55 PM,4:49 PM
1314,quicktrip,4:00 PM,6:46 PM
2381,orbitz,11:08 PM,5:11 AM
242,flytecomm,,
547,foxbusiness,3:50 PM,6:23 PM
426,quicktrip,12:00 PM,1:45 PM
290,panynj,6:30 PM,7:25 PM
1200,foxbusiness,10:15 AM,12:10 PM
1225,orbitz,10:25 AM,6:44 PM
1537,orbitz,10:40 AM,2:59 PM
56,flights,1:30 PM,3:50 PM
2177,flightexplorer,,
1968,ifly,11:25 AM,2:50 PM
2334,orbitz,9:45 AM,1:16 PM
1669,flytecomm,4:00 PM,7:05 PM
2155,flytecomm,,
1994,aa,8:35 AM,11:50 AM
1823,flightexplorer,,
899,flights,1:33 PM,4:31 PM
45,mytripandmore,8:41 AM,9:54 AM
1001,world-flight-tracker,7:15 AM,11:35 AM
1329,myrateplan,,
990,airtravelcenter,,
35,panynj,,
453,boston,,
1032,weather,2:53 PM,4:48 PM
2358,den,4:16 PM,
1358,flytecomm,,
1938,flightstats,5:25 PM,8:22 PM
2319,airtravelcenter,9:45 AM,1:16 PM
1632,travelocity,,Dec 01 - Not Available
2323,flights,,
1924,orbitz,7:53 AM,1:39 PM
1582,allegiantair,,
1725,businesstravellogue,4:25 PM,12:29 AM
2161,flightstats,12:10 PM,2:15 PM
2054,flightstats,3:05 PM,6:30 PM
1469,airtravelcenter,3:35 PM,4:00 PM
390,usatoday,11:25 AM,5:25 PM
337,panynj,11:05 AM,4:57 PM
463,flights,12:30 AM,
2188,quicktrip,12:15 PM,2:45 PM
1123,flightstats,7:10 PM,8:56 PM
984,travelocity,,11:55 AM
2120,weather,7:30 AM,8:00 AM
1626,flightview,2:30 PM,6:15 PM
1446,mytripandmore,8:35 AM,10:40 AM
2032,flightstats,7:00 PM,10:15 PM
2329,panynj,,
1056,travelocity,8:00 PM,9:45 PM
1998,helloflight,,
2202,aa,9:05 AM,12:35 PM
227,flightview,6:40 AM,9:25 AM
317,travelocity,9:05 AM,11:53 AM
1117,flytecomm,7:10 AM,8:56 PM
500,orbitz,1:00 PM,2:35 PM
2126,flightexplorer,11:25 PM,6:55 AM
649,myrateplan,,
91,flylouisville,,
1888,airtravelcenter,,
846,wunderground,7:55 AM,10:55 AM
431,foxbusiness,12:00 PM,1:45 PM
1295,gofox,,
140,helloflight,,
441,airtravelcenter,,
2023,airtravelcenter,7:00 PM,10:15 PM
375,helloflight,,
398,flytecomm,11:40 AM,1:17 PM
1424,mytripandmore,6:59 AM,10:34 AM
2365,myrateplan,11:08 PM,5:11 AM
597,aa,1:05 PM,2:35 PM
1723,wunderground,4:25 PM,12:29 AM
2178,airtravelcenter,,
576,ua,7:05 AM,10:31 AM
1487,boston,,
727,flightview,10:40 AM,2:45 PM
423,businesstravellogue,12:00 PM,1:45 PM
1706,travelocity,4:00 PM,6:40 PM
257,mytripandmore,4:55 PM,8:05 PM
439,ua,"Thu, Dec 1 10:39 AM",11:19 AM
909,allegiantair,1:33 PM,4:31 PM
39,boston,,
1867,airtravelcenter,,
1164,wunderground,7:25 AM,10:43 AM
2187,flightstats,12:15 PM,2:45 PM
676,flightarrival,5:30 PM,6:09 PM
545,panynj,3:50 PM,6:23 PM
243,flightaware,4:55 PM,7:38 PM
70,ua,12:30 PM,3:19 PM
224,flightstats,6:40 AM,9:25 AM
1342,gofox,6:00 AM,6:40 AM
1128,foxbusiness,,
969,myrateplan,,
2142,foxbusiness,11:25 PM,6:55 AM
494,panynj,1:00 PM,2:35 PM
156,travelocity,7:10 AM,3:30 PM
2199,ord,12:15 PM,2:45 PM
1844,weather,9:15 AM,12:18 PM
2065,weather,3:05 PM,6:30 PM
1459,gofox,,
1414,flightview,6:59 AM,10:34 AM
1615,myrateplan,,
2326,flightstats,9:45 AM,1:16 PM
1620,flights,2:30 PM,6:15 PM
1649,flylouisville,11:50 AM,3:50 PM
2102,helloflight,,
889,ifly,2:35 PM,4:05 PM
493,flightview,1:00 PM,2:35 PM
1431,businesstravellogue,,
762,aa,7:10 AM,10:45 AM
1472,flytecomm,3:35 PM,4:00 PM
612,panynj,1:05 PM,2:35 PM
310,flylouisville,,
117,flightaware,8:20 PM,9:10 PM
464,businesstravellogue,,
1985,gofox,12:00 PM,3:15 PM
875,flightstats,2:35 PM,4:05 PM
1839,foxbusiness,9:15 AM,12:18 PM
2219,foxbusiness,9:05 AM,12:35 PM
2327,quicktrip,9:45 AM,1:16 PM
642,orbitz,2:30 PM,7:03 PM
200,world-flight-tracker,6:00 AM,7:30 AM
1154,ifly,8:29 PM,9:24 AM
1915,flightstats,7:53 AM,1:39 PM
90,flylouisville,,
1642,myrateplan,,
2164,flightview,12:10 PM,2:15 PM
1500,flights,7:15 AM,10:35 AM
661,quicktrip,5:30 PM,6:40 PM
1322,travelocity,4:00 PM,6:46 PM
2424,weather,10:45 AM,2:20 PM
1770,airtravelcenter,,
1645,flightaware,11:50 AM,3:33 PM
1930,myrateplan,5:25 PM,8:22 PM
1461,allegiantair,,
1643,helloflight,,
2122,ifly,7:30 AM,8:00 AM
1794,flightarrival,7:10 AM,9:40 AM
669,foxbusiness,5:30 PM,6:40 PM
567,panynj,3:27 PM,5:05 PM
2311,orbitz,7:45 PM,10:36 PM
1287,flytecomm,8:05 AM,11:35 AM
1730,flightview,4:25 PM,12:29 AM
907,gofox,1:33 PM,4:31 PM
1202,boston,10:15 AM,12:10 PM
2037,foxbusiness,,
1159,airtravelcenter,,
1266,flightstats,7:15 PM,12:21 AM
1670,flightaware,4:00 PM,6:31 PM
1387,flylouisville,,
481,airtravelcenter,,
646,flightexplorer,5:30 PM,6:17 PM
2021,CO,7:00 PM,10:15 PM
429,panynj,12:00 PM,1:45 PM
448,flightview,,
2382,ord,11:08 PM,5:11 AM
1187,helloflight,,
2386,ua,1:29 PM,4:17 PM
2053,flylouisville,3:05 PM,6:30 PM
1253,dfw,4:15 PM,
2216,flightview,9:05 AM,12:35 PM
691,businesstravellogue,12:57 PM,5:15 PM
1234,helloflight,,
1943,foxbusiness,,
366,boston,11:55 AM,6:17 PM
888,phl,2:35 PM,
981,foxbusiness,8:00 AM,11:55 AM
2028,wunderground,7:00 PM,9:40 PM
1158,flightexplorer,,
304,airtravelcenter,9:05 AM,11:53 AM
999,flightstats,7:15 AM,11:35 AM
1911,flytecomm,,
93,quicktrip,12:30 PM,3:19 PM
11,flightview,,
671,allegiantair,5:30 PM,6:40 PM
1919,gofox,,
882,allegiantair,2:35 PM,4:05 PM
578,myrateplan,,
1749,flytecomm,,
2224,weather,9:05 AM,12:35 PM
1134,ua,8:29 PM,9:24 AM
1884,weather,2:55 PM,5:00 PM
674,orbitz,5:30 PM,6:40 PM
759,weather,2:30 PM,7:03 PM
1038,airtravelcenter,,
2408,flightexplorer,,
1168,flightstats,7:25 AM,11:10 AM
1429,flytecomm,,
679,flightexplorer,,
1065,flightexplorer,,
705,allegiantair,12:57 PM,4:59 PM
515,flightstats,6:00 AM,9:20 AM
1747,myrateplan,,
1851,helloflight,,
2214,quicktrip,9:05 AM,12:35 PM
783,orbitz,7:10 AM,10:45 AM
503,flightarrival,1:00 PM,2:35 PM
2383,usatoday,11:08 PM,5:11 AM
902,flightstats,1:33 PM,4:31 PM
2108,flylouisville,7:30 AM,8:00 AM
2203,flightexplorer,,
623,usatoday,1:05 PM,2:35 PM
1932,flytecomm,5:25 PM,8:22 PM
1085,orbitz,11:35 AM,2:25 PM
382,gofox,,
2051,flights,3:05 PM,6:30 PM
238,flightexplorer,,
6,flights,,
560,flights,3:27 PM,5:05 PM
2321,helloflight,9:45 AM,1:16 PM
125,panynj,,
2114,gofox,7:30 AM,8:00 AM
1538,weather,10:40 AM,2:59 PM
2403,allegiantair,,
1876,flightview,,
929,flightview,,
1080,gofox,11:35 AM,2:25 PM
1279,usatoday,7:15 PM,12:21 AM
1887,ua,8:15 AM,10:06 AM
1849,airtravelcenter,,
1452,flights,,
1758,gofox,11:55 PM,5:50 AM
851,quicktrip,7:55 AM,11:05 AM
2290,flights,7:45 PM,10:30 PM
995,wunderground,7:15 AM,10:57 AM
1272,foxbusiness,7:15 PM,12:21 AM
1811,gofox,6:45 AM,7:45 AM
327,flytecomm,,
1438,foxbusiness,,
813,flightexplorer,,
255,boston,,
395,airtravelcenter,11:40 AM,1:17 PM
1280,flightwise,7:15 PM,11:52 PM
588,gofox,,
538,flights,3:50 PM,6:23 PM
2067,usatoday,3:05 PM,6:30 PM
3,myrateplan,,
1189,flightaware,10:15 AM,11:43 AM
2249,weather,2:55 PM,5:55 PM
1313,flightstats,4:00 PM,6:46 PM
1764,orbitz,11:55 PM,5:50 AM
1774,flightaware,7:10 AM,9:30 AM
1613,flightexplorer,,
2040,orbitz,7:00 PM,10:15 PM
2243,gofox,2:55 PM,5:55 PM
2262,quicktrip,11:15 AM,1:40 PM
1118,flightaware,7:27 PM,8:46 PM
2332,allegiantair,,
1239,businesstravellogue,4:15 PM,7:55 PM
354,wunderground,11:55 AM,6:07 PM
933,allegiantair,,
2277,flightexplorer,,
524,travelocity,6:00 AM,9:20 AM
1088,flightarrival,11:35 AM,2:25 PM
1454,flylouisville,,
606,businesstravellogue,1:05 PM,2:35 PM
922,airtravelcenter,,
1995,flightexplorer,,
1361,flights,8:25 PM,11:50 PM
192,flytecomm,,
346,mytripandmore,11:05 AM,4:57 PM
739,usatoday,10:40 AM,2:45 PM
1860,allegiantair,,
1040,helloflight,,
1662,dfw,11:50 AM,
136,aa,7:10 AM,3:30 PM
497,allegiantair,1:00 PM,2:35 PM
1544,airtravelcenter,,
1740,usatoday,4:25 PM,12:29 AM
599,airtravelcenter,,
2280,myrateplan,,
2308,boston,7:45 PM,10:30 PM
1318,gofox,4:00 PM,6:46 PM
840,flightexplorer,,
2210,flights,9:05 AM,12:35 PM
678,ua,12:57 PM,5:15 PM
1323,orbitz,4:00 PM,6:46 PM
557,myrateplan,,
2030,businesstravellogue,,
2230,myrateplan,,
2093,ord,6:45 PM,9:10 PM
1792,usatoday,7:10 AM,9:40 AM
1566,mytripandmore,7:10 AM,9:35 AM
2153,myrateplan,,
1754,quicktrip,11:55 PM,5:50 AM
589,foxbusiness,,
1583,boston,,
335,world-flight-tracker,11:05 AM,4:57 PM
2018,ifly,8:35 AM,11:50 AM
367,travelocity,11:55 AM,6:17 PM
1990,orbitz,12:00 PM,3:15 PM
823,flylouisville,9:00 PM,12:15 AM
480,flightexplorer,,
2029,flights,,
167,wunderground,7:00 AM,9:45 AM
1550,flights,7:10 AM,9:35 AM
1152,weather,8:29 PM,9:24 AM
2281,myrateplan,,
611,flightview,1:05 PM,2:35 PM
381,panynj,,
1965,orbitz,11:25 AM,2:50 PM
198,flightstats,6:00 AM,7:30 AM
2335,weather,9:45 AM,1:16 PM
957,gofox,10:40 AM,12:55 PM
1336,flylouisville,6:00 AM,6:40 AM
2133,flights,11:25 PM,6:55 AM
651,flytecomm,,
1763,travelocity,11:55 PM,5:50 AM
594,weather,7:05 AM,10:31 AM
2191,panynj,12:15 PM,2:45 PM
917,usatoday,1:33 PM,4:31 PM
1914,flylouisville,,
527,mia,,9:20 AM
2272,usatoday,,
860,orbitz,7:55 AM,11:05 AM
546,gofox,3:50 PM,6:23 PM
1690,helloflight,,
370,ifly,11:55 AM,6:17 PM
438,mytripandmore,12:00 PM,1:45 PM
548,allegiantair,3:50 PM,6:23 PM
2377,gofox,11:08 PM,5:11 AM
848,businesstravellogue,7:55 AM,11:05 AM
528,usatoday,6:00 AM,9:20 AM
1904,orbitz,8:15 AM,10:06 AM
345,usatoday,11:05 AM,4:57 PM
2172,weather,12:10 PM,2:15 PM
857,allegiantair,7:55 AM,11:05 AM
2225,ifly,9:05 AM,12:35 PM
1107,orbitz,6:13 AM,7:23 AM
525,orbitz,6:00 AM,9:20 AM
2094,usatoday,6:45 PM,9:10 PM
1492,aa,7:15 AM,10:35 AM
1145,flightview,,
1816,orbitz,6:45 AM,7:45 AM
719,flightaware,10:40 AM,2:10 PM
1727,flightstats,4:25 PM,12:29 AM
1196,world-flight-tracker,10:15 AM,12:10 PM
1504,quicktrip,7:15 AM,10:35 AM
869,flytecomm,,
897,flightaware,1:33 PM,4:20 PM
1808,world-flight-tracker,6:45 AM,7:45 AM
738,ifly,10:40 AM,2:45 PM
1197,flightview,10:15 AM,12:10 PM
918,flightwise,1:33 PM,4:20 PM
2215,world-flight-tracker,9:05 AM,12:35 PM
1939,quicktrip,5:25 PM,8:22 PM
403,flylouisville,,
2261,flightstats,11:15 AM,1:40 PM
333,flightstats,11:05 AM,4:57 PM
1293,flightview,,
685,helloflight,,
647,flightexplorer,5:30 PM,6:40 PM
1433,flightstats,8:35 AM,10:40 AM
1281,flightarrival,7:15 PM,12:21 AM
436,weather,12:00 PM,1:45 PM
1775,wunderground,7:10 AM,9:30 AM
1684,travelocity,4:00 PM,7:05 PM
1228,usatoday,10:25 AM,6:44 PM
275,aa,6:30 PM,7:25 PM
1180,mia,,11:10 AM
744,helloflight,2:30 PM,7:03 PM
845,flightaware,7:55 AM,10:55 AM
1873,flylouisville,,
1120,flights,,
1724,flights,4:25 PM,12:29 AM
443,helloflight,,
1451,flytecomm,6:00 AM,10:20 AM
621,ord,1:05 PM,2:35 PM
168,flights,7:00 AM,9:55 AM
1044,flights,8:00 PM,9:45 PM
1440,boston,,
1801,flightaware,6:45 AM,7:25 AM
858,boston,7:55 AM,11:05 AM
1069,flytecomm,,
160,aa,7:00 AM,9:55 AM
194,wunderground,6:00 AM,6:50 AM
1455,flightstats,6:00 AM,10:20 AM
2189,world-flight-tracker,12:15 PM,2:45 PM
1087,mytripandmore,11:35 AM,2:25 PM
686,helloflight,,
2149,mytripandmore,11:25 PM,6:55 AM
906,panynj,1:33 PM,4:31 PM
240,myrateplan,,
2315,ifly,7:45 PM,10:30 PM
2339,ua,4:16 PM,7:35 PM
1019,flights,,
34,flightview,,
1827,flytecomm,9:15 AM,12:18 PM
1378,flightwise,8:25 PM,11:31 PM
293,allegiantair,6:30 PM,7:25 PM
2193,foxbusiness,12:15 PM,2:45 PM
2344,flytecomm,,
2286,flightaware,7:45 PM,10:15 PM
1013,flightarrival,7:15 AM,11:35 AM
1602,gofox,,
677,ua,12:57 PM,5:15 PM
1435,flightview,,
400,wunderground,11:40 AM,12:51 PM
2320,myrateplan,9:45 AM,1:16 PM
2147,weather,11:25 PM,6:55 AM
80,flytecomm,,
1045,businesstravellogue,8:00 PM,9:45 PM
1814,boston,6:45 AM,7:45 AM
2125,flightexplorer,,
22,flightexplorer,,
1652,world-flight-tracker,11:50 AM,3:50 PM
2352,gofox,,
964,ord,10:40 AM,12:55 PM
2269,travelocity,11:15 AM,1:40 PM
2360,ifly,4:16 PM,7:35 PM
1263,flights,7:15 PM,12:21 AM
484,flytecomm,,
151,panynj,7:10 AM,3:30 PM
988,aa,7:15 AM,11:35 AM
2190,flightview,12:15 PM,2:45 PM
625,ua,2:30 PM,7:03 PM
959,allegiantair,10:40 AM,12:55 PM
2292,flylouisville,7:45 PM,10:30 PM
408,gofox,,
1769,flightexplorer,,
1973,helloflight,,
36,gofox,,
29,flights,,
446,businesstravellogue,,
690,flights,,
342,travelocity,11:05 AM,4:57 PM
1462,boston,,
1580,gofox,,
1905,weather,8:15 AM,10:06 AM
43,ifly,8:41 AM,9:54 AM
1262,wunderground,7:15 PM,11:52 PM
1753,flightstats,11:55 PM,5:50 AM
1143,flightstats,8:29 PM,9:24 AM
2063,travelocity,3:05 PM,6:30 PM
667,gofox,5:30 PM,6:40 PM
697,flightview,12:57 PM,4:59 PM
565,world-flight-tracker,3:27 PM,5:05 PM
1063,flightarrival,8:00 PM,9:45 PM
1129,allegiantair,,
1332,flightaware,6:00 AM,6:30 AM
229,gofox,6:40 AM,9:25 AM
1691,flytecomm,,
1603,foxbusiness,,
1942,gofox,,
1503,flightstats,7:15 AM,10:35 AM
1131,orbitz,7:10 PM,10:48 PM
271,boston,,
1367,flightview,8:25 PM,11:50 PM
2347,flylouisville,,
1892,flights,,
1957,flightstats,11:25 AM,2:50 PM
258,ua,8:55 AM,11:45 AM
2294,quicktrip,7:45 PM,10:30 PM
1709,ord,4:00 PM,6:40 PM
1846,usatoday,9:15 AM,12:18 PM
1687,aa,4:00 PM,6:40 PM
490,flightstats,1:00 PM,2:35 PM
1304,airtravelcenter,,
709,orbitz,12:57 PM,4:43 PM
207,travelocity,6:00 AM,7:30 AM
1863,orbitz,1:45 PM,8:27 AM
1755,world-flight-tracker,11:55 PM,5:50 AM
245,flights,,
2222,travelocity,9:05 AM,12:35 PM
425,flightstats,12:00 PM,1:45 PM
769,wunderground,7:10 AM,10:09 AM
1491,flightwise,3:35 PM,3:50 PM
320,usatoday,9:05 AM,11:53 AM
1948,flightwise,5:25 PM,8:04 PM
2414,businesstravellogue,,
912,orbitz,1:33 PM,4:31 PM
513,businesstravellogue,6:00 AM,9:20 AM
894,myrateplan,,
1717,flightexplorer,4:25 PM,12:29 AM
1434,quicktrip,8:35 AM,10:40 AM
1778,flylouisville,7:10 AM,9:40 AM
1179,weather,7:25 AM,11:10 AM
2062,boston,3:05 PM,6:30 PM
971,flytecomm,,
1711,usatoday,4:00 PM,6:40 PM
820,wunderground,9:00 PM,12:05 AM
805,allegiantair,,
142,flightaware,7:10 AM,2:52 PM
643,weather,2:30 PM,7:03 PM
533,myrateplan,,
456,mytripandmore,10:39 AM,11:19 AM
1008,travelocity,7:15 AM,11:35 AM
1046,flylouisville,8:00 PM,9:45 PM
1124,quicktrip,7:10 PM,8:56 PM
306,helloflight,9:05 AM,11:53 AM
1191,flights,10:15 AM,12:10 PM
1140,flights,,
1558,gofox,7:10 AM,9:35 AM
1698,quicktrip,4:00 PM,6:40 PM
867,myrateplan,,
2395,businesstravellogue,,
1937,flylouisville,,
1634,weather,2:30 PM,6:15 PM
2427,airtravelcenter,7:35 AM,9:21 AM
859,travelocity,7:55 AM,11:05 AM
938,usatoday,,
980,gofox,8:00 AM,11:55 AM
998,flylouisville,7:15 AM,11:35 AM
585,quicktrip,7:05 AM,10:31 AM
664,panynj,6:00 PM,7:10 PM
301,flightwise,6:30 PM,7:08 PM
100,foxbusiness,,
916,ifly,1:33 PM,4:31 PM
1007,boston,7:15 AM,11:35 AM
558,helloflight,,
2218,gofox,9:05 AM,12:35 PM
129,boston,,
2257,flytecomm,,
153,foxbusiness,7:10 AM,3:30 PM
252,gofox,,
816,myrateplan,,
1002,flightview,7:15 AM,11:35 AM
161,flightexplorer,,
1167,flylouisville,7:25 AM,11:10 AM
2097,flightarrival,6:45 PM,9:10 PM
1862,travelocity,,
892,flightexplorer,,
834,orbitz,9:00 PM,12:15 AM
771,businesstravellogue,7:10 AM,10:45 AM
1667,myrateplan,4:00 PM,7:05 PM
1086,weather,11:35 AM,2:25 PM
1368,panynj,8:25 PM,11:50 PM
1856,flightview,,
369,weather,11:55 AM,6:17 PM
1160,myrateplan,,
1394,allegiantair,,
613,gofox,1:05 PM,2:35 PM
832,boston,9:00 PM,12:15 AM
155,boston,7:10 AM,3:30 PM
1854,businesstravellogue,,
1739,ifly,4:25 PM,12:29 AM
2167,foxbusiness,12:10 PM,2:15 PM
1330,helloflight,,
2135,flylouisville,11:25 PM,6:55 AM
2137,quicktrip,11:25 PM,6:55 AM
1028,allegiantair,,
420,flightaware,12:00 PM,1:35 PM
365,allegiantair,11:55 AM,6:17 PM
582,businesstravellogue,,
1467,aa,3:35 PM,4:00 PM
1595,flights,,
247,flylouisville,,
1625,world-flight-tracker,2:30 PM,6:15 PM
937,weather,7:35 AM,9:43 AM
314,foxbusiness,,
2105,wunderground,7:30 AM,7:50 AM
1292,quicktrip,8:05 AM,11:35 AM
2025,helloflight,7:00 PM,10:15 PM
1577,quicktrip,1:55 PM,7:53 PM
726,world-flight-tracker,10:40 AM,2:45 PM
1050,flightview,8:00 PM,9:45 PM
1073,businesstravellogue,11:35 AM,2:25 PM
2175,flightarrival,12:10 PM,2:15 PM
552,weather,3:50 PM,6:23 PM
1574,businesstravellogue,,
1176,boston,7:25 AM,11:10 AM
2171,orbitz,12:10 PM,2:15 PM
537,wunderground,3:50 PM,6:00 PM
1766,ord,11:55 PM,5:50 AM
1807,quicktrip,6:45 AM,7:45 AM
2258,flights,,
872,flights,2:35 PM,4:05 PM
914,ord,1:33 PM,4:31 PM
2042,usatoday,,
954,world-flight-tracker,10:40 AM,12:55 PM
113,airtravelcenter,,
1644,flytecomm,,
715,airtravelcenter,,
283,flights,6:30 PM,7:25 PM
795,flytecomm,2:55 PM,4:49 PM
910,boston,1:33 PM,4:31 PM
2411,helloflight,,
1788,travelocity,7:10 AM,9:40 AM
1707,orbitz,4:00 PM,6:40 PM
1969,aa,12:00 PM,3:15 PM
106,orbitz,12:30 PM,3:19 PM
60,flightview,1:30 PM,3:50 PM
1359,flightaware,8:25 PM,11:31 PM
329,wunderground,11:05 AM,4:37 PM
1605,boston,,
656,businesstravellogue,5:30 PM,6:40 PM
2096,flightwise,6:45 PM,9:00 PM
1997,myrateplan,,
2391,flytecomm,1:29 PM,4:17 PM
2407,aa,10:45 AM,2:20 PM
1735,boston,4:25 PM,12:29 AM
2373,flightstats,11:08 PM,5:11 AM
1246,gofox,4:15 PM,7:55 PM
119,flights,,
1799,helloflight,,
1523,flightaware,10:40 AM,2:35 PM
2287,flightaware,7:45 PM,10:15 PM
637,gofox,,
1771,myrateplan,,
5,flytecomm,,
171,flightstats,7:00 AM,9:55 AM
44,usatoday,8:41 AM,9:54 AM
1896,quicktrip,8:15 AM,10:06 AM
46,flightwise,8:41 AM,9:34 AM
1745,flightexplorer,11:55 PM,5:50 AM
324,airtravelcenter,,
1633,orbitz,2:46 PM,6:15 PM
350,myrateplan,,
135,flightarrival,8:20 PM,9:20 PM
2150,aa,12:10 PM,2:15 PM
1033,ifly,2:53 PM,4:48 PM
863,flightarrival,7:55 AM,11:05 AM
2085,panynj,6:45 PM,9:10 PM
2233,flightaware,2:55 PM,5:17 PM
946,flytecomm,,
364,foxbusiness,11:55 AM,6:17 PM
903,quicktrip,1:33 PM,4:31 PM
219,flightaware,6:40 AM,8:54 AM
1270,panynj,7:15 PM,12:21 AM
2390,helloflight,1:29 PM,4:17 PM
1722,flightaware,4:25 PM,12:29 AM
1269,flightview,7:15 PM,12:21 AM
2013,boston,8:35 AM,11:50 AM
478,flightarrival,12:30 AM,5:35 PM
212,mytripandmore,6:00 AM,7:30 AM
2090,travelocity,6:45 PM,9:10 PM
1326,aa,6:00 AM,6:40 AM
1536,travelocity,10:40 AM,2:59 PM
868,helloflight,,
1505,world-flight-tracker,7:15 AM,10:35 AM
1903,travelocity,,
1779,flightstats,7:10 AM,9:40 AM
1324,weather,4:00 PM,6:46 PM
1882,travelocity,2:55 PM,5:00 PM
1249,boston,4:15 PM,7:55 PM
1171,flightview,7:25 AM,11:10 AM
539,businesstravellogue,3:50 PM,6:23 PM
1852,flytecomm,,
2306,allegiantair,7:45 PM,10:30 PM
1496,helloflight,,
2434,businesstravellogue,,
617,travelocity,1:05 PM,2:35 PM
1300,orbitz,8:05 AM,11:35 AM
1257,airtravelcenter,7:15 PM,12:21 AM
1746,airtravelcenter,,
2127,airtravelcenter,,
313,gofox,,
51,myrateplan,,
1310,flights,4:00 PM,6:46 PM
1836,flightview,9:15 AM,12:18 PM
2310,travelocity,7:45 PM,10:30 PM
1656,foxbusiness,11:50 AM,3:50 PM
689,flights,12:57 PM,5:15 PM
483,helloflight,,
2397,flightstats,1:29 PM,4:17 PM
2355,boston,,
1427,myrateplan,,
442,myrateplan,,
1497,flytecomm,,
787,usatoday,7:10 AM,10:45 AM
1204,orbitz,10:15 AM,12:10 PM
1014,CO,2:53 PM,4:48 PM
1509,foxbusiness,7:15 AM,10:35 AM
778,gofox,7:10 AM,10:45 AM
1384,flytecomm,8:40 AM,10:54 AM
2181,flytecomm,,
47,flightarrival,8:41 AM,9:54 AM
1565,ord,7:10 AM,9:35 AM
962,orbitz,10:40 AM,12:55 PM
1299,travelocity,8:05 AM,11:35 AM
458,flightexplorer,,
574,weather,3:27 PM,5:05 PM
1442,orbitz,8:35 AM,10:40 AM
2345,flights,,
2145,travelocity,11:25 PM,6:55 AM
1240,flylouisville,4:15 PM,7:55 PM
2374,quicktrip,11:08 PM,5:11 AM
2116,allegiantair,7:30 AM,8:00 AM
279,helloflight,,
696,quicktrip,12:57 PM,5:15 PM
1012,usatoday,7:15 AM,11:35 AM
1557,panynj,7:10 AM,9:35 AM
1042,flightaware,8:00 PM,9:25 PM
26,flytecomm,,
874,flylouisville,2:35 PM,4:05 PM
371,aa,11:25 AM,5:25 PM
945,helloflight,,
2003,businesstravellogue,8:35 AM,11:50 AM
1404,helloflight,,
52,helloflight,,
236,usatoday,6:40 AM,9:25 AM
529,mytripandmore,6:00 AM,9:20 AM
970,helloflight,,
1207,mytripandmore,10:15 AM,12:10 PM
1372,boston,8:25 PM,11:50 PM
1420,travelocity,6:59 AM,10:34 AM
2378,foxbusiness,11:08 PM,5:11 AM
1955,businesstravellogue,,
1267,quicktrip,7:15 PM,12:21 AM
466,flightstats,12:30 AM,5:35 PM
2056,world-flight-tracker,3:05 PM,6:30 PM
460,myrateplan,12:30 AM,5:35 PM
2038,allegiantair,,
602,flytecomm,,
950,businesstravellogue,10:40 AM,12:55 PM
1947,usatoday,,
2194,allegiantair,12:15 PM,2:45 PM
2002,flights,8:35 AM,11:50 AM
1174,foxbusiness,7:25 AM,11:10 AM
1486,allegiantair,,
31,flylouisville,,
195,flights,6:00 AM,7:30 AM
724,flightstats,10:40 AM,2:45 PM
419,flytecomm,,
534,helloflight,,
2026,flytecomm,7:00 PM,10:15 PM
2080,flylouisville,6:45 PM,9:10 PM
2107,businesstravellogue,7:30 AM,8:00 AM
28,wunderground,8:41 AM,9:34 AM
1076,quicktrip,11:35 AM,2:25 PM
325,myrateplan,,
1261,flightaware,7:15 PM,11:52 PM
2017,sfo,,11:50 AM
1818,mco,,7:45 AM
1607,orbitz,11:45 AM,2:00 PM
1316,flightview,4:00 PM,6:46 PM
1121,businesstravellogue,,
1529,quicktrip,10:40 AM,2:59 PM
332,flylouisville,11:05 AM,4:57 PM
1507,panynj,7:15 AM,10:35 AM
760,mytripandmore,2:30 PM,7:03 PM
758,orbitz,2:30 PM,7:03 PM
1908,airtravelcenter,,
634,quicktrip,2:30 PM,7:03 PM
693,flylouisville,12:57 PM,5:15 PM
1963,allegiantair,,
2033,quicktrip,7:00 PM,10:15 PM
1793,flightwise,7:10 AM,9:30 AM
2004,flylouisville,8:35 AM,11:50 AM
178,allegiantair,7:00 AM,9:55 AM
1409,businesstravellogue,6:59 AM,10:34 AM
516,quicktrip,6:00 AM,9:20 AM
2058,panynj,3:05 PM,6:30 PM
1385,flights,,
1214,flights,,
203,gofox,6:00 AM,7:30 AM
2351,panynj,,
2223,orbitz,10:00 AM,12:35 PM
1592,myrateplan,,
766,helloflight,,
890,usatoday,2:35 PM,4:05 PM
1099,quicktrip,6:00 AM,7:23 AM
1380,CO,8:40 AM,10:54 AM
1067,myrateplan,,
1043,wunderground,8:00 PM,9:25 PM
1838,gofox,9:15 AM,12:18 PM
924,helloflight,,
2237,flylouisville,2:55 PM,5:55 PM
1423,mia,,10:34 AM
368,orbitz,11:55 AM,6:17 PM
996,flights,7:15 AM,11:35 AM
1224,boston,,
963,weather,10:40 AM,12:55 PM
37,foxbusiness,,
811,flightarrival,,
1585,orbitz,2:22 PM,7:53 PM
1130,boston,,
1767,usatoday,11:55 PM,5:50 AM
1895,flightstats,8:15 AM,10:06 AM
1564,weather,7:10 AM,9:35 AM
288,world-flight-tracker,6:30 PM,7:25 PM
1309,wunderground,4:00 PM,6:34 PM
1803,flights,6:45 AM,7:45 AM
748,flylouisville,,
554,flightarrival,3:50 PM,6:23 PM
2359,ord,4:16 PM,7:35 PM
2061,allegiantair,3:05 PM,6:30 PM
433,boston,12:00 PM,1:45 PM
2343,helloflight,,
1593,helloflight,,
842,myrateplan,,
322,flightarrival,9:05 AM,11:53 AM
1415,panynj,6:59 AM,10:34 AM
838,mytripandmore,9:00 PM,12:15 AM
1598,flightstats,11:45 AM,2:00 PM
1115,myrateplan,7:10 AM,8:56 PM
2071,flightexplorer,,
559,flytecomm,,
78,helloflight,,
997,businesstravellogue,7:15 AM,11:35 AM
1388,flightstats,8:40 AM,10:54 AM
1108,orbitz,6:14 AM,7:23 AM
1150,boston,,
725,quicktrip,10:40 AM,2:45 PM
630,flights,,
2156,flightaware,12:10 PM,2:05 PM
791,CO,2:55 PM,4:49 PM
1927,flightarrival,,
2333,boston,,
1389,quicktrip,8:40 AM,10:54 AM
1447,CO,6:00 AM,10:20 AM
526,weather,6:00 AM,9:20 AM
1331,flytecomm,,
898,wunderground,1:33 PM,4:20 PM
1488,orbitz,3:35 PM,4:00 PM
215,airtravelcenter,,
779,foxbusiness,7:10 AM,10:45 AM
2302,gofox,7:45 PM,10:30 PM
1023,quicktrip,2:53 PM,4:48 PM
2372,flylouisville,11:08 PM,5:11 AM
1785,foxbusiness,7:10 AM,9:40 AM
2078,flights,6:45 PM,9:10 PM
1783,panynj,7:10 AM,9:40 AM
1443,weather,8:35 AM,10:40 AM
2146,orbitz,11:25 PM,6:55 AM
1881,boston,,
2055,quicktrip,3:05 PM,6:30 PM
955,flightview,10:40 AM,12:55 PM
1976,wunderground,12:00 PM,2:47 PM
2174,mytripandmore,12:10 PM,2:15 PM
495,gofox,1:00 PM,2:35 PM
911,travelocity,,4:31 PM
1791,ord,7:10 AM,9:40 AM
19,weather,2:55 PM,4:53 PM
2353,foxbusiness,,
311,flightview,,
655,flights,5:30 PM,6:40 PM
1548,flightaware,7:10 AM,9:00 AM
2337,mytripandmore,9:45 AM,1:16 PM
1606,travelocity,11:45 AM,2:00 PM
2430,flytecomm,7:35 AM,9:21 AM
1992,ifly,12:00 PM,3:15 PM
1971,airtravelcenter,,
1011,ord,7:15 AM,11:35 AM
847,flights,7:55 AM,11:05 AM
2317,mytripandmore,7:45 PM,10:30 PM
1519,airtravelcenter,,
1842,travelocity,9:15 AM,12:18 PM
1784,gofox,7:10 AM,9:40 AM
1866,ua,2:55 PM,5:00 PM
2418,gofox,,
905,flightview,1:33 PM,4:31 PM
1061,usatoday,8:00 PM,9:45 PM
581,flights,,
776,flightview,7:10 AM,10:45 AM
756,boston,,
1817,weather,6:45 AM,7:45 AM
893,airtravelcenter,,
263,flights,,
74,airtravelcenter,,
767,flytecomm,,
511,wunderground,6:00 AM,8:51 AM
1053,foxbusiness,8:00 PM,9:45 PM
1365,quicktrip,8:25 PM,11:50 PM
2226,mytripandmore,9:05 AM,12:35 PM
680,flightexplorer,1:09 PM,4:52 PM
1765,weather,11:55 PM,5:50 AM
341,boston,11:05 AM,4:57 PM
63,foxbusiness,1:30 PM,3:50 PM
586,flightview,,
975,flightstats,8:00 AM,11:55 AM
2159,businesstravellogue,12:10 PM,2:15 PM
270,allegiantair,,
95,flightview,,
2368,flightaware,11:08 PM,5:08 AM
2010,gofox,8:35 AM,11:50 AM
2207,flytecomm,,
485,flightaware,1:00 PM,2:14 PM
2044,aa,3:05 PM,6:30 PM
1218,quicktrip,10:25 AM,6:44 PM
1741,mytripandmore,4:25 PM,12:29 AM
2357,weather,4:16 PM,7:35 PM
1542,aa,7:10 AM,9:35 AM
2295,world-flight-tracker,7:45 PM,10:30 PM
2087,foxbusiness,6:45 PM,9:10 PM
702,gofox,,
396,myrateplan,11:40 AM,1:17 PM
2045,airtravelcenter,,
102,allegiantair,,
1413,world-flight-tracker,6:59 AM,10:34 AM
2184,flights,12:15 PM,2:45 PM
722,businesstravellogue,10:40 AM,2:45 PM
2084,flightview,6:45 PM,9:10 PM
1829,wunderground,9:15 AM,12:08 PM
308,flights,,
2394,flights,,
1219,flightview,,
1362,businesstravellogue,8:25 PM,11:50 PM
181,orbitz,7:00 AM,9:55 AM
1513,orbitz,7:15 AM,10:35 AM
1673,businesstravellogue,4:00 PM,7:05 PM
2011,foxbusiness,8:35 AM,11:50 AM
915,phl,,4:31 PM
2179,myrateplan,,
1302,flightarrival,,
2132,wunderground,11:25 PM,6:30 AM
15,allegiantair,,
1909,myrateplan,,
716,myrateplan,,
2081,flightstats,6:45 PM,9:10 PM
250,flightview,,
2338,flightarrival,9:45 AM,1:16 PM
784,weather,7:10 AM,10:45 AM
2428,myrateplan,7:35 AM,9:21 AM
1579,panynj,,
305,myrateplan,9:05 AM,11:53 AM
1528,flightstats,10:40 AM,2:59 PM
2068,flightwise,3:05 PM,5:57 PM
1731,panynj,4:25 PM,12:29 AM
1720,helloflight,,
1958,quicktrip,11:25 AM,2:50 PM
812,aa,9:00 PM,12:15 AM
2413,flights,,
507,myrateplan,,
1925,weather,7:53 AM,1:39 PM
344,weather,11:05 AM,4:57 PM
1146,panynj,,
1657,allegiantair,11:50 AM,3:50 PM
123,quicktrip,8:20 PM,9:20 PM
107,orbitz,12:30 PM,3:03 PM
626,airtravelcenter,2:30 PM,7:03 PM
1535,boston,10:40 AM,2:59 PM
2376,panynj,11:08 PM,5:11 AM
1417,foxbusiness,6:59 AM,10:34 AM
1156,flightarrival,8:29 PM,9:24 AM
1425,aa,6:59 AM,10:40 AM
765,myrateplan,,
1982,world-flight-tracker,12:00 PM,3:15 PM
1162,flytecomm,,
877,world-flight-tracker,2:35 PM,4:05 PM
169,businesstravellogue,7:00 AM,9:55 AM
221,flights,6:40 AM,9:25 AM
2066,sfo,,6:30 PM
1479,flylouisville,,
2082,quicktrip,6:45 PM,9:10 PM
1627,panynj,2:30 PM,6:15 PM
2217,panynj,9:05 AM,12:35 PM
983,boston,8:00 AM,11:55 AM
2198,weather,12:15 PM,2:45 PM
295,travelocity,6:30 PM,7:25 PM
1245,panynj,4:15 PM,7:55 PM
1502,flylouisville,7:15 AM,10:35 AM
714,flightexplorer,,
209,weather,6:00 AM,7:30 AM
2274,aa,7:45 PM,10:30 PM
801,flightview,,
672,boston,5:30 PM,6:40 PM
182,weather,7:00 AM,9:55 AM
1352,flightarrival,6:00 AM,6:40 AM
473,boston,,
1666,airtravelcenter,4:00 PM,7:05 PM
1926,usatoday,7:53 AM,1:39 PM
1518,aa,10:40 AM,2:59 PM
1078,flightview,11:35 AM,2:25 PM
1307,flytecomm,,
523,boston,6:00 AM,9:20 AM
2437,quicktrip,7:35 AM,9:21 AM
1453,businesstravellogue,,
958,foxbusiness,10:40 AM,12:55 PM
2419,foxbusiness,,
2405,orbitz,1:29 PM,4:17 PM
1406,flightaware,6:59 AM,9:25 AM
521,foxbusiness,6:00 AM,9:20 AM
199,quicktrip,6:00 AM,7:30 AM
1320,allegiantair,4:00 PM,6:46 PM
596,flightarrival,,
285,flylouisville,6:30 PM,7:25 PM
1954,flights,,
1119,wunderground,7:27 PM,8:46 PM
804,foxbusiness,,
584,flightstats,7:05 AM,10:31 AM
1418,allegiantair,6:59 AM,10:34 AM
1190,wunderground,10:15 AM,11:43 AM
968,airtravelcenter,,
482,myrateplan,,
1349,ifly,6:00 AM,6:40 AM
1303,ua,4:00 PM,6:46 PM
1192,businesstravellogue,10:15 AM,12:10 PM
470,gofox,,
652,flightaware,5:30 PM,6:15 PM
777,panynj,7:10 AM,10:45 AM
953,quicktrip,10:40 AM,12:55 PM
185,mytripandmore,7:00 AM,9:55 AM
1759,foxbusiness,11:55 PM,5:50 AM
1478,businesstravellogue,,
504,aa,6:00 AM,9:20 AM
1148,foxbusiness,,
94,flightview,,
2271,weather,11:15 AM,1:40 PM
682,airtravelcenter,,
220,wunderground,6:40 AM,8:54 AM
2354,allegiantair,,
1241,flightstats,4:15 PM,7:55 PM
131,orbitz,8:20 PM,9:18 PM
2154,helloflight,,
824,flightstats,9:00 PM,12:15 AM
1327,flightexplorer,,
115,helloflight,,
1847,flightarrival,9:15 AM,12:18 PM
887,ord,2:35 PM,4:05 PM
96,panynj,,
81,flytecomm,,
932,foxbusiness,,
1845,mco,,12:18 PM
55,wunderground,1:30 PM,3:50 PM
2134,businesstravellogue,11:25 PM,6:55 AM
1474,flightaware,3:35 PM,3:50 PM
1619,wunderground,2:30 PM,5:40 PM
1872,businesstravellogue,,
839,aa,7:55 AM,11:05 AM
790,flightarrival,7:10 AM,10:45 AM
2379,allegiantair,11:08 PM,5:11 AM
1471,helloflight,3:35 PM,4:00 PM
124,flightview,,
1009,orbitz,7:15 AM,11:35 AM
2279,airtravelcenter,,
1238,flights,4:15 PM,7:55 PM
2340,flightexplorer,,
1089,ua,6:00 AM,7:23 AM
40,travelocity,,
544,flightview,3:50 PM,6:23 PM
1233,myrateplan,,
424,flylouisville,12:00 PM,1:45 PM
772,flylouisville,7:10 AM,10:45 AM
2209,wunderground,9:05 AM,12:12 PM
721,flights,10:40 AM,2:45 PM
193,flightaware,6:00 AM,6:50 AM
1407,wunderground,6:59 AM,9:25 AM
475,weather,12:30 AM,5:35 PM
204,foxbusiness,6:00 AM,7:30 AM
25,helloflight,,
8,flylouisville,,
644,ifly,2:30 PM,7:03 PM
61,panynj,1:30 PM,3:50 PM
1672,flights,4:00 PM,7:05 PM
476,ifly,12:30 AM,5:35 PM
1031,orbitz,2:53 PM,4:48 PM
1586,weather,1:55 PM,7:53 PM
265,flylouisville,,
1999,flytecomm,,
118,wunderground,8:20 PM,9:10 PM
1082,allegiantair,11:35 AM,2:25 PM
2276,flightexplorer,,
1126,panynj,,
452,allegiantair,,
2221,boston,9:05 AM,12:35 PM
1945,boston,,
1883,orbitz,2:55 PM,5:00 PM
807,travelocity,2:55 PM,4:49 PM
698,flightview,,
1974,flytecomm,,
1710,ifly,4:00 PM,6:40 PM
1105,boston,,
1972,myrateplan,,
213,flightwise,6:00 AM,6:50 AM
1545,myrateplan,,
385,boston,,
1993,flightarrival,12:00 PM,3:15 PM
109,usatoday,,
172,quicktrip,7:00 AM,9:55 AM
542,quicktrip,3:50 PM,6:23 PM
360,world-flight-tracker,11:55 AM,6:17 PM
177,foxbusiness,7:00 AM,9:55 AM
352,flytecomm,,
1901,allegiantair,,
1109,weather,6:00 AM,7:23 AM
2060,foxbusiness,3:05 PM,6:30 PM
761,flightarrival,2:30 PM,7:03 PM
1448,airtravelcenter,6:00 AM,10:20 AM
491,quicktrip,1:00 PM,2:35 PM
1070,flightaware,11:35 AM,1:57 PM
1184,flightexplorer,,
267,panynj,,
321,mytripandmore,9:05 AM,11:53 AM
2236,businesstravellogue,2:55 PM,5:55 PM
593,orbitz,7:05 AM,10:31 AM
624,flightwise,1:05 PM,2:17 PM
855,gofox,7:55 AM,11:05 AM
82,flightaware,12:30 PM,2:48 PM
1416,gofox,6:59 AM,10:34 AM
269,foxbusiness,,
1743,aa,11:55 PM,5:50 AM
1608,weather,11:45 AM,2:00 PM
900,businesstravellogue,1:33 PM,4:31 PM
1648,businesstravellogue,11:50 AM,3:50 PM
268,gofox,,
98,gofox,,
2264,panynj,,
143,wunderground,7:10 AM,2:52 PM
1274,boston,7:15 PM,12:21 AM
943,airtravelcenter,,
531,ua,3:50 PM,6:23 PM
379,flylouisville,,
1631,boston,2:30 PM,6:15 PM
1962,foxbusiness,,
62,gofox,1:30 PM,3:50 PM
2416,flightview,,
1703,foxbusiness,4:00 PM,6:40 PM
1562,travelocity,7:10 AM,9:35 AM
782,travelocity,7:10 AM,10:45 AM
2088,allegiantair,6:45 PM,9:10 PM
1848,ua,1:45 PM,8:27 AM
862,usatoday,7:55 AM,11:05 AM
1096,businesstravellogue,,
1812,foxbusiness,6:45 AM,7:45 AM
627,myrateplan,2:30 PM,7:03 PM
23,airtravelcenter,,
629,flytecomm,2:30 PM,7:03 PM
1194,flightstats,10:15 AM,12:10 PM
1612,ua,2:30 PM,6:15 PM
1578,flightview,,
1719,myrateplan,,
2182,flightaware,12:15 PM,2:35 PM
774,quicktrip,7:10 AM,10:45 AM
2342,myrateplan,,
384,allegiantair,,
349,airtravelcenter,,
2027,flightaware,7:00 PM,9:40 PM
1734,allegiantair,4:25 PM,12:29 AM
2119,orbitz,7:30 AM,8:00 AM
351,helloflight,,
658,flylouisville,5:30 PM,6:40 PM
1516,ifly,7:15 AM,10:35 AM
2328,flightview,,
1254,mia,,7:55 PM
1419,boston,6:59 AM,10:34 AM
1093,helloflight,,
1094,flytecomm,,
1301,weather,8:05 AM,11:35 AM
1481,quicktrip,3:35 PM,4:00 PM
435,orbitz,12:00 PM,1:45 PM
1403,myrateplan,,
1712,mytripandmore,4:00 PM,6:40 PM
688,flytecomm,,
1477,flights,,
217,helloflight,,
4,helloflight,,
1268,world-flight-tracker,7:15 PM,12:21 AM
388,weather,11:25 AM,5:25 PM
2109,flightstats,7:30 AM,8:00 AM
2074,helloflight,,
459,airtravelcenter,12:30 AM,5:35 PM
1967,den,11:25 AM,
865,flightexplorer,,
2052,businesstravellogue,3:05 PM,6:30 PM
264,businesstravellogue,,
1520,myrateplan,,
1576,flightstats,1:55 PM,7:53 PM
1286,helloflight,8:05 AM,11:35 AM
764,airtravelcenter,,
2273,flightarrival,,
24,myrateplan,,
1260,flytecomm,7:15 PM,12:21 AM
1458,panynj,,
753,gofox,,
201,flightview,6:00 AM,7:30 AM
202,panynj,6:00 AM,7:30 AM
1282,CO,8:05 AM,11:35 AM
2299,panynj,7:45 PM,10:30 PM
1039,myrateplan,,
1870,flytecomm,,
1501,businesstravellogue,7:15 AM,10:35 AM
1678,flightview,4:00 PM,7:05 PM
2433,flights,,
564,quicktrip,3:27 PM,5:05 PM
883,boston,2:35 PM,4:05 PM
700,panynj,,
2324,businesstravellogue,,
2398,quicktrip,1:29 PM,4:17 PM
472,allegiantair,,
33,quicktrip,8:41 AM,9:54 AM
272,orbitz,8:55 AM,12:05 PM
1594,flytecomm,,
904,world-flight-tracker,1:33 PM,4:31 PM
1679,panynj,4:00 PM,7:05 PM
1681,foxbusiness,4:00 PM,7:05 PM
821,flights,9:00 PM,12:15 AM
471,foxbusiness,,
1918,panynj,,
1026,gofox,,
1193,flylouisville,10:15 AM,12:10 PM
592,travelocity,7:05 AM,10:31 AM
7,businesstravellogue,,
901,flylouisville,1:33 PM,4:31 PM
2388,airtravelcenter,1:29 PM,4:17 PM
1748,helloflight,,
2312,orbitz,7:45 PM,10:30 PM
826,world-flight-tracker,9:00 PM,12:15 AM
2,airtravelcenter,,
1840,allegiantair,9:15 AM,12:18 PM
1789,orbitz,7:10 AM,9:40 AM
941,aa,10:40 AM,12:55 PM
1900,foxbusiness,,
312,panynj,,
235,weather,6:40 AM,9:25 AM
1802,wunderground,6:45 AM,7:25 AM
101,foxbusiness,,
2441,foxbusiness,,
1199,gofox,10:15 AM,12:10 PM
319,weather,9:05 AM,11:53 AM
197,flylouisville,6:00 AM,7:30 AM
793,myrateplan,2:55 PM,4:49 PM
1597,flylouisville,,
942,flightexplorer,,
1699,world-flight-tracker,4:00 PM,6:40 PM
2151,flightexplorer,,
1575,flylouisville,,
2389,myrateplan,1:29 PM,4:17 PM
622,ifly,1:05 PM,2:35 PM
1624,quicktrip,2:30 PM,6:15 PM
2180,helloflight,,
1953,flytecomm,11:25 AM,2:50 PM
701,gofox,12:57 PM,4:59 PM
1217,flightstats,10:25 AM,6:44 PM
411,boston,,
465,flylouisville,,
1935,flights,,
636,panynj,,
2169,boston,12:10 PM,2:15 PM
2263,flightview,,
1354,flightexplorer,8:25 PM,11:50 PM
2285,flytecomm,,
86,flights,,
1,ua,2:55 PM,4:53 PM
1010,weather,7:15 AM,11:35 AM
372,flightexplorer,,
1510,allegiantair,7:15 AM,10:35 AM
17,travelocity,2:55 PM,4:53 PM
1054,allegiantair,8:00 PM,9:45 PM
1071,wunderground,11:35 AM,1:57 PM
2166,gofox,12:10 PM,2:15 PM
573,orbitz,3:27 PM,5:05 PM
130,travelocity,8:20 PM,9:20 PM
614,foxbusiness,1:05 PM,2:35 PM
1465,weather,6:00 AM,10:20 AM
2330,gofox,,
1885,ifly,2:55 PM,5:00 PM
2143,allegiantair,11:25 PM,6:55 AM
1493,flightexplorer,,
2363,flightexplorer,,
2256,helloflight,,
628,helloflight,2:30 PM,7:03 PM
196,businesstravellogue,6:00 AM,7:30 AM
186,flightarrival,7:00 AM,9:55 AM
1357,helloflight,,
1104,allegiantair,,
2092,weather,6:45 PM,9:10 PM
2385,flightarrival,11:08 PM,5:11 AM
802,panynj,,
1897,flightview,,
206,boston,6:00 AM,7:30 AM
401,flights,,
92,flightstats,12:30 PM,3:19 PM
1317,panynj,4:00 PM,6:46 PM
1630,allegiantair,2:30 PM,6:15 PM
1175,allegiantair,7:25 AM,11:10 AM
1485,foxbusiness,,
83,flightaware,12:30 PM,2:48 PM
1112,flightarrival,6:00 AM,7:23 AM
2239,quicktrip,2:55 PM,5:55 PM
1166,businesstravellogue,7:25 AM,11:10 AM
1628,gofox,2:30 PM,6:15 PM
273,usatoday,,
340,allegiantair,11:05 AM,4:57 PM
1587,ord,1:55 PM,7:53 PM
2250,mco,,5:55 PM
1946,orbitz,5:25 PM,8:22 PM
1064,aa,11:35 AM,2:25 PM
97,panynj,,
1756,flightview,11:55 PM,5:50 AM
85,wunderground,12:30 PM,2:48 PM
818,flytecomm,,
1255,usatoday,4:15 PM,7:55 PM
1571,helloflight,,
1737,orbitz,4:25 PM,12:29 AM
703,foxbusiness,12:57 PM,4:59 PM
1539,dfw,10:40 AM,
2387,flightexplorer,,
885,orbitz,2:35 PM,4:05 PM
2415,flylouisville,,
1977,flights,12:00 PM,3:15 PM
620,den,,2:35 PM
1508,gofox,7:15 AM,10:35 AM
1835,world-flight-tracker,9:15 AM,12:18 PM
1944,allegiantair,,
639,allegiantair,,
852,world-flight-tracker,7:55 AM,11:05 AM
1386,businesstravellogue,,
979,panynj,8:00 AM,11:55 AM
141,flytecomm,,
1616,helloflight,,
1337,flightstats,6:00 AM,6:40 AM
49,flightexplorer,1:30 PM,3:50 PM
1052,gofox,8:00 PM,9:45 PM
951,flylouisville,10:40 AM,12:55 PM
1964,boston,,
2213,flightstats,9:05 AM,12:35 PM
1392,gofox,,
2077,wunderground,6:45 PM,9:00 PM
960,boston,10:40 AM,12:55 PM
2367,flytecomm,11:08 PM,5:11 AM
13,gofox,,
1834,quicktrip,9:15 AM,12:18 PM
1035,mytripandmore,2:53 PM,4:48 PM
986,weather,8:00 AM,11:55 AM
1921,allegiantair,,
174,flightview,7:00 AM,9:55 AM
1782,flightview,7:10 AM,9:40 AM
1374,orbitz,8:25 PM,11:50 PM
2265,gofox,,
2118,travelocity,7:30 AM,8:00 AM
1048,quicktrip,8:00 PM,9:45 PM
330,flights,11:05 AM,4:57 PM
607,flylouisville,1:05 PM,2:35 PM
387,orbitz,11:25 AM,5:25 PM
562,flylouisville,3:27 PM,5:05 PM
303,ua,9:05 AM,11:53 AM
2349,quicktrip,4:16 PM,7:35 PM
1531,panynj,10:40 AM,2:59 PM
347,flightwise,11:05 AM,4:37 PM
356,businesstravellogue,11:55 AM,6:17 PM
1463,travelocity,6:00 AM,10:20 AM
1820,mytripandmore,6:45 AM,7:45 AM
1704,allegiantair,4:00 PM,6:40 PM
797,businesstravellogue,,
2410,myrateplan,,
1348,weather,6:00 AM,6:40 AM
218,flytecomm,,
604,wunderground,1:05 PM,2:17 PM
884,travelocity,2:35 PM,4:05 PM
454,orbitz,10:39 AM,11:19 AM
1912,flights,,
1229,flightarrival,10:25 AM,6:44 PM
530,flightarrival,6:00 AM,9:20 AM
328,flightaware,11:05 AM,4:37 PM
1960,panynj,,
1841,boston,9:15 AM,12:18 PM
1800,flytecomm,,
2435,flylouisville,,
1376,dfw,8:25 PM,
939,mytripandmore,,
895,helloflight,,
2248,orbitz,2:55 PM,5:55 PM
1248,allegiantair,4:15 PM,7:55 PM
798,flylouisville,,
1830,flights,9:15 AM,12:18 PM
1822,CO,9:15 AM,12:18 PM
2231,helloflight,,
1567,flightwise,7:10 AM,9:00 AM
934,boston,,
1936,businesstravellogue,,
2234,wunderground,2:55 PM,5:17 PM
1157,aa,7:25 AM,11:10 AM
1259,helloflight,7:15 PM,12:21 AM
297,weather,6:30 PM,7:25 PM
374,myrateplan,,
1005,foxbusiness,7:15 AM,11:35 AM
561,businesstravellogue,3:27 PM,5:05 PM
608,flightstats,1:05 PM,2:35 PM
1428,helloflight,,
467,quicktrip,12:30 AM,5:35 PM
1475,wunderground,3:35 PM,3:50 PM
2165,panynj,12:10 PM,2:15 PM
2197,orbitz,12:15 PM,2:45 PM
1772,helloflight,,
1581,foxbusiness,,
1983,flightview,12:00 PM,3:15 PM
1271,gofox,7:15 PM,12:21 AM
1136,airtravelcenter,,
2086,gofox,6:45 PM,9:10 PM
1391,panynj,,
1258,myrateplan,7:15 PM,12:21 AM
2072,airtravelcenter,,
1334,flights,6:00 AM,6:40 AM
541,flightstats,3:50 PM,6:23 PM
1402,airtravelcenter,,
1572,flytecomm,,
2406,flightarrival,1:29 PM,4:17 PM
208,orbitz,6:00 AM,7:30 AM
144,flights,7:10 AM,3:30 PM
1106,travelocity,,
1956,flylouisville,,
570,allegiantair,3:27 PM,5:05 PM
2289,wunderground,7:45 PM,10:15 PM
122,flightstats,8:20 PM,9:20 PM
1051,panynj,8:00 PM,9:45 PM
501,weather,1:00 PM,2:35 PM
755,allegiantair,,
397,helloflight,11:40 AM,1:17 PM
1796,flightexplorer,,
1541,flightarrival,10:40 AM,2:59 PM
590,allegiantair,,
2402,foxbusiness,,
1524,wunderground,10:40 AM,2:35 PM
796,flights,,
648,airtravelcenter,,
1460,foxbusiness,,
1243,world-flight-tracker,4:15 PM,7:55 PM
1831,businesstravellogue,9:15 AM,12:18 PM
1321,boston,4:00 PM,6:46 PM
1692,flightaware,4:00 PM,6:00 PM
973,businesstravellogue,8:00 AM,11:55 AM
913,weather,1:33 PM,4:31 PM
461,helloflight,12:30 AM,5:35 PM
1786,allegiantair,7:10 AM,9:40 AM
1252,weather,4:15 PM,7:55 PM
1940,flightview,,
1027,foxbusiness,,
1470,myrateplan,3:35 PM,4:00 PM
549,boston,3:50 PM,6:23 PM
2014,travelocity,8:35 AM,11:50 AM
499,travelocity,1:00 PM,2:35 PM
921,flightexplorer,,
1306,helloflight,,
422,flights,12:00 PM,1:45 PM
1996,airtravelcenter,,
157,orbitz,7:10 AM,3:30 PM
1898,panynj,,
520,gofox,6:00 AM,9:20 AM
152,gofox,7:10 AM,3:30 PM
587,panynj,,
260,myrateplan,8:55 AM,11:45 AM
1495,myrateplan,,
1685,orbitz,4:00 PM,7:05 PM
1400,aa,6:59 AM,10:34 AM
1623,flightstats,2:30 PM,6:15 PM
1858,gofox,,
1439,allegiantair,,
292,foxbusiness,6:30 PM,7:25 PM
928,flylouisville,,
1074,flylouisville,11:35 AM,2:25 PM
1913,businesstravellogue,,
2035,panynj,,
1752,flylouisville,11:55 PM,5:50 AM
2101,myrateplan,,
1340,flightview,6:00 AM,6:40 AM
489,flylouisville,1:00 PM,2:35 PM
120,businesstravellogue,,
361,flightview,11:55 AM,6:17 PM
2049,flightaware,3:05 PM,5:57 PM
654,flights,5:30 PM,6:40 PM
1552,flylouisville,7:10 AM,9:35 AM
1664,ifly,11:50 AM,3:50 PM
87,flights,,
2220,allegiantair,9:05 AM,12:35 PM
1853,flights,,
866,airtravelcenter,,
2076,flightaware,6:45 PM,9:00 PM
747,businesstravellogue,,
749,flightstats,2:30 PM,7:03 PM
1718,airtravelcenter,,
1761,boston,,
1277,weather,7:15 PM,12:21 AM
553,ifly,3:50 PM,6:23 PM
2370,flights,11:08 PM,5:11 AM
1733,foxbusiness,4:25 PM,12:29 AM
10,quicktrip,2:55 PM,4:53 PM
1103,foxbusiness,,
1289,businesstravellogue,,
1079,panynj,11:35 AM,2:25 PM
389,ord,11:25 AM,5:25 PM
1695,businesstravellogue,4:00 PM,6:40 PM
1377,mytripandmore,8:25 PM,11:50 PM
251,panynj,,
444,flytecomm,,
1865,flightarrival,1:45 PM,8:27 AM
166,flightaware,7:00 AM,9:45 AM
506,airtravelcenter,,
2313,weather,7:45 PM,10:30 PM
2100,airtravelcenter,,
108,iad,12:30 PM,
1084,travelocity,11:35 AM,2:25 PM
2012,allegiantair,8:35 AM,11:50 AM
479,aa,1:00 PM,2:35 PM
1622,flylouisville,2:30 PM,6:15 PM
440,flightexplorer,,
712,usatoday,12:57 PM,4:52 PM
750,quicktrip,2:30 PM,7:03 PM
1768,aa,7:10 AM,9:40 AM
2247,travelocity,2:55 PM,5:55 PM
1907,ua,7:53 AM,1:39 PM
1081,foxbusiness,11:35 AM,2:25 PM
1356,myrateplan,,
191,helloflight,,
1215,businesstravellogue,,
1988,boston,12:00 PM,3:15 PM
1139,flytecomm,,
2200,ifly,12:15 PM,2:45 PM
1713,flightwise,4:00 PM,6:30 PM
188,flightexplorer,,
1098,flightstats,6:00 AM,7:23 AM
730,foxbusiness,10:40 AM,2:45 PM
241,helloflight,,
146,flylouisville,7:10 AM,3:30 PM
563,flightstats,3:27 PM,5:05 PM
256,orbitz,4:55 PM,8:05 PM
1978,businesstravellogue,12:00 PM,3:15 PM
2144,boston,11:25 PM,6:55 AM
1635,sfo,,6:15 PM
1744,flightexplorer,,
1396,travelocity,8:40 AM,10:54 AM
1663,phl,,3:50 PM
1825,myrateplan,9:15 AM,12:18 PM
1186,myrateplan,,
1966,weather,11:25 AM,2:50 PM
427,world-flight-tracker,12:00 PM,1:45 PM
244,wunderground,4:55 PM,7:38 PM
681,airtravelcenter,,
1441,travelocity,8:35 AM,10:40 AM
2392,flightaware,1:29 PM,3:55 PM
1055,boston,8:00 PM,9:45 PM
1398,weather,8:40 AM,10:54 AM
2444,orbitz,7:35 AM,9:21 AM
707,boston,,
57,businesstravellogue,1:30 PM,3:50 PM
1511,boston,7:15 AM,10:35 AM
1534,allegiantair,10:40 AM,2:59 PM
150,flightview,7:10 AM,3:30 PM
184,usatoday,7:00 AM,9:55 AM
1025,panynj,,
1412,quicktrip,6:59 AM,10:34 AM
1589,aa,11:45 AM,2:00 PM
1151,travelocity,,
947,flightaware,10:40 AM,12:45 PM
1338,quicktrip,6:00 AM,6:40 AM
952,flightstats,10:40 AM,12:55 PM
2158,flights,12:10 PM,2:15 PM
1083,boston,11:35 AM,2:25 PM
394,flightexplorer,,
457,CO,12:30 AM,5:35 PM
2409,airtravelcenter,,
1922,boston,,
710,orbitz,12:57 PM,5:15 PM
175,panynj,7:00 AM,9:55 AM
1147,gofox,,
