id,flight,act_dep_time,act_arr_time
1,UA-2708-EWR-CLT,2:55 PM,4:44 PM
2,UA-2708-EWR-CLT,3:04 PM,4:22 PM
3,UA-2708-EWR-CLT,3:04 PM,4:22 PM
4,UA-2708-EWR-CLT,3:04 PM,4:22 PM
5,UA-2708-EWR-CLT,3:04 PM,4:22 PM
6,UA-2708-EWR-CLT,2:52 PM,4:44 PM
7,UA-2708-EWR-CLT,2:52 PM,4:44 PM
8,UA-2708-EWR-CLT,2:52 PM,4:44 PM
9,UA-2708-EWR-CLT,2:52 PM,4:44 PM
10,UA-2708-EWR-CLT,2:52 PM,4:44 PM
11,UA-2708-EWR-CLT,3:04 PM,4:24 PM
12,UA-2708-EWR-CLT,3:04 PM,4:24 PM
13,UA-2708-EWR-CLT,3:04 PM,4:24 PM
14,UA-2708-EWR-CLT,3:04 PM,4:24 PM
15,UA-2708-EWR-CLT,3:04 PM,4:24 PM
16,UA-2708-EWR-CLT,3:04 PM,4:24 PM
17,UA-2708-EWR-CLT,,Dec 01 - Contact Airline
18,UA-2708-EWR-CLT,2:52 PM,4:44 PM
19,UA-2708-EWR-CLT,,
20,UA-2708-EWR-CLT,3:04 PM,4:24 PMDec 01
21,UA-3925-IAD-ORF,8:42 AM,9:43 AM
22,UA-3925-IAD-ORF,9:01 AM,9:39 AM
23,UA-3925-IAD-ORF,9:00 AM,9:29 AM
24,UA-3925-IAD-ORF,9:01 AM,9:29 AM
25,UA-3925-IAD-ORF,9:00 AM,9:29 AM
26,UA-3925-IAD-ORF,9:00 AM,9:29 AM
27,UA-3925-IAD-ORF,8:51 AM,9:44 AM
28,UA-3925-IAD-ORF,8:51 AM,9:44 AM
29,UA-3925-IAD-ORF,8:42 AM,9:43 AM
30,UA-3925-IAD-ORF,8:42 AM,9:43 AM
31,UA-3925-IAD-ORF,8:42 AM,9:43 AM
32,UA-3925-IAD-ORF,8:42 AM,9:43 AM
33,UA-3925-IAD-ORF,8:42 AM,9:43 AM
34,UA-3925-IAD-ORF,9:01 AM,9:43 AM
35,UA-3925-IAD-ORF,9:01 AM,9:43 AM
36,UA-3925-IAD-ORF,9:01 AM,9:43 AM
37,UA-3925-IAD-ORF,9:01 AM,9:43 AM
38,UA-3925-IAD-ORF,9:01 AM,9:43 AM
39,UA-3925-IAD-ORF,9:01 AM,9:40 AM
40,UA-3925-IAD-ORF,9:00 AM,9:43 AM
41,UA-3925-IAD-ORF,,
42,UA-3925-IAD-ORF,,
43,UA-3925-IAD-ORF,8:42 AM,9:43 AM
44,UA-3925-IAD-ORF,,
45,UA-3925-IAD-ORF,,
46,UA-3925-IAD-ORF,8:51 AM,9:44 AM
47,UA-3925-IAD-ORF,,
48,AA-649-ORD-SNA,,
49,AA-649-ORD-SNA,,
50,AA-649-ORD-SNA,1:41 PM,3:29 PM
51,AA-649-ORD-SNA,1:41 PM,3:29 PM
52,AA-649-ORD-SNA,1:41 PM,3:29 PM
53,AA-649-ORD-SNA,1:41 PM,3:29 PM
54,AA-649-ORD-SNA,1:40 PM,3:40 PM
55,AA-649-ORD-SNA,1:40 PM,3:40 PM
56,AA-649-ORD-SNA,,
57,AA-649-ORD-SNA,,
58,AA-649-ORD-SNA,,
59,AA-649-ORD-SNA,1:41 PM,2011-12-01 3:29 PM (Estimated runway
60,AA-649-ORD-SNA,,
61,AA-649-ORD-SNA,,
62,AA-649-ORD-SNA,,
63,AA-649-ORD-SNA,,
64,AA-649-ORD-SNA,,
65,AA-649-ORD-SNA,,
66,AA-649-ORD-SNA,,
67,AA-649-ORD-SNA,,
68,AA-649-ORD-SNA,,
69,AA-649-ORD-SNA,,
70,UA-382-IAD-LAX,12:35 PM,3:11 PM
71,UA-382-IAD-LAX,12:35 PM,3:11 PM
72,UA-382-IAD-LAX,12:55 PM,3:12 PM
73,UA-382-IAD-LAX,12:55 PM,3:07 PM
74,UA-382-IAD-LAX,12:56 PM,3:12 PM
75,UA-382-IAD-LAX,12:56 PM,3:09 PM
76,UA-382-IAD-LAX,12:56 PM,3:12 PM
77,UA-382-IAD-LAX,12:56 PM,3:09 PM
78,UA-382-IAD-LAX,12:56 PM,3:12 PM
79,UA-382-IAD-LAX,12:56 PM,3:09 PM
80,UA-382-IAD-LAX,12:56 PM,3:12 PM
81,UA-382-IAD-LAX,12:56 PM,3:09 PM
82,UA-382-IAD-LAX,12:56 PM,3:15 PM
83,UA-382-IAD-LAX,12:56 PM,3:07 PM
84,UA-382-IAD-LAX,12:56 PM,3:15 PM
85,UA-382-IAD-LAX,12:56 PM,3:07 PM
86,UA-382-IAD-LAX,12:35 PM,3:19 PM
87,UA-382-IAD-LAX,12:35 PM,3:21 PM
88,UA-382-IAD-LAX,12:35 PM,3:19 PM
89,UA-382-IAD-LAX,12:35 PM,3:21 PM
90,UA-382-IAD-LAX,12:35 PM,3:19 PM
91,UA-382-IAD-LAX,12:35 PM,3:21 PM
92,UA-382-IAD-LAX,12:35 PM,3:21 PM
93,UA-382-IAD-LAX,12:35 PM,3:21 PM
94,UA-382-IAD-LAX,12:56 PM,3:11 PM
95,UA-382-IAD-LAX,12:56 PM,3:21 PM
96,UA-382-IAD-LAX,12:56 PM,3:11 PM
97,UA-382-IAD-LAX,12:56 PM,3:21 PM
98,UA-382-IAD-LAX,12:56 PM,3:11 PM
99,UA-382-IAD-LAX,12:56 PM,3:21 PM
100,UA-382-IAD-LAX,12:56 PM,3:11 PM
101,UA-382-IAD-LAX,12:56 PM,3:21 PM
102,UA-382-IAD-LAX,12:56 PM,3:11 PM
103,UA-382-IAD-LAX,12:56 PM,3:21 PM
104,UA-382-IAD-LAX,12:56 PM,3:07 PM
105,UA-382-IAD-LAX,12:56 PM,3:20 PM
106,UA-382-IAD-LAX,12:35 PM,3:21 PM
107,UA-382-IAD-LAX,12:35 PM,
108,UA-382-IAD-LAX,12:30 PM,
109,UA-382-IAD-LAX,12:56 PM,3:20 PM
110,UA-382-IAD-LAX,12:35 PM,
111,UA-382-IAD-LAX,12:56 PM,3:20 PM
112,AA-3063-SLC-LAX,8:39 PM,
113,AA-3063-SLC-LAX,8:40 PM,9:12 PM
114,AA-3063-SLC-LAX,8:40 PM,9:12 PM
115,AA-3063-SLC-LAX,8:40 PM,9:12 PM
116,AA-3063-SLC-LAX,8:40 PM,9:12 PM
117,AA-3063-SLC-LAX,8:40 PM,9:11 PM
118,AA-3063-SLC-LAX,8:40 PM,9:11 PM
119,AA-3063-SLC-LAX,8:39 PM,9:20 PM
120,AA-3063-SLC-LAX,8:39 PM,9:20 PM
121,AA-3063-SLC-LAX,8:39 PM,9:20 PM
122,AA-3063-SLC-LAX,8:39 PM,9:19 PM
123,AA-3063-SLC-LAX,8:39 PM,9:19 PM
124,AA-3063-SLC-LAX,8:40 PM,9:11 PM
125,AA-3063-SLC-LAX,8:40 PM,9:11 PM
126,AA-3063-SLC-LAX,8:40 PM,9:11 PM
127,AA-3063-SLC-LAX,8:40 PM,9:11 PM
128,AA-3063-SLC-LAX,8:40 PM,9:11 PM
129,AA-3063-SLC-LAX,8:40 PM,9:11 PM
130,AA-3063-SLC-LAX,8:30 PM,9:19 PM
131,AA-3063-SLC-LAX,8:30 PM,
132,AA-3063-SLC-LAX,,
133,AA-3063-SLC-LAX,8:39 PM,2011-12-01 9:19 PM (Estimated)
134,AA-3063-SLC-LAX,8:30 PM,
135,AA-3063-SLC-LAX,8:39 PM,2011-12-01 9:19 PM (Estimated)
136,AA-222-LAX-BOS,7:31 AM,3:14 PM
137,AA-222-LAX-BOS,7:32 AM,3:12 PM
138,AA-222-LAX-BOS,7:32 AM,3:12 PM
139,AA-222-LAX-BOS,7:32 AM,3:12 PM
140,AA-222-LAX-BOS,7:32 AM,3:12 PM
141,AA-222-LAX-BOS,7:32 AM,3:12 PM
142,AA-222-LAX-BOS,7:32 AM,3:12 PM
143,AA-222-LAX-BOS,7:32 AM,3:12 PM
144,AA-222-LAX-BOS,7:31 AM,3:14 PM
145,AA-222-LAX-BOS,7:31 AM,3:14 PM
146,AA-222-LAX-BOS,7:31 AM,3:14 PM
147,AA-222-LAX-BOS,7:31 AM,3:14 PM
148,AA-222-LAX-BOS,7:31 AM,3:14 PM
149,AA-222-LAX-BOS,7:31 AM,3:14 PM
150,AA-222-LAX-BOS,7:32 AM,3:14 PM
151,AA-222-LAX-BOS,7:32 AM,3:14 PM
152,AA-222-LAX-BOS,7:32 AM,3:14 PM
153,AA-222-LAX-BOS,7:32 AM,3:14 PM
154,AA-222-LAX-BOS,7:32 AM,3:14 PM
155,AA-222-LAX-BOS,7:32 AM,3:14 PM
156,AA-222-LAX-BOS,7:05 AM,3:14 PM
157,AA-222-LAX-BOS,7:05 AM,3:14 PM
158,AA-222-LAX-BOS,,
159,AA-222-LAX-BOS,7:32 AM,3:09 PM
160,AA-3468-CVG-MIA,7:25 AM,9:45 AM
161,AA-3468-CVG-MIA,7:25 AM,9:29 AM
162,AA-3468-CVG-MIA,7:25 AM,9:29 AM
163,AA-3468-CVG-MIA,7:25 AM,9:29 AM
164,AA-3468-CVG-MIA,7:25 AM,9:29 AM
165,AA-3468-CVG-MIA,7:25 AM,9:29 AM
166,AA-3468-CVG-MIA,7:25 AM,9:29 AM
167,AA-3468-CVG-MIA,7:25 AM,9:29 AM
168,AA-3468-CVG-MIA,7:25 AM,9:45 AM
169,AA-3468-CVG-MIA,7:25 AM,9:45 AM
170,AA-3468-CVG-MIA,7:25 AM,9:45 AM
171,AA-3468-CVG-MIA,7:25 AM,9:45 AM
172,AA-3468-CVG-MIA,7:25 AM,9:45 AM
173,AA-3468-CVG-MIA,7:25 AM,9:45 AM
174,AA-3468-CVG-MIA,7:25 AM,9:45 AM
175,AA-3468-CVG-MIA,7:25 AM,9:45 AM
176,AA-3468-CVG-MIA,7:25 AM,9:45 AM
177,AA-3468-CVG-MIA,7:25 AM,9:45 AM
178,AA-3468-CVG-MIA,7:25 AM,9:45 AM
179,AA-3468-CVG-MIA,7:25 AM,9:45 AM
180,AA-3468-CVG-MIA,7:04 AM,9:45 AM
181,AA-3468-CVG-MIA,7:04 AM,9:45 AM
182,AA-3468-CVG-MIA,,
183,AA-3468-CVG-MIA,7:25 AM,9:45 AM
184,AA-3468-CVG-MIA,7:25 AM,9:45 AM
185,AA-3468-CVG-MIA,7:04 AM,9:45 AM
186,AA-3468-CVG-MIA,,
187,AA-3842-MSP-ORD,6:56 AM,7:51 AM
188,AA-3842-MSP-ORD,6:57 AM,7:49 AM
189,AA-3842-MSP-ORD,6:57 AM,7:49 AM
190,AA-3842-MSP-ORD,6:57 AM,7:49 AM
191,AA-3842-MSP-ORD,6:57 AM,7:49 AM
192,AA-3842-MSP-ORD,6:57 AM,7:49 AM
193,AA-3842-MSP-ORD,6:56 AM,7:49 AM
194,AA-3842-MSP-ORD,6:56 AM,7:49 AM
195,AA-3842-MSP-ORD,6:56 AM,7:51 AM
196,AA-3842-MSP-ORD,6:56 AM,7:51 AM
197,AA-3842-MSP-ORD,6:56 AM,7:51 AM
198,AA-3842-MSP-ORD,6:56 AM,7:51 AM
199,AA-3842-MSP-ORD,6:56 AM,7:51 AM
200,AA-3842-MSP-ORD,6:56 AM,7:51 AM
201,AA-3842-MSP-ORD,6:56 AM,7:51 AM
202,AA-3842-MSP-ORD,6:56 AM,7:51 AM
203,AA-3842-MSP-ORD,6:56 AM,7:51 AM
204,AA-3842-MSP-ORD,6:56 AM,7:51 AM
205,AA-3842-MSP-ORD,6:56 AM,7:51 AM
206,AA-3842-MSP-ORD,6:56 AM,7:51 AM
207,AA-3842-MSP-ORD,5:59 AM,7:51 AM
208,AA-3842-MSP-ORD,5:59 AM,7:51 AM
209,AA-3842-MSP-ORD,,
210,AA-3842-MSP-ORD,,
211,AA-3842-MSP-ORD,6:56 AM,7:51 AM
212,AA-3842-MSP-ORD,5:59 AM,7:51 AM
213,AA-3842-MSP-ORD,6:56 AM,7:49 AM
214,AA-518-MIA-JFK,6:54 AM,9:28 AM
215,AA-518-MIA-JFK,6:54 AM,9:14 AM
216,AA-518-MIA-JFK,6:54 AM,9:14 AM
217,AA-518-MIA-JFK,6:54 AM,9:14 AM
218,AA-518-MIA-JFK,6:54 AM,9:14 AM
219,AA-518-MIA-JFK,6:54 AM,9:14 AM
220,AA-518-MIA-JFK,6:54 AM,9:14 AM
221,AA-518-MIA-JFK,6:54 AM,9:28 AM
222,AA-518-MIA-JFK,6:54 AM,9:28 AM
223,AA-518-MIA-JFK,6:54 AM,9:28 AM
224,AA-518-MIA-JFK,6:54 AM,9:28 AM
225,AA-518-MIA-JFK,6:54 AM,9:28 AM
226,AA-518-MIA-JFK,6:54 AM,9:28 AM
227,AA-518-MIA-JFK,6:54 AM,9:28 AM
228,AA-518-MIA-JFK,6:54 AM,9:28 AM
229,AA-518-MIA-JFK,6:54 AM,9:28 AM
230,AA-518-MIA-JFK,6:54 AM,9:28 AM
231,AA-518-MIA-JFK,6:54 AM,9:28 AM
232,AA-518-MIA-JFK,6:54 AM,9:12 AM
233,AA-518-MIA-JFK,6:40 AM,9:28 AM
234,AA-518-MIA-JFK,6:40 AM,9:28 AM
235,AA-518-MIA-JFK,6:54 AM,9:09 AM
236,AA-518-MIA-JFK,6:54 AM,9:09 AM
237,AA-1007-MIA-PHX,5:08 PM,7:55 PM
238,AA-1007-MIA-PHX,5:09 PM,7:43 PM
239,AA-1007-MIA-PHX,5:09 PM,7:43 PM
240,AA-1007-MIA-PHX,5:09 PM,7:43 PM
241,AA-1007-MIA-PHX,5:09 PM,7:43 PM
242,AA-1007-MIA-PHX,5:09 PM,7:43 PM
243,AA-1007-MIA-PHX,5:08 PM,7:43 PM
244,AA-1007-MIA-PHX,5:08 PM,7:43 PM
245,AA-1007-MIA-PHX,5:08 PM,7:55 PM
246,AA-1007-MIA-PHX,5:08 PM,7:55 PM
247,AA-1007-MIA-PHX,5:08 PM,7:55 PM
248,AA-1007-MIA-PHX,5:08 PM,7:55 PM
249,AA-1007-MIA-PHX,5:08 PM,7:55 PM
250,AA-1007-MIA-PHX,5:09 PM,7:53 PM
251,AA-1007-MIA-PHX,5:09 PM,7:53 PM
252,AA-1007-MIA-PHX,5:09 PM,7:53 PM
253,AA-1007-MIA-PHX,5:09 PM,7:53 PM
254,AA-1007-MIA-PHX,5:09 PM,7:53 PM
255,AA-1007-MIA-PHX,5:09 PM,7:53 PM
256,AA-1007-MIA-PHX,4:56 PM,7:55 PM
257,AA-1007-MIA-PHX,4:56 PM,7:55 PM
258,UA-1500-IAH-GUA,9:16 AM,11:56 AM
259,UA-1500-IAH-GUA,,
260,UA-1500-IAH-GUA,,
261,UA-1500-IAH-GUA,,
262,UA-1500-IAH-GUA,,
263,UA-1500-IAH-GUA,9:16 AM,11:45 AM
264,UA-1500-IAH-GUA,9:16 AM,11:45 AM
265,UA-1500-IAH-GUA,9:16 AM,11:45 AM
266,UA-1500-IAH-GUA,9:43 AM,12:12 PM
267,UA-1500-IAH-GUA,9:43 AM,12:12 PM
268,UA-1500-IAH-GUA,9:43 AM,12:12 PM
269,UA-1500-IAH-GUA,9:43 AM,12:12 PM
270,UA-1500-IAH-GUA,9:43 AM,12:12 PM
271,UA-1500-IAH-GUA,9:43 AM,12:12 PM
272,UA-1500-IAH-GUA,9:16 AM,
273,UA-1500-IAH-GUA,9:43 AM,12:10 PM
274,UA-1500-IAH-GUA,9:43 AM,12:10 PM
275,AA-1640-MIA-MCO,,
276,AA-1640-MIA-MCO,,
277,AA-1640-MIA-MCO,6:47 PM,7:25 PM
278,AA-1640-MIA-MCO,6:47 PM,7:25 PM
279,AA-1640-MIA-MCO,6:47 PM,7:25 PM
280,AA-1640-MIA-MCO,6:30 PM,7:25 PM
281,AA-1640-MIA-MCO,6:30 PM,7:25 PM
282,AA-1640-MIA-MCO,6:30 PM,7:25 PM
283,AA-1640-MIA-MCO,,
284,AA-1640-MIA-MCO,,
285,AA-1640-MIA-MCO,,
286,AA-1640-MIA-MCO,6:47 PM,7:25 PM
287,AA-1640-MIA-MCO,6:47 PM,7:25 PM
288,AA-1640-MIA-MCO,6:47 PM,7:25 PM
289,AA-1640-MIA-MCO,,
290,AA-1640-MIA-MCO,,
291,AA-1640-MIA-MCO,,
292,AA-1640-MIA-MCO,,
293,AA-1640-MIA-MCO,,
294,AA-1640-MIA-MCO,,
295,AA-1640-MIA-MCO,,
296,AA-1640-MIA-MCO,,
297,AA-1640-MIA-MCO,6:56 PM,7:35 PM
298,AA-1640-MIA-MCO,,2011-12-01 Thu  19:33
299,AA-1640-MIA-MCO,6:56 PM,7:35 PM
300,AA-1640-MIA-MCO,,
301,AA-1640-MIA-MCO,6:47 PM,7:25 PM
302,AA-1640-MIA-MCO,6:56 PM,7:35 PM
303,UA-37-EDI-EWR,8:52 AM,12:09 PM
304,UA-37-EDI-EWR,,
305,UA-37-EDI-EWR,,
306,UA-37-EDI-EWR,,
307,UA-37-EDI-EWR,,
308,UA-37-EDI-EWR,8:52 AM,12:09 PM
309,UA-37-EDI-EWR,8:52 AM,12:09 PM
310,UA-37-EDI-EWR,8:52 AM,12:09 PM
311,UA-37-EDI-EWR,9:05 AM,12:09 PM
312,UA-37-EDI-EWR,9:05 AM,12:09 PM
313,UA-37-EDI-EWR,9:05 AM,12:09 PM
314,UA-37-EDI-EWR,9:05 AM,12:09 PM
315,UA-37-EDI-EWR,9:05 AM,12:09 PM
316,UA-37-EDI-EWR,9:05 AM,12:09 PM
317,UA-37-EDI-EWR,,Dec 01 - Contact Airline
318,UA-37-EDI-EWR,8:52 AM,12:09 PM
319,UA-37-EDI-EWR,,
320,UA-37-EDI-EWR,,
321,UA-37-EDI-EWR,8:52 AM,12:09 PM
322,UA-37-EDI-EWR,,
323,UA-3050-PHX-CLT,11:30 AM,5:05 PM
324,UA-3050-PHX-CLT,11:45 AM,5:00 PM
325,UA-3050-PHX-CLT,11:45 AM,5:00 PM
326,UA-3050-PHX-CLT,11:45 AM,5:00 PM
327,UA-3050-PHX-CLT,11:45 AM,5:00 PM
328,UA-3050-PHX-CLT,11:45 AM,4:57 PM
329,UA-3050-PHX-CLT,11:45 AM,4:57 PM
330,UA-3050-PHX-CLT,11:30 AM,5:05 PM
331,UA-3050-PHX-CLT,11:30 AM,5:05 PM
332,UA-3050-PHX-CLT,11:30 AM,5:05 PM
333,UA-3050-PHX-CLT,11:30 AM,5:05 PM
334,UA-3050-PHX-CLT,11:30 AM,5:05 PM
335,UA-3050-PHX-CLT,11:30 AM,5:05 PM
336,UA-3050-PHX-CLT,11:30 AM,5:05 PM
337,UA-3050-PHX-CLT,11:30 AM,5:05 PM
338,UA-3050-PHX-CLT,11:30 AM,5:05 PM
339,UA-3050-PHX-CLT,11:30 AM,5:05 PM
340,UA-3050-PHX-CLT,11:30 AM,5:05 PM
341,UA-3050-PHX-CLT,11:30 AM,5:05 PM
342,UA-3050-PHX-CLT,,Dec 01 - Contact Airline
343,UA-3050-PHX-CLT,11:30 AM,5:05 PM
344,UA-3050-PHX-CLT,,
345,UA-3050-PHX-CLT,,
346,UA-3050-PHX-CLT,11:30 AM,5:05 PM
347,UA-3050-PHX-CLT,11:45 AM,4:57 PM
348,UA-3099-PHX-PHL,11:55 AM,5:38 PM
349,UA-3099-PHX-PHL,11:55 AM,5:34 PM
350,UA-3099-PHX-PHL,11:55 AM,5:34 PM
351,UA-3099-PHX-PHL,11:55 AM,5:34 PM
352,UA-3099-PHX-PHL,11:55 AM,5:34 PM
353,UA-3099-PHX-PHL,11:55 AM,5:34 PM
354,UA-3099-PHX-PHL,11:55 AM,5:34 PM
355,UA-3099-PHX-PHL,11:43 AM,5:38 PM
356,UA-3099-PHX-PHL,11:43 AM,5:38 PM
357,UA-3099-PHX-PHL,11:43 AM,5:38 PM
358,UA-3099-PHX-PHL,11:43 AM,5:38 PM
359,UA-3099-PHX-PHL,11:43 AM,5:38 PM
360,UA-3099-PHX-PHL,11:43 AM,5:38 PM
361,UA-3099-PHX-PHL,11:55 AM,6:17 PM
362,UA-3099-PHX-PHL,11:55 AM,6:17 PM
363,UA-3099-PHX-PHL,11:55 AM,6:17 PM
364,UA-3099-PHX-PHL,11:55 AM,6:17 PM
365,UA-3099-PHX-PHL,11:55 AM,6:17 PM
366,UA-3099-PHX-PHL,11:55 AM,5:35 PM
367,UA-3099-PHX-PHL,,Dec 01 - Contact Airline
368,UA-3099-PHX-PHL,11:43 AM,5:38 PM
369,UA-3099-PHX-PHL,,
370,UA-3099-PHX-PHL,11:43 AM,5:38 PM
371,AA-1544-SAN-ORD,11:40 AM,4:56 PM
372,AA-1544-SAN-ORD,11:41 AM,4:54 PM
373,AA-1544-SAN-ORD,11:41 AM,4:54 PM
374,AA-1544-SAN-ORD,11:41 AM,4:54 PM
375,AA-1544-SAN-ORD,11:41 AM,4:54 PM
376,AA-1544-SAN-ORD,11:41 AM,4:54 PM
377,AA-1544-SAN-ORD,11:40 AM,4:56 PM
378,AA-1544-SAN-ORD,11:40 AM,4:56 PM
379,AA-1544-SAN-ORD,11:40 AM,4:56 PM
380,AA-1544-SAN-ORD,11:41 AM,4:56 PM
381,AA-1544-SAN-ORD,11:41 AM,4:56 PM
382,AA-1544-SAN-ORD,11:41 AM,4:56 PM
383,AA-1544-SAN-ORD,11:41 AM,4:56 PM
384,AA-1544-SAN-ORD,11:41 AM,4:56 PM
385,AA-1544-SAN-ORD,11:41 AM,4:52 PM
386,AA-1544-SAN-ORD,11:20 AM,4:56 PM
387,AA-1544-SAN-ORD,11:20 AM,4:56 PM
388,AA-1544-SAN-ORD,,
389,AA-1544-SAN-ORD,,
390,AA-1544-SAN-ORD,,
391,AA-1544-SAN-ORD,11:20 AM,4:56 PM
392,AA-1544-SAN-ORD,,
393,CO-1023-IAH-DEN,11:56 AM,1:14 PM
394,CO-1023-IAH-DEN,12:05 PM,1:06 PM
395,CO-1023-IAH-DEN,,
396,CO-1023-IAH-DEN,,
397,CO-1023-IAH-DEN,,
398,CO-1023-IAH-DEN,,
399,CO-1023-IAH-DEN,12:06 PM,1:07 PM
400,CO-1023-IAH-DEN,12:06 PM,1:07 PM
401,CO-1023-IAH-DEN,11:56 AM,1:14 PM
402,CO-1023-IAH-DEN,11:56 AM,1:14 PM
403,CO-1023-IAH-DEN,11:56 AM,1:14 PM
404,CO-1023-IAH-DEN,11:56 AM,1:14 PM
405,CO-1023-IAH-DEN,11:56 AM,1:14 PM
406,CO-1023-IAH-DEN,12:06 PM,1:14 PM
407,CO-1023-IAH-DEN,12:06 PM,1:14 PM
408,CO-1023-IAH-DEN,12:06 PM,1:14 PM
409,CO-1023-IAH-DEN,12:06 PM,1:14 PM
410,CO-1023-IAH-DEN,12:06 PM,1:14 PM
411,CO-1023-IAH-DEN,12:06 PM,1:12 PM
412,CO-1023-IAH-DEN,11:56 AM,1:14 PM
413,CO-1023-IAH-DEN,,
414,CO-1023-IAH-DEN,11:56 AM,1:14 PM
415,UA-2945-PHL-CLT,3:11 AM,1:15 PM
416,UA-2945-PHL-CLT,12:07 PM,1:11 PM
417,UA-2945-PHL-CLT,12:07 PM,1:11 PM
418,UA-2945-PHL-CLT,12:07 PM,1:11 PM
419,UA-2945-PHL-CLT,12:07 PM,1:11 PM
420,UA-2945-PHL-CLT,12:07 PM,1:08 PM
421,UA-2945-PHL-CLT,12:07 PM,1:08 PM
422,UA-2945-PHL-CLT,11:51 AM,1:15 PM
423,UA-2945-PHL-CLT,11:51 AM,1:15 PM
424,UA-2945-PHL-CLT,11:51 AM,1:15 PM
425,UA-2945-PHL-CLT,11:51 AM,1:15 PM
426,UA-2945-PHL-CLT,11:51 AM,1:15 PM
427,UA-2945-PHL-CLT,11:51 AM,1:15 PM
428,UA-2945-PHL-CLT,12:08 PM,1:14 PM
429,UA-2945-PHL-CLT,12:08 PM,1:14 PM
430,UA-2945-PHL-CLT,12:08 PM,1:14 PM
431,UA-2945-PHL-CLT,12:08 PM,1:14 PM
432,UA-2945-PHL-CLT,12:08 PM,1:14 PM
433,UA-2945-PHL-CLT,12:08 PM,1:14 PM
434,UA-2945-PHL-CLT,,Dec 01 - Contact Airline
435,UA-2945-PHL-CLT,11:51 AM,1:15 PM
436,UA-2945-PHL-CLT,,
437,UA-2945-PHL-CLT,12:08 PM,1:14 PM
438,UA-2945-PHL-CLT,11:51 AM,1:15 PM
439,UA-5487-SFO-MRY,10:33 AM,11:21 AM
440,UA-5487-SFO-MRY,10:53 AM,11:16 AM
441,UA-5487-SFO-MRY,10:53 AM,11:11 AM
442,UA-5487-SFO-MRY,10:53 AM,11:11 AM
443,UA-5487-SFO-MRY,10:53 AM,11:11 AM
444,UA-5487-SFO-MRY,10:53 AM,11:11 AM
445,UA-5487-SFO-MRY,10:33 AM,11:21 AM
446,UA-5487-SFO-MRY,10:33 AM,11:21 AM
447,UA-5487-SFO-MRY,10:33 AM,11:21 AM
448,UA-5487-SFO-MRY,10:53 AM,11:21 AM
449,UA-5487-SFO-MRY,10:53 AM,11:21 AM
450,UA-5487-SFO-MRY,10:53 AM,11:21 AM
451,UA-5487-SFO-MRY,10:53 AM,11:21 AM
452,UA-5487-SFO-MRY,10:53 AM,11:21 AM
453,UA-5487-SFO-MRY,10:53 AM,11:18 AM
454,UA-5487-SFO-MRY,,
455,UA-5487-SFO-MRY,,
456,UA-5487-SFO-MRY,,
457,CO-1614-LAX-IAH,12:41 PM,5:26 AM
458,CO-1614-LAX-IAH,12:57 AM,5:25 AM
459,CO-1614-LAX-IAH,,
460,CO-1614-LAX-IAH,,
461,CO-1614-LAX-IAH,,
462,CO-1614-LAX-IAH,,
463,CO-1614-LAX-IAH,12:41 AM,5:26 AM
464,CO-1614-LAX-IAH,12:41 AM,5:26 AM
465,CO-1614-LAX-IAH,12:41 AM,5:26 AM
466,CO-1614-LAX-IAH,12:41 AM,5:26 AM
467,CO-1614-LAX-IAH,12:41 AM,5:26 AM
468,CO-1614-LAX-IAH,12:58 AM,5:26 AM
469,CO-1614-LAX-IAH,12:58 AM,5:26 AM
470,CO-1614-LAX-IAH,12:58 AM,5:26 AM
471,CO-1614-LAX-IAH,12:58 AM,5:26 AM
472,CO-1614-LAX-IAH,12:58 AM,5:26 AM
473,CO-1614-LAX-IAH,12:58 AM,5:23 AM
474,CO-1614-LAX-IAH,12:41 AM,5:26 AM
475,CO-1614-LAX-IAH,,
476,CO-1614-LAX-IAH,12:41 AM,5:26 AM
477,CO-1614-LAX-IAH,12:41 AM,5:26 AM
478,CO-1614-LAX-IAH,,
479,AA-1279-DFW-PHX,2:04 PM,3:30 PM
480,AA-1279-DFW-PHX,2:04 PM,3:13 PM
481,AA-1279-DFW-PHX,2:03 PM,3:13 PM
482,AA-1279-DFW-PHX,2:03 PM,3:13 PM
483,AA-1279-DFW-PHX,2:03 PM,3:13 PM
484,AA-1279-DFW-PHX,2:03 PM,3:13 PM
485,AA-1279-DFW-PHX,2:04 PM,3:13 PM
486,AA-1279-DFW-PHX,2:04 PM,3:13 PM
487,AA-1279-DFW-PHX,2:04 PM,3:20 PM
488,AA-1279-DFW-PHX,2:04 PM,3:20 PM
489,AA-1279-DFW-PHX,2:04 PM,3:20 PM
490,AA-1279-DFW-PHX,2:04 PM,3:20 PM
491,AA-1279-DFW-PHX,2:04 PM,3:20 PM
492,AA-1279-DFW-PHX,2:04 PM,3:20 PM
493,AA-1279-DFW-PHX,2:04 PM,3:19 PM
494,AA-1279-DFW-PHX,2:04 PM,3:19 PM
495,AA-1279-DFW-PHX,2:04 PM,3:19 PM
496,AA-1279-DFW-PHX,2:04 PM,3:19 PM
497,AA-1279-DFW-PHX,2:04 PM,3:19 PM
498,AA-1279-DFW-PHX,2:04 PM,3:19 PM
499,AA-1279-DFW-PHX,1:48 PM,3:30 PM
500,AA-1279-DFW-PHX,1:48 PM,3:30 PM
501,AA-1279-DFW-PHX,2:04 PM,3:13 PM
502,AA-1279-DFW-PHX,,
503,AA-1279-DFW-PHX,2:04 PM,3:19 PM
504,AA-466-IAH-MIA,6:08 AM,9:05 AM
505,AA-466-IAH-MIA,6:09 AM,8:50 AM
506,AA-466-IAH-MIA,6:09 AM,8:50 AM
507,AA-466-IAH-MIA,6:09 AM,8:50 AM
508,AA-466-IAH-MIA,6:09 AM,8:50 AM
509,AA-466-IAH-MIA,6:09 AM,8:50 AM
510,AA-466-IAH-MIA,6:08 AM,8:50 AM
511,AA-466-IAH-MIA,6:08 AM,8:50 AM
512,AA-466-IAH-MIA,6:08 AM,9:05 AM
513,AA-466-IAH-MIA,6:08 AM,9:05 AM
514,AA-466-IAH-MIA,6:08 AM,9:05 AM
515,AA-466-IAH-MIA,6:08 AM,9:05 AM
516,AA-466-IAH-MIA,6:08 AM,9:05 AM
517,AA-466-IAH-MIA,6:08 AM,9:05 AM
518,AA-466-IAH-MIA,6:09 AM,9:05 AM
519,AA-466-IAH-MIA,6:09 AM,9:05 AM
520,AA-466-IAH-MIA,6:09 AM,9:05 AM
521,AA-466-IAH-MIA,6:09 AM,9:05 AM
522,AA-466-IAH-MIA,6:09 AM,9:05 AM
523,AA-466-IAH-MIA,6:09 AM,9:00 AM
524,AA-466-IAH-MIA,5:58 AM,9:05 AM
525,AA-466-IAH-MIA,5:58 AM,9:05 AM
526,AA-466-IAH-MIA,6:09 AM,8:50 AM
527,AA-466-IAH-MIA,,9:04 AM
528,AA-466-IAH-MIA,6:09 AM,9:00 AM
529,AA-466-IAH-MIA,5:58 AM,9:05 AM
530,AA-466-IAH-MIA,6:09 AM,9:00 AM
531,UA-2906-PHL-MCO,4:28 PM,6:38 PM
532,UA-2906-PHL-MCO,4:44 PM,6:28 PM
533,UA-2906-PHL-MCO,4:44 PM,6:28 PM
534,UA-2906-PHL-MCO,4:44 PM,6:28 PM
535,UA-2906-PHL-MCO,4:44 PM,6:28 PM
536,UA-2906-PHL-MCO,4:45 PM,6:34 PM
537,UA-2906-PHL-MCO,4:45 PM,6:34 PM
538,UA-2906-PHL-MCO,4:28 PM,6:38 PM
539,UA-2906-PHL-MCO,4:28 PM,6:38 PM
540,UA-2906-PHL-MCO,4:28 PM,6:38 PM
541,UA-2906-PHL-MCO,4:28 PM,6:38 PM
542,UA-2906-PHL-MCO,4:28 PM,6:38 PM
543,UA-2906-PHL-MCO,4:28 PM,6:38 PM
544,UA-2906-PHL-MCO,4:46 PM,6:35 PM
545,UA-2906-PHL-MCO,4:46 PM,6:35 PM
546,UA-2906-PHL-MCO,4:46 PM,6:35 PM
547,UA-2906-PHL-MCO,4:46 PM,6:35 PM
548,UA-2906-PHL-MCO,4:46 PM,6:35 PM
549,UA-2906-PHL-MCO,4:46 PM,6:35 PM
550,UA-2906-PHL-MCO,,Dec 01 - Contact Airline
551,UA-2906-PHL-MCO,4:28 PM,6:38 PM
552,UA-2906-PHL-MCO,,
553,UA-2906-PHL-MCO,4:28 PM,6:38 PM
554,UA-2906-PHL-MCO,4:46 PM,6:36 PM
555,UA-2830-MCO-CLT,3:27 PM,5:17 PM
556,UA-2830-MCO-CLT,3:50 PM,5:14 PM
557,UA-2830-MCO-CLT,3:50 PM,5:14 PM
558,UA-2830-MCO-CLT,3:50 PM,5:14 PM
559,UA-2830-MCO-CLT,3:50 PM,5:14 PM
560,UA-2830-MCO-CLT,3:28 PM,5:17 PM
561,UA-2830-MCO-CLT,3:28 PM,5:17 PM
562,UA-2830-MCO-CLT,3:28 PM,5:17 PM
563,UA-2830-MCO-CLT,3:28 PM,5:17 PM
564,UA-2830-MCO-CLT,3:28 PM,5:17 PM
565,UA-2830-MCO-CLT,3:28 PM,5:17 PM
566,UA-2830-MCO-CLT,3:50 PM,5:17 PM
567,UA-2830-MCO-CLT,3:50 PM,5:17 PM
568,UA-2830-MCO-CLT,3:50 PM,5:17 PM
569,UA-2830-MCO-CLT,3:50 PM,5:17 PM
570,UA-2830-MCO-CLT,3:50 PM,5:17 PM
571,UA-2830-MCO-CLT,3:50 PM,5:17 PM
572,UA-2830-MCO-CLT,,Dec 01 - Contact Airline
573,UA-2830-MCO-CLT,3:28 PM,5:17 PM
574,UA-2830-MCO-CLT,,
575,UA-2830-MCO-CLT,,Dec 01 - Contact Airline
576,UA-2515-DFW-CLT,7:05 AM,10:47 AM
577,UA-2515-DFW-CLT,7:30 AM,10:43 AM
578,UA-2515-DFW-CLT,7:30 AM,10:43 AM
579,UA-2515-DFW-CLT,7:30 AM,10:43 AM
580,UA-2515-DFW-CLT,7:30 AM,10:43 AM
581,UA-2515-DFW-CLT,7:07 AM,10:47 AM
582,UA-2515-DFW-CLT,7:07 AM,10:47 AM
583,UA-2515-DFW-CLT,7:07 AM,10:47 AM
584,UA-2515-DFW-CLT,7:07 AM,10:47 AM
585,UA-2515-DFW-CLT,7:07 AM,10:47 AM
586,UA-2515-DFW-CLT,7:31 AM,10:45 AM
587,UA-2515-DFW-CLT,7:31 AM,10:45 AM
588,UA-2515-DFW-CLT,7:31 AM,10:45 AM
589,UA-2515-DFW-CLT,7:31 AM,10:45 AM
590,UA-2515-DFW-CLT,7:31 AM,10:45 AM
591,UA-2515-DFW-CLT,7:31 AM,10:45 AM
592,UA-2515-DFW-CLT,Dec 01 - Contact Airline,Dec 01 - Contact Airline
593,UA-2515-DFW-CLT,7:07 AM,10:47 AM
594,UA-2515-DFW-CLT,,
595,UA-2515-DFW-CLT,7:07 AM,10:47 AM
596,UA-2515-DFW-CLT,7:31 AM,10:45 AM
597,AA-789-ORD-DEN,1:19 PM,3:13 PM
598,AA-789-ORD-DEN,1:20 PM,2:49 PM
599,AA-789-ORD-DEN,1:20 PM,2:49 PM
600,AA-789-ORD-DEN,1:20 PM,2:49 PM
601,AA-789-ORD-DEN,1:20 PM,2:49 PM
602,AA-789-ORD-DEN,1:20 PM,2:49 PM
603,AA-789-ORD-DEN,1:19 PM,2:49 PM
604,AA-789-ORD-DEN,1:19 PM,2:49 PM
605,AA-789-ORD-DEN,1:19 PM,3:13 PM
606,AA-789-ORD-DEN,1:19 PM,3:13 PM
607,AA-789-ORD-DEN,1:19 PM,3:13 PM
608,AA-789-ORD-DEN,1:19 PM,3:13 PM
609,AA-789-ORD-DEN,1:19 PM,3:13 PM
610,AA-789-ORD-DEN,1:19 PM,3:13 PM
611,AA-789-ORD-DEN,1:20 PM,3:01 PM
612,AA-789-ORD-DEN,1:20 PM,3:01 PM
613,AA-789-ORD-DEN,1:20 PM,3:01 PM
614,AA-789-ORD-DEN,1:20 PM,3:01 PM
615,AA-789-ORD-DEN,1:20 PM,3:01 PM
616,AA-789-ORD-DEN,1:20 PM,3:01 PM
617,AA-789-ORD-DEN,1:06 PM,3:13 PM
618,AA-789-ORD-DEN,1:06 PM,3:13 PM
619,AA-789-ORD-DEN,1:20 PM,2:49 PM
620,AA-789-ORD-DEN,,
621,AA-789-ORD-DEN,,
622,AA-789-ORD-DEN,1:19 PM,3:13 PM
623,AA-789-ORD-DEN,1:19 PM,3:13 PM
624,AA-789-ORD-DEN,1:19 PM,2:49 PM
625,UA-62-IAH-EWR,2:48 PM,7:10 PM
626,UA-62-IAH-EWR,,
627,UA-62-IAH-EWR,,
628,UA-62-IAH-EWR,,
629,UA-62-IAH-EWR,,
630,UA-62-IAH-EWR,2:48 PM,7:10 PM
631,UA-62-IAH-EWR,2:48 PM,7:10 PM
632,UA-62-IAH-EWR,2:48 PM,7:10 PM
633,UA-62-IAH-EWR,2:48 PM,7:10 PM
634,UA-62-IAH-EWR,2:48 PM,7:10 PM
635,UA-62-IAH-EWR,2:59 PM,7:10 PM
636,UA-62-IAH-EWR,2:59 PM,7:10 PM
637,UA-62-IAH-EWR,2:59 PM,7:10 PM
638,UA-62-IAH-EWR,2:59 PM,7:10 PM
639,UA-62-IAH-EWR,2:59 PM,7:10 PM
640,UA-62-IAH-EWR,2:59 PM,6:59 PM
641,UA-62-IAH-EWR,,Dec 01 - Contact Airline
642,UA-62-IAH-EWR,2:48 PM,7:10 PM
643,UA-62-IAH-EWR,,
644,UA-62-IAH-EWR,2:48 PM,7:10 PM
645,CO-4888-IAH-DAL,5:30 PM,6:40 PM
646,CO-4888-IAH-DAL,,
647,CO-4888-IAH-DAL,,
648,CO-4888-IAH-DAL,5:38 PM,6:19 PM
649,CO-4888-IAH-DAL,5:38 PM,6:19 PM
650,CO-4888-IAH-DAL,5:38 PM,6:19 PM
651,CO-4888-IAH-DAL,5:38 PM,6:19 PM
652,CO-4888-IAH-DAL,6:11 PM,6:56 PM
653,CO-4888-IAH-DAL,6:11 PM,6:56 PM
654,CO-4888-IAH-DAL,,
655,CO-4888-IAH-DAL,,
656,CO-4888-IAH-DAL,,
657,CO-4888-IAH-DAL,,
658,CO-4888-IAH-DAL,,
659,CO-4888-IAH-DAL,,
660,CO-4888-IAH-DAL,5:30 PM,6:40 PM
661,CO-4888-IAH-DAL,5:30 PM,6:40 PM
662,CO-4888-IAH-DAL,,
663,CO-4888-IAH-DAL,,
664,CO-4888-IAH-DAL,,
665,CO-4888-IAH-DAL,,
666,CO-4888-IAH-DAL,,
667,CO-4888-IAH-DAL,,
668,CO-4888-IAH-DAL,,
669,CO-4888-IAH-DAL,,
670,CO-4888-IAH-DAL,,
671,CO-4888-IAH-DAL,,
672,CO-4888-IAH-DAL,,
673,CO-4888-IAH-DAL,,
674,CO-4888-IAH-DAL,,
675,CO-4888-IAH-DAL,,
676,CO-4888-IAH-DAL,,
677,UA-248-PHX-ORD,12:57 PM,4:59 PM
678,UA-248-PHX-ORD,12:57 PM,5:34 PM
679,UA-248-PHX-ORD,1:42 PM,5:24 PM
680,UA-248-PHX-ORD,,
681,UA-248-PHX-ORD,1:09 PM,4:52 PM
682,UA-248-PHX-ORD,1:43 PM,5:24 PM
683,UA-248-PHX-ORD,1:09 PM,4:52 PM
684,UA-248-PHX-ORD,1:43 PM,5:24 PM
685,UA-248-PHX-ORD,1:09 PM,4:52 PM
686,UA-248-PHX-ORD,1:43 PM,5:24 PM
687,UA-248-PHX-ORD,1:09 PM,4:52 PM
688,UA-248-PHX-ORD,1:43 PM,5:24 PM
689,UA-248-PHX-ORD,,
690,UA-248-PHX-ORD,1:32 PM,5:34 PM
691,UA-248-PHX-ORD,,
692,UA-248-PHX-ORD,1:32 PM,5:34 PM
693,UA-248-PHX-ORD,,
694,UA-248-PHX-ORD,1:32 PM,5:34 PM
695,UA-248-PHX-ORD,1:32 PM,5:34 PM
696,UA-248-PHX-ORD,1:32 PM,5:34 PM
697,UA-248-PHX-ORD,,
698,UA-248-PHX-ORD,1:43 PM,5:34 PM
699,UA-248-PHX-ORD,,
700,UA-248-PHX-ORD,1:43 PM,5:34 PM
701,UA-248-PHX-ORD,,
702,UA-248-PHX-ORD,1:43 PM,5:34 PM
703,UA-248-PHX-ORD,,
704,UA-248-PHX-ORD,1:43 PM,5:34 PM
705,UA-248-PHX-ORD,,
706,UA-248-PHX-ORD,1:43 PM,5:34 PM
707,UA-248-PHX-ORD,1:43 PM,5:26 PM
708,UA-248-PHX-ORD,,
709,UA-248-PHX-ORD,,
710,UA-248-PHX-ORD,1:32 PM,5:34 PM
711,UA-248-PHX-ORD,,
712,UA-248-PHX-ORD,,
713,AA-2050-ORD-MIA,11:05 AM,2:46 PM
714,AA-2050-ORD-MIA,11:06 AM,2:39 PM
715,AA-2050-ORD-MIA,11:06 AM,2:39 PM
716,AA-2050-ORD-MIA,11:06 AM,2:39 PM
717,AA-2050-ORD-MIA,11:06 AM,2:39 PM
718,AA-2050-ORD-MIA,11:06 AM,2:39 PM
719,AA-2050-ORD-MIA,11:05 AM,2:39 PM
720,AA-2050-ORD-MIA,11:05 AM,2:39 PM
721,AA-2050-ORD-MIA,11:05 AM,2:46 PM
722,AA-2050-ORD-MIA,11:05 AM,2:46 PM
723,AA-2050-ORD-MIA,11:05 AM,2:46 PM
724,AA-2050-ORD-MIA,11:05 AM,2:46 PM
725,AA-2050-ORD-MIA,11:05 AM,2:46 PM
726,AA-2050-ORD-MIA,11:05 AM,2:46 PM
727,AA-2050-ORD-MIA,11:06 AM,2:46 PM
728,AA-2050-ORD-MIA,11:06 AM,2:46 PM
729,AA-2050-ORD-MIA,11:06 AM,2:46 PM
730,AA-2050-ORD-MIA,11:06 AM,2:46 PM
731,AA-2050-ORD-MIA,11:06 AM,2:46 PM
732,AA-2050-ORD-MIA,11:06 AM,2:03 PM
733,AA-2050-ORD-MIA,10:46 AM,2:46 PM
734,AA-2050-ORD-MIA,10:46 AM,2:46 PM
735,AA-2050-ORD-MIA,11:06 AM,2:36 PM
736,AA-2050-ORD-MIA,,
737,AA-2050-ORD-MIA,,2:46 PM
738,AA-2050-ORD-MIA,11:05 AM,2:46 PM
739,AA-2050-ORD-MIA,11:06 AM,2:36 PM
740,AA-2050-ORD-MIA,11:06 AM,2:36 PM
741,CO-62-IAH-EWR,2:48 PM,7:10 PM
742,CO-62-IAH-EWR,,
743,CO-62-IAH-EWR,,
744,CO-62-IAH-EWR,,
745,CO-62-IAH-EWR,,
746,CO-62-IAH-EWR,2:48 PM,7:10 PM
747,CO-62-IAH-EWR,2:48 PM,7:10 PM
748,CO-62-IAH-EWR,2:48 PM,7:10 PM
749,CO-62-IAH-EWR,2:48 PM,7:10 PM
750,CO-62-IAH-EWR,2:48 PM,7:10 PM
751,CO-62-IAH-EWR,2:59 PM,7:10 PM
752,CO-62-IAH-EWR,2:59 PM,7:10 PM
753,CO-62-IAH-EWR,2:59 PM,7:10 PM
754,CO-62-IAH-EWR,2:59 PM,7:10 PM
755,CO-62-IAH-EWR,2:59 PM,7:10 PM
756,CO-62-IAH-EWR,2:59 PM,6:59 PM
757,CO-62-IAH-EWR,2:48 PM,7:10 PM
758,CO-62-IAH-EWR,2:48 PM,7:10 PM
759,CO-62-IAH-EWR,,
760,CO-62-IAH-EWR,2:48 PM,7:10 PM
761,CO-62-IAH-EWR,,
762,AA-59-JFK-SFO,7:39 AM,11:12 AM
763,AA-59-JFK-SFO,7:40 AM,10:52 AM
764,AA-59-JFK-SFO,7:40 AM,10:52 AM
765,AA-59-JFK-SFO,7:40 AM,10:52 AM
766,AA-59-JFK-SFO,7:40 AM,10:52 AM
767,AA-59-JFK-SFO,7:40 AM,10:52 AM
768,AA-59-JFK-SFO,7:39 AM,10:52 AM
769,AA-59-JFK-SFO,7:39 AM,10:52 AM
770,AA-59-JFK-SFO,7:39 AM,11:12 AM
771,AA-59-JFK-SFO,7:39 AM,11:12 AM
772,AA-59-JFK-SFO,7:39 AM,11:12 AM
773,AA-59-JFK-SFO,7:39 AM,11:12 AM
774,AA-59-JFK-SFO,7:39 AM,11:12 AM
775,AA-59-JFK-SFO,7:39 AM,11:12 AM
776,AA-59-JFK-SFO,7:40 AM,11:12 AM
777,AA-59-JFK-SFO,7:40 AM,11:12 AM
778,AA-59-JFK-SFO,7:40 AM,11:12 AM
779,AA-59-JFK-SFO,7:40 AM,11:12 AM
780,AA-59-JFK-SFO,7:40 AM,11:12 AM
781,AA-59-JFK-SFO,7:40 AM,11:00 AM
782,AA-59-JFK-SFO,7:14 AM,11:12 AM
783,AA-59-JFK-SFO,7:14 AM,11:12 AM
784,AA-59-JFK-SFO,7:40 AM,10:49 AM
785,AA-59-JFK-SFO,,
786,AA-59-JFK-SFO,7:39 AM,11:12 AM
787,AA-59-JFK-SFO,7:40 AM,10:49 AM
788,AA-59-JFK-SFO,7:14 AM,11:12 AM
789,AA-59-JFK-SFO,7:39 AM,10:52 AM
790,AA-59-JFK-SFO,7:40 AM,11:00 AM
791,CO-50-CLE-EWR,3:31 PM,5:26 PM
792,CO-50-CLE-EWR,,
793,CO-50-CLE-EWR,,
794,CO-50-CLE-EWR,,
795,CO-50-CLE-EWR,,
796,CO-50-CLE-EWR,3:31 PM,5:26 PM
797,CO-50-CLE-EWR,3:31 PM,5:26 PM
798,CO-50-CLE-EWR,3:31 PM,5:26 PM
799,CO-50-CLE-EWR,3:31 PM,5:26 PM
800,CO-50-CLE-EWR,3:31 PM,5:26 PM
801,CO-50-CLE-EWR,4:02 PM,5:26 PM
802,CO-50-CLE-EWR,4:02 PM,5:26 PM
803,CO-50-CLE-EWR,4:02 PM,5:26 PM
804,CO-50-CLE-EWR,4:02 PM,5:26 PM
805,CO-50-CLE-EWR,4:02 PM,5:26 PM
806,CO-50-CLE-EWR,4:02 PM,5:09 PM
807,CO-50-CLE-EWR,3:31 PM,5:26 PM
808,CO-50-CLE-EWR,3:31 PM,5:26 PM
809,CO-50-CLE-EWR,,
810,CO-50-CLE-EWR,3:31 PM,5:26 PM
811,CO-50-CLE-EWR,4:02 PM,5:09 PM
812,AA-3823-LAX-DEN,,
813,AA-3823-LAX-DEN,9:16 PM,12:01 AM
814,AA-3823-LAX-DEN,,
815,AA-3823-LAX-DEN,9:06 PM,11:49 PM
816,AA-3823-LAX-DEN,9:06 PM,11:49 PM
817,AA-3823-LAX-DEN,9:06 PM,11:49 PM
818,AA-3823-LAX-DEN,9:06 PM,11:49 PM
819,AA-3823-LAX-DEN,9:16 PM,12:01 AM
820,AA-3823-LAX-DEN,9:16 PM,12:01 AM
821,AA-3823-LAX-DEN,,
822,AA-3823-LAX-DEN,,
823,AA-3823-LAX-DEN,,
824,AA-3823-LAX-DEN,9:06 PM,11:49 PM
825,AA-3823-LAX-DEN,9:06 PM,11:49 PM
826,AA-3823-LAX-DEN,9:06 PM,11:49 PM
827,AA-3823-LAX-DEN,,
828,AA-3823-LAX-DEN,,
829,AA-3823-LAX-DEN,,
830,AA-3823-LAX-DEN,,
831,AA-3823-LAX-DEN,,
832,AA-3823-LAX-DEN,,
833,AA-3823-LAX-DEN,,Dec 02 - Not Available
834,AA-3823-LAX-DEN,,
835,AA-3823-LAX-DEN,,
836,AA-3823-LAX-DEN,,
837,AA-3823-LAX-DEN,9:06 PM,11:49 PM
838,AA-3823-LAX-DEN,,
839,AA-2957-DFW-CVG,8:04 AM,11:01 AM
840,AA-2957-DFW-CVG,8:05 AM,10:58 AM
841,AA-2957-DFW-CVG,8:04 AM,10:58 AM
842,AA-2957-DFW-CVG,8:04 AM,10:58 AM
843,AA-2957-DFW-CVG,8:04 AM,10:58 AM
844,AA-2957-DFW-CVG,8:04 AM,10:58 AM
845,AA-2957-DFW-CVG,8:05 AM,10:58 AM
846,AA-2957-DFW-CVG,8:05 AM,10:58 AM
847,AA-2957-DFW-CVG,8:04 AM,11:01 AM
848,AA-2957-DFW-CVG,8:04 AM,11:01 AM
849,AA-2957-DFW-CVG,8:04 AM,11:01 AM
850,AA-2957-DFW-CVG,8:04 AM,11:01 AM
851,AA-2957-DFW-CVG,8:04 AM,11:01 AM
852,AA-2957-DFW-CVG,8:04 AM,11:01 AM
853,AA-2957-DFW-CVG,8:05 AM,11:00 AM
854,AA-2957-DFW-CVG,8:05 AM,11:00 AM
855,AA-2957-DFW-CVG,8:05 AM,11:00 AM
856,AA-2957-DFW-CVG,8:05 AM,11:00 AM
857,AA-2957-DFW-CVG,8:05 AM,11:00 AM
858,AA-2957-DFW-CVG,8:05 AM,11:00 AM
859,AA-2957-DFW-CVG,7:51 AM,Dec 01 - 11:01am
860,AA-2957-DFW-CVG,7:51 AM,11:01 AM
861,AA-2957-DFW-CVG,,
862,AA-2957-DFW-CVG,,
863,AA-2957-DFW-CVG,,
864,AA-3804-PHL-ORD,2:44 PM,3:43 PM
865,AA-3804-PHL-ORD,2:44 PM,3:36 PM
866,AA-3804-PHL-ORD,2:44 PM,3:36 PM
867,AA-3804-PHL-ORD,2:44 PM,3:36 PM
868,AA-3804-PHL-ORD,2:44 PM,3:36 PM
869,AA-3804-PHL-ORD,2:44 PM,3:36 PM
870,AA-3804-PHL-ORD,2:44 PM,3:36 PM
871,AA-3804-PHL-ORD,2:44 PM,3:36 PM
872,AA-3804-PHL-ORD,2:44 PM,3:43 PM
873,AA-3804-PHL-ORD,2:44 PM,3:43 PM
874,AA-3804-PHL-ORD,2:44 PM,3:43 PM
875,AA-3804-PHL-ORD,2:44 PM,3:43 PM
876,AA-3804-PHL-ORD,2:44 PM,3:43 PM
877,AA-3804-PHL-ORD,2:44 PM,3:43 PM
878,AA-3804-PHL-ORD,2:44 PM,3:36 PM
879,AA-3804-PHL-ORD,2:44 PM,3:36 PM
880,AA-3804-PHL-ORD,2:44 PM,3:36 PM
881,AA-3804-PHL-ORD,2:44 PM,3:36 PM
882,AA-3804-PHL-ORD,2:44 PM,3:36 PM
883,AA-3804-PHL-ORD,2:44 PM,3:36 PM
884,AA-3804-PHL-ORD,2:32 PM,3:43 PM
885,AA-3804-PHL-ORD,2:32 PM,3:43 PM
886,AA-3804-PHL-ORD,,
887,AA-3804-PHL-ORD,,
888,AA-3804-PHL-ORD,,
889,AA-3804-PHL-ORD,2:44 PM,3:43 PM
890,AA-3804-PHL-ORD,2:44 PM,3:43 PM
891,UA-664-ORD-PHL,1:31 PM,4:23 PM
892,UA-664-ORD-PHL,1:46 PM,4:20 PM
893,UA-664-ORD-PHL,1:48 PM,4:20 PM
894,UA-664-ORD-PHL,1:48 PM,4:20 PM
895,UA-664-ORD-PHL,1:48 PM,4:20 PM
896,UA-664-ORD-PHL,1:48 PM,4:20 PM
897,UA-664-ORD-PHL,1:48 PM,4:20 PM
898,UA-664-ORD-PHL,1:48 PM,4:20 PM
899,UA-664-ORD-PHL,1:31 PM,4:23 PM
900,UA-664-ORD-PHL,1:31 PM,4:23 PM
901,UA-664-ORD-PHL,1:31 PM,4:23 PM
902,UA-664-ORD-PHL,1:31 PM,4:23 PM
903,UA-664-ORD-PHL,1:31 PM,4:23 PM
904,UA-664-ORD-PHL,1:31 PM,4:23 PM
905,UA-664-ORD-PHL,1:48 PM,4:23 PM
906,UA-664-ORD-PHL,1:48 PM,4:23 PM
907,UA-664-ORD-PHL,1:48 PM,4:23 PM
908,UA-664-ORD-PHL,1:48 PM,4:23 PM
909,UA-664-ORD-PHL,1:48 PM,4:23 PM
910,UA-664-ORD-PHL,1:48 PM,4:18 PM
911,UA-664-ORD-PHL,1:47 PM,4:23 PM
912,UA-664-ORD-PHL,1:31 PM,4:23 PM
913,UA-664-ORD-PHL,,
914,UA-664-ORD-PHL,,
915,UA-664-ORD-PHL,,
916,UA-664-ORD-PHL,1:31 PM,4:23 PM
917,UA-664-ORD-PHL,,
918,UA-664-ORD-PHL,1:48 PM,4:20 PM
919,UA-664-ORD-PHL,1:48 PM,4:18 PM
920,UA-6273-YYC-SFO,7:27 AM,8:45 AM
921,UA-6273-YYC-SFO,7:41 AM,8:33 AM
922,UA-6273-YYC-SFO,7:41 AM,8:33 AM
923,UA-6273-YYC-SFO,7:41 AM,8:33 AM
924,UA-6273-YYC-SFO,7:41 AM,8:33 AM
925,UA-6273-YYC-SFO,7:41 AM,8:33 AM
926,UA-6273-YYC-SFO,7:27 AM,8:45 AM
927,UA-6273-YYC-SFO,7:27 AM,8:45 AM
928,UA-6273-YYC-SFO,7:27 AM,8:45 AM
929,UA-6273-YYC-SFO,7:41 AM,8:45 AM
930,UA-6273-YYC-SFO,7:41 AM,8:45 AM
931,UA-6273-YYC-SFO,7:41 AM,8:45 AM
932,UA-6273-YYC-SFO,7:41 AM,8:45 AM
933,UA-6273-YYC-SFO,7:41 AM,8:45 AM
934,UA-6273-YYC-SFO,7:41 AM,8:41 AM
935,UA-6273-YYC-SFO,7:41 AM,8:45 AM
936,UA-6273-YYC-SFO,7:27 AM,8:45 AM
937,UA-6273-YYC-SFO,,
938,UA-6273-YYC-SFO,7:41 AM,8:41 AM
939,UA-6273-YYC-SFO,7:41 AM,8:45 AM
940,UA-6273-YYC-SFO,,
941,AA-4198-ORD-CLE,10:54 AM,12:50 PM
942,AA-4198-ORD-CLE,10:55 AM,12:37 PM
943,AA-4198-ORD-CLE,10:55 AM,12:37 PM
944,AA-4198-ORD-CLE,10:55 AM,12:37 PM
945,AA-4198-ORD-CLE,10:55 AM,12:37 PM
946,AA-4198-ORD-CLE,10:55 AM,12:37 PM
947,AA-4198-ORD-CLE,10:55 AM,12:37 PM
948,AA-4198-ORD-CLE,10:55 AM,12:37 PM
949,AA-4198-ORD-CLE,10:54 AM,12:50 PM
950,AA-4198-ORD-CLE,10:54 AM,12:50 PM
951,AA-4198-ORD-CLE,10:54 AM,12:50 PM
952,AA-4198-ORD-CLE,10:54 AM,12:50 PM
953,AA-4198-ORD-CLE,10:54 AM,12:50 PM
954,AA-4198-ORD-CLE,10:54 AM,12:50 PM
955,AA-4198-ORD-CLE,10:55 AM,12:48 PM
956,AA-4198-ORD-CLE,10:55 AM,12:48 PM
957,AA-4198-ORD-CLE,10:55 AM,12:48 PM
958,AA-4198-ORD-CLE,10:55 AM,12:48 PM
959,AA-4198-ORD-CLE,10:55 AM,12:48 PM
960,AA-4198-ORD-CLE,10:55 AM,12:48 PM
961,AA-4198-ORD-CLE,10:35 AM,12:50 PM
962,AA-4198-ORD-CLE,10:35 AM,12:50 PM
963,AA-4198-ORD-CLE,,
964,AA-4198-ORD-CLE,,
965,AA-4198-ORD-CLE,10:55 AM,12:48 PM
966,UA-397-JFK-SFO,8:29 AM,11:58 AM
967,UA-397-JFK-SFO,8:47 AM,11:30 AM
968,UA-397-JFK-SFO,8:48 AM,11:30 AM
969,UA-397-JFK-SFO,8:48 AM,11:30 AM
970,UA-397-JFK-SFO,8:48 AM,11:30 AM
971,UA-397-JFK-SFO,8:48 AM,11:30 AM
972,UA-397-JFK-SFO,8:29 AM,11:58 AM
973,UA-397-JFK-SFO,8:29 AM,11:58 AM
974,UA-397-JFK-SFO,8:29 AM,11:58 AM
975,UA-397-JFK-SFO,8:29 AM,11:58 AM
976,UA-397-JFK-SFO,8:29 AM,11:58 AM
977,UA-397-JFK-SFO,8:29 AM,11:58 AM
978,UA-397-JFK-SFO,8:49 AM,11:58 AM
979,UA-397-JFK-SFO,8:49 AM,11:58 AM
980,UA-397-JFK-SFO,8:49 AM,11:58 AM
981,UA-397-JFK-SFO,8:49 AM,11:58 AM
982,UA-397-JFK-SFO,8:49 AM,11:58 AM
983,UA-397-JFK-SFO,8:49 AM,11:35 AM
984,UA-397-JFK-SFO,8:48 AM,11:58 AM
985,UA-397-JFK-SFO,8:48 AM,11:58 AM
986,UA-397-JFK-SFO,8:49 AM,11:34 AM
987,UA-397-JFK-SFO,,
988,AA-2268-PHX-ORD,7:22 AM,11:06 AM
989,AA-2268-PHX-ORD,7:23 AM,11:04 AM
990,AA-2268-PHX-ORD,7:22 AM,11:04 AM
991,AA-2268-PHX-ORD,7:22 AM,11:04 AM
992,AA-2268-PHX-ORD,7:22 AM,11:04 AM
993,AA-2268-PHX-ORD,7:22 AM,11:04 AM
994,AA-2268-PHX-ORD,7:23 AM,11:04 AM
995,AA-2268-PHX-ORD,7:23 AM,11:04 AM
996,AA-2268-PHX-ORD,7:22 AM,11:06 AM
997,AA-2268-PHX-ORD,7:22 AM,11:06 AM
998,AA-2268-PHX-ORD,7:22 AM,11:06 AM
999,AA-2268-PHX-ORD,7:22 AM,11:06 AM
1000,AA-2268-PHX-ORD,7:22 AM,11:06 AM
1001,AA-2268-PHX-ORD,7:22 AM,11:06 AM
1002,AA-2268-PHX-ORD,7:23 AM,11:07 AM
1003,AA-2268-PHX-ORD,7:23 AM,11:07 AM
1004,AA-2268-PHX-ORD,7:23 AM,11:07 AM
1005,AA-2268-PHX-ORD,7:23 AM,11:07 AM
1006,AA-2268-PHX-ORD,7:23 AM,11:07 AM
1007,AA-2268-PHX-ORD,7:23 AM,11:07 AM
1008,AA-2268-PHX-ORD,7:10 AM,11:06 AM
1009,AA-2268-PHX-ORD,7:10 AM,11:06 AM
1010,AA-2268-PHX-ORD,7:23 AM,11:04 AM
1011,AA-2268-PHX-ORD,,
1012,AA-2268-PHX-ORD,7:23 AM,11:07 AM
1013,AA-2268-PHX-ORD,7:23 AM,11:04 AM
1014,CO-1250-MIA-IAH,3:01 PM,4:59 PM
1015,CO-1250-MIA-IAH,,
1016,CO-1250-MIA-IAH,,
1017,CO-1250-MIA-IAH,,
1018,CO-1250-MIA-IAH,,
1019,CO-1250-MIA-IAH,3:01 PM,4:59 PM
1020,CO-1250-MIA-IAH,3:01 PM,4:59 PM
1021,CO-1250-MIA-IAH,3:01 PM,4:59 PM
1022,CO-1250-MIA-IAH,3:01 PM,4:59 PM
1023,CO-1250-MIA-IAH,3:01 PM,4:59 PM
1024,CO-1250-MIA-IAH,3:17 PM,4:59 PM
1025,CO-1250-MIA-IAH,3:17 PM,4:59 PM
1026,CO-1250-MIA-IAH,3:17 PM,4:59 PM
1027,CO-1250-MIA-IAH,3:17 PM,4:59 PM
1028,CO-1250-MIA-IAH,3:17 PM,4:59 PM
1029,CO-1250-MIA-IAH,3:17 PM,4:55 PM
1030,CO-1250-MIA-IAH,3:01 PM,4:59 PM
1031,CO-1250-MIA-IAH,3:01 PM,4:59 PM
1032,CO-1250-MIA-IAH,,
1033,CO-1250-MIA-IAH,3:01 PM,4:59 PM
1034,CO-1250-MIA-IAH,3:17 PM,4:55 PM
1035,CO-1250-MIA-IAH,3:01 PM,4:59 PM
1036,AA-1221-MCO-ORD,8:23 PM,9:53 PM
1037,AA-1221-MCO-ORD,8:23 PM,9:47 PM
1038,AA-1221-MCO-ORD,8:23 PM,9:47 PM
1039,AA-1221-MCO-ORD,8:23 PM,9:47 PM
1040,AA-1221-MCO-ORD,8:23 PM,9:47 PM
1041,AA-1221-MCO-ORD,8:23 PM,9:47 PM
1042,AA-1221-MCO-ORD,8:23 PM,9:47 PM
1043,AA-1221-MCO-ORD,8:23 PM,9:47 PM
1044,AA-1221-MCO-ORD,8:23 PM,9:53 PM
1045,AA-1221-MCO-ORD,8:23 PM,9:53 PM
1046,AA-1221-MCO-ORD,8:23 PM,9:53 PM
1047,AA-1221-MCO-ORD,8:23 PM,9:53 PM
1048,AA-1221-MCO-ORD,8:23 PM,9:53 PM
1049,AA-1221-MCO-ORD,8:23 PM,9:53 PM
1050,AA-1221-MCO-ORD,8:23 PM,9:49 PM
1051,AA-1221-MCO-ORD,8:23 PM,9:49 PM
1052,AA-1221-MCO-ORD,8:23 PM,9:49 PM
1053,AA-1221-MCO-ORD,8:23 PM,9:49 PM
1054,AA-1221-MCO-ORD,8:23 PM,9:49 PM
1055,AA-1221-MCO-ORD,8:23 PM,9:49 PM
1056,AA-1221-MCO-ORD,8:01 PM,9:53 PM
1057,AA-1221-MCO-ORD,8:01 PM,9:53 PM
1058,AA-1221-MCO-ORD,,
1059,AA-1221-MCO-ORD,,
1060,AA-1221-MCO-ORD,,
1061,AA-1221-MCO-ORD,8:23 PM,9:49 PM
1062,AA-1221-MCO-ORD,8:01 PM,9:53 PM
1063,AA-1221-MCO-ORD,,
1064,AA-271-MIA-LAX,11:52 AM,2:27 PM
1065,AA-271-MIA-LAX,11:52 AM,2:21 PM
1066,AA-271-MIA-LAX,11:52 AM,2:21 PM
1067,AA-271-MIA-LAX,11:52 AM,2:21 PM
1068,AA-271-MIA-LAX,11:52 AM,2:21 PM
1069,AA-271-MIA-LAX,11:52 AM,2:21 PM
1070,AA-271-MIA-LAX,11:52 AM,2:21 PM
1071,AA-271-MIA-LAX,11:52 AM,2:21 PM
1072,AA-271-MIA-LAX,11:52 AM,2:27 PM
1073,AA-271-MIA-LAX,11:52 AM,2:27 PM
1074,AA-271-MIA-LAX,11:52 AM,2:27 PM
1075,AA-271-MIA-LAX,11:52 AM,2:27 PM
1076,AA-271-MIA-LAX,11:52 AM,2:27 PM
1077,AA-271-MIA-LAX,11:52 AM,2:27 PM
1078,AA-271-MIA-LAX,11:52 AM,2:27 PM
1079,AA-271-MIA-LAX,11:52 AM,2:27 PM
1080,AA-271-MIA-LAX,11:52 AM,2:27 PM
1081,AA-271-MIA-LAX,11:52 AM,2:27 PM
1082,AA-271-MIA-LAX,11:52 AM,2:27 PM
1083,AA-271-MIA-LAX,11:52 AM,2:18 PM
1084,AA-271-MIA-LAX,11:33 AM,2:27 PM
1085,AA-271-MIA-LAX,11:33 AM,2:27 PM
1086,AA-271-MIA-LAX,11:52 AM,2:17 PM
1087,AA-271-MIA-LAX,11:33 AM,2:27 PM
1088,AA-271-MIA-LAX,11:52 AM,2:17 PM
1089,UA-414-LAX-SFO,5:56 AM,7:17 AM
1090,UA-414-LAX-SFO,6:09 AM,7:04 AM
1091,UA-414-LAX-SFO,6:10 AM,7:04 AM
1092,UA-414-LAX-SFO,6:10 AM,7:04 AM
1093,UA-414-LAX-SFO,6:10 AM,7:04 AM
1094,UA-414-LAX-SFO,6:10 AM,7:04 AM
1095,UA-414-LAX-SFO,5:56 AM,7:17 AM
1096,UA-414-LAX-SFO,5:56 AM,7:17 AM
1097,UA-414-LAX-SFO,5:56 AM,7:17 AM
1098,UA-414-LAX-SFO,5:56 AM,7:17 AM
1099,UA-414-LAX-SFO,5:56 AM,7:17 AM
1100,UA-414-LAX-SFO,6:10 AM,7:17 AM
1101,UA-414-LAX-SFO,6:10 AM,7:17 AM
1102,UA-414-LAX-SFO,6:10 AM,7:17 AM
1103,UA-414-LAX-SFO,6:10 AM,7:17 AM
1104,UA-414-LAX-SFO,6:10 AM,7:17 AM
1105,UA-414-LAX-SFO,6:10 AM,7:10 AM
1106,UA-414-LAX-SFO,6:09 AM,7:17 AM
1107,UA-414-LAX-SFO,6:09 AM,7:17 AM
1108,UA-414-LAX-SFO,6:09 AM,7:17 AM
1109,UA-414-LAX-SFO,,
1110,UA-414-LAX-SFO,,
1111,UA-414-LAX-SFO,6:10 AM,7:10 AM
1112,UA-414-LAX-SFO,,
1113,CO-47-IAH-LAX,8:25 AM,9:52 PM
1114,CO-47-IAH-LAX,,
1115,CO-47-IAH-LAX,,
1116,CO-47-IAH-LAX,,
1117,CO-47-IAH-LAX,,
1118,CO-47-IAH-LAX,7:27 PM,8:46 PM
1119,CO-47-IAH-LAX,7:27 PM,8:46 PM
1120,CO-47-IAH-LAX,8:25 PM,8:46 PM
1121,CO-47-IAH-LAX,8:25 PM,8:46 PM
1122,CO-47-IAH-LAX,8:25 PM,8:46 PM
1123,CO-47-IAH-LAX,8:25 PM,9:52 PM
1124,CO-47-IAH-LAX,8:25 PM,9:52 PM
1125,CO-47-IAH-LAX,8:36 PM,9:38 PM
1126,CO-47-IAH-LAX,8:36 PM,9:38 PM
1127,CO-47-IAH-LAX,8:36 PM,9:38 PM
1128,CO-47-IAH-LAX,8:36 PM,9:38 PM
1129,CO-47-IAH-LAX,8:36 PM,9:38 PM
1130,CO-47-IAH-LAX,8:36 PM,9:38 PM
1131,CO-47-IAH-LAX,8:25 PM,
1132,CO-47-IAH-LAX,8:25 PM,
1133,CO-47-IAH-LAX,7:27 PM,8:46 PM
1134,UA-3373-IAD-PHL,8:26 AM,9:13 AM
1135,UA-3373-IAD-PHL,8:37 AM,9:13 AM
1136,UA-3373-IAD-PHL,8:37 AM,9:13 AM
1137,UA-3373-IAD-PHL,8:37 AM,9:13 AM
1138,UA-3373-IAD-PHL,8:37 AM,9:13 AM
1139,UA-3373-IAD-PHL,8:37 AM,9:13 AM
1140,UA-3373-IAD-PHL,8:26 PM,9:13 AM
1141,UA-3373-IAD-PHL,8:26 PM,9:13 AM
1142,UA-3373-IAD-PHL,8:26 PM,9:13 AM
1143,UA-3373-IAD-PHL,8:26 PM,9:13 AM
1144,UA-3373-IAD-PHL,8:26 PM,9:13 AM
1145,UA-3373-IAD-PHL,8:37 AM,9:13 AM
1146,UA-3373-IAD-PHL,8:37 AM,9:13 AM
1147,UA-3373-IAD-PHL,8:37 AM,9:13 AM
1148,UA-3373-IAD-PHL,8:37 AM,9:13 AM
1149,UA-3373-IAD-PHL,8:37 AM,9:13 AM
1150,UA-3373-IAD-PHL,8:37 AM,9:11 AM
1151,UA-3373-IAD-PHL,8:35 AM,9:13 AM
1152,UA-3373-IAD-PHL,,
1153,UA-3373-IAD-PHL,,
1154,UA-3373-IAD-PHL,8:26 PM,9:13 AM
1155,UA-3373-IAD-PHL,8:26 PM,9:13 AM
1156,UA-3373-IAD-PHL,,
1157,AA-2525-DFW-MIA,7:39 AM,11:06 AM
1158,AA-2525-DFW-MIA,7:40 AM,10:43 AM
1159,AA-2525-DFW-MIA,7:39 AM,10:43 AM
1160,AA-2525-DFW-MIA,7:39 AM,10:43 AM
1161,AA-2525-DFW-MIA,7:39 AM,10:43 AM
1162,AA-2525-DFW-MIA,7:39 AM,10:43 AM
1163,AA-2525-DFW-MIA,7:39 AM,10:43 AM
1164,AA-2525-DFW-MIA,7:39 AM,10:43 AM
1165,AA-2525-DFW-MIA,7:39 AM,11:06 AM
1166,AA-2525-DFW-MIA,7:39 AM,11:06 AM
1167,AA-2525-DFW-MIA,7:39 AM,11:06 AM
1168,AA-2525-DFW-MIA,7:39 AM,11:06 AM
1169,AA-2525-DFW-MIA,7:39 AM,11:06 AM
1170,AA-2525-DFW-MIA,7:39 AM,11:06 AM
1171,AA-2525-DFW-MIA,7:40 AM,11:06 AM
1172,AA-2525-DFW-MIA,7:40 AM,11:06 AM
1173,AA-2525-DFW-MIA,7:40 AM,11:06 AM
1174,AA-2525-DFW-MIA,7:40 AM,11:06 AM
1175,AA-2525-DFW-MIA,7:40 AM,11:06 AM
1176,AA-2525-DFW-MIA,7:40 AM,10:53 AM
1177,AA-2525-DFW-MIA,7:22 AM,11:06 AM
1178,AA-2525-DFW-MIA,7:22 AM,11:06 AM
1179,AA-2525-DFW-MIA,7:40 AM,10:52 AM
1180,AA-2525-DFW-MIA,,11:06 AM
1181,AA-2525-DFW-MIA,7:22 AM,11:06 AM
1182,AA-2525-DFW-MIA,7:39 AM,10:43 AM
1183,AA-1664-MIA-ATL,10:18 AM,11:56 AM
1184,AA-1664-MIA-ATL,10:19 AM,11:50 AM
1185,AA-1664-MIA-ATL,10:19 AM,11:50 AM
1186,AA-1664-MIA-ATL,10:19 AM,11:50 AM
1187,AA-1664-MIA-ATL,10:19 AM,11:50 AM
1188,AA-1664-MIA-ATL,10:19 AM,11:50 AM
1189,AA-1664-MIA-ATL,10:19 AM,11:50 AM
1190,AA-1664-MIA-ATL,10:19 AM,11:50 AM
1191,AA-1664-MIA-ATL,10:18 AM,11:56 AM
1192,AA-1664-MIA-ATL,10:18 AM,11:56 AM
1193,AA-1664-MIA-ATL,10:18 AM,11:56 AM
1194,AA-1664-MIA-ATL,10:18 AM,11:56 AM
1195,AA-1664-MIA-ATL,10:18 AM,11:56 AM
1196,AA-1664-MIA-ATL,10:18 AM,11:56 AM
1197,AA-1664-MIA-ATL,10:19 AM,11:50 AM
1198,AA-1664-MIA-ATL,10:19 AM,11:50 AM
1199,AA-1664-MIA-ATL,10:19 AM,11:50 AM
1200,AA-1664-MIA-ATL,10:19 AM,11:50 AM
1201,AA-1664-MIA-ATL,10:19 AM,11:50 AM
1202,AA-1664-MIA-ATL,10:19 AM,11:50 AM
1203,AA-1664-MIA-ATL,10:10 AM,11:56 AM
1204,AA-1664-MIA-ATL,10:10 AM,11:56 AM
1205,AA-1664-MIA-ATL,10:19 AM,11:50 AM
1206,AA-1664-MIA-ATL,10:19 AM,11:50 AM
1207,AA-1664-MIA-ATL,10:10 AM,11:56 AM
1208,AA-1664-MIA-ATL,10:19 AM,11:50 AM
1209,CO-16-LAX-EWR,10:20 AM,6:34 PM
1210,CO-16-LAX-EWR,,
1211,CO-16-LAX-EWR,,
1212,CO-16-LAX-EWR,,
1213,CO-16-LAX-EWR,,
1214,CO-16-LAX-EWR,10:20 AM,6:34 PM
1215,CO-16-LAX-EWR,10:20 AM,6:34 PM
1216,CO-16-LAX-EWR,10:20 AM,6:34 PM
1217,CO-16-LAX-EWR,10:20 AM,6:34 PM
1218,CO-16-LAX-EWR,10:20 AM,6:34 PM
1219,CO-16-LAX-EWR,10:37 AM,6:34 PM
1220,CO-16-LAX-EWR,10:37 AM,6:34 PM
1221,CO-16-LAX-EWR,10:37 AM,6:34 PM
1222,CO-16-LAX-EWR,10:37 AM,6:34 PM
1223,CO-16-LAX-EWR,10:37 AM,6:34 PM
1224,CO-16-LAX-EWR,10:37 AM,6:13 PM
1225,CO-16-LAX-EWR,10:20 AM,6:34 PM
1226,CO-16-LAX-EWR,,
1227,CO-16-LAX-EWR,10:20 AM,6:34 PM
1228,CO-16-LAX-EWR,,
1229,CO-16-LAX-EWR,,
1230,AA-484-DFW-MIA,4:29 PM,7:39 PM
1231,AA-484-DFW-MIA,4:30 PM,7:37 PM
1232,AA-484-DFW-MIA,4:29 PM,7:37 PM
1233,AA-484-DFW-MIA,4:29 PM,7:37 PM
1234,AA-484-DFW-MIA,4:29 PM,7:37 PM
1235,AA-484-DFW-MIA,4:29 PM,7:37 PM
1236,AA-484-DFW-MIA,4:29 PM,7:37 PM
1237,AA-484-DFW-MIA,4:29 PM,7:37 PM
1238,AA-484-DFW-MIA,4:29 PM,7:39 PM
1239,AA-484-DFW-MIA,4:29 PM,7:39 PM
1240,AA-484-DFW-MIA,4:29 PM,7:39 PM
1241,AA-484-DFW-MIA,4:29 PM,7:39 PM
1242,AA-484-DFW-MIA,4:29 PM,7:39 PM
1243,AA-484-DFW-MIA,4:29 PM,7:39 PM
1244,AA-484-DFW-MIA,4:30 PM,7:39 PM
1245,AA-484-DFW-MIA,4:30 PM,7:39 PM
1246,AA-484-DFW-MIA,4:30 PM,7:39 PM
1247,AA-484-DFW-MIA,4:30 PM,7:39 PM
1248,AA-484-DFW-MIA,4:30 PM,7:39 PM
1249,AA-484-DFW-MIA,12:00 AM,7:35 PM
1250,AA-484-DFW-MIA,.,7:39 PM
1251,AA-484-DFW-MIA,4:16 PM,7:39 PM
1252,AA-484-DFW-MIA,,
1253,AA-484-DFW-MIA,,
1254,AA-484-DFW-MIA,,7:39 PM
1255,AA-484-DFW-MIA,,
1256,CO-1694-LAX-IAH,7:15 PM,12:21 AM
1257,CO-1694-LAX-IAH,,
1258,CO-1694-LAX-IAH,,
1259,CO-1694-LAX-IAH,,
1260,CO-1694-LAX-IAH,,
1261,CO-1694-LAX-IAH,7:25 PM,12:02 AM
1262,CO-1694-LAX-IAH,7:25 PM,12:02 AM
1263,CO-1694-LAX-IAH,,
1264,CO-1694-LAX-IAH,,
1265,CO-1694-LAX-IAH,,
1266,CO-1694-LAX-IAH,7:15 PM,12:21 AM
1267,CO-1694-LAX-IAH,7:15 PM,12:21 AM
1268,CO-1694-LAX-IAH,7:15 PM,12:21 AM
1269,CO-1694-LAX-IAH,,
1270,CO-1694-LAX-IAH,,
1271,CO-1694-LAX-IAH,,
1272,CO-1694-LAX-IAH,,
1273,CO-1694-LAX-IAH,,
1274,CO-1694-LAX-IAH,,
1275,CO-1694-LAX-IAH,Dec 01 - Contact Airline,Dec 02 - Contact Airline
1276,CO-1694-LAX-IAH,,
1277,CO-1694-LAX-IAH,,
1278,CO-1694-LAX-IAH,7:15 PM,12:21 AM
1279,CO-1694-LAX-IAH,,
1280,CO-1694-LAX-IAH,7:25 PM,12:02 AM
1281,CO-1694-LAX-IAH,7:15 PM,12:21 AM
1282,CO-1561-PHX-IAH,8:00 PM,11:32 AM
1283,CO-1561-PHX-IAH,8:17 AM,11:27 AM
1284,CO-1561-PHX-IAH,,
1285,CO-1561-PHX-IAH,,
1286,CO-1561-PHX-IAH,,
1287,CO-1561-PHX-IAH,,
1288,CO-1561-PHX-IAH,8:00 PM,11:32 AM
1289,CO-1561-PHX-IAH,8:00 PM,11:32 AM
1290,CO-1561-PHX-IAH,8:00 PM,11:32 AM
1291,CO-1561-PHX-IAH,8:00 PM,11:32 AM
1292,CO-1561-PHX-IAH,8:00 PM,11:32 AM
1293,CO-1561-PHX-IAH,8:18 AM,11:32 AM
1294,CO-1561-PHX-IAH,8:18 AM,11:32 AM
1295,CO-1561-PHX-IAH,8:18 AM,11:32 AM
1296,CO-1561-PHX-IAH,8:18 AM,11:32 AM
1297,CO-1561-PHX-IAH,8:18 AM,11:32 AM
1298,CO-1561-PHX-IAH,8:18 AM,11:26 AM
1299,CO-1561-PHX-IAH,8:00 AM,11:32 AM
1300,CO-1561-PHX-IAH,8:00 AM,11:32 AM
1301,CO-1561-PHX-IAH,,
1302,CO-1561-PHX-IAH,8:18 AM,11:26 AM
1303,UA-2726-FLL-PHL,4:00 PM,6:28 PM
1304,UA-2726-FLL-PHL,4:10 PM,6:25 PM
1305,UA-2726-FLL-PHL,4:10 PM,6:25 PM
1306,UA-2726-FLL-PHL,4:10 PM,6:25 PM
1307,UA-2726-FLL-PHL,4:10 PM,6:25 PM
1308,UA-2726-FLL-PHL,4:10 PM,6:23 PM
1309,UA-2726-FLL-PHL,4:10 PM,6:23 PM
1310,UA-2726-FLL-PHL,3:58 PM,6:28 PM
1311,UA-2726-FLL-PHL,3:58 PM,6:28 PM
1312,UA-2726-FLL-PHL,3:58 PM,6:28 PM
1313,UA-2726-FLL-PHL,3:58 PM,6:28 PM
1314,UA-2726-FLL-PHL,3:58 PM,6:28 PM
1315,UA-2726-FLL-PHL,3:58 PM,6:28 PM
1316,UA-2726-FLL-PHL,4:10 PM,6:25 PM
1317,UA-2726-FLL-PHL,4:10 PM,6:25 PM
1318,UA-2726-FLL-PHL,4:10 PM,6:25 PM
1319,UA-2726-FLL-PHL,4:10 PM,6:25 PM
1320,UA-2726-FLL-PHL,4:10 PM,6:25 PM
1321,UA-2726-FLL-PHL,4:10 PM,6:25 PM
1322,UA-2726-FLL-PHL,Dec 01 - Contact Airline,Dec 01 - Contact Airline
1323,UA-2726-FLL-PHL,3:58 PM,6:28 PM
1324,UA-2726-FLL-PHL,,
1325,UA-2726-FLL-PHL,3:58 PM,6:28 PM
1326,AA-3809-PHX-LAX,6:10 AM,6:19 AM
1327,AA-3809-PHX-LAX,6:11 AM,6:13 AM
1328,AA-3809-PHX-LAX,6:11 AM,6:15 AM
1329,AA-3809-PHX-LAX,6:11 AM,6:15 AM
1330,AA-3809-PHX-LAX,6:11 AM,6:15 AM
1331,AA-3809-PHX-LAX,6:11 AM,6:15 AM
1332,AA-3809-PHX-LAX,6:10 AM,6:09 AM
1333,AA-3809-PHX-LAX,6:10 AM,6:09 AM
1334,AA-3809-PHX-LAX,6:10 AM,6:19 AM
1335,AA-3809-PHX-LAX,6:10 AM,6:19 AM
1336,AA-3809-PHX-LAX,6:10 AM,6:19 AM
1337,AA-3809-PHX-LAX,6:10 AM,6:19 AM
1338,AA-3809-PHX-LAX,6:10 AM,6:19 AM
1339,AA-3809-PHX-LAX,6:10 AM,6:19 AM
1340,AA-3809-PHX-LAX,6:11 AM,6:19 AM
1341,AA-3809-PHX-LAX,6:11 AM,6:19 AM
1342,AA-3809-PHX-LAX,6:11 AM,6:19 AM
1343,AA-3809-PHX-LAX,6:11 AM,6:19 AM
1344,AA-3809-PHX-LAX,6:11 AM,6:19 AM
1345,AA-3809-PHX-LAX,6:11 AM,6:07 AM
1346,AA-3809-PHX-LAX,5:56 AM,6:19 AM
1347,AA-3809-PHX-LAX,5:56 AM,6:19 AM
1348,AA-3809-PHX-LAX,,
1349,AA-3809-PHX-LAX,6:10 AM,6:19 AM
1350,AA-3809-PHX-LAX,,
1351,AA-3809-PHX-LAX,6:10 AM,6:09 AM
1352,AA-3809-PHX-LAX,6:10 AM,6:19 AM
1353,AA-2312-DFW-DTW,,
1354,AA-2312-DFW-DTW,,
1355,AA-2312-DFW-DTW,8:29 PM,11:35 PM
1356,AA-2312-DFW-DTW,8:29 PM,11:35 PM
1357,AA-2312-DFW-DTW,8:29 PM,11:35 PM
1358,AA-2312-DFW-DTW,8:29 PM,11:35 PM
1359,AA-2312-DFW-DTW,8:29 PM,11:35 PM
1360,AA-2312-DFW-DTW,8:29 PM,11:35 PM
1361,AA-2312-DFW-DTW,,
1362,AA-2312-DFW-DTW,,
1363,AA-2312-DFW-DTW,,
1364,AA-2312-DFW-DTW,8:29 PM,11:35 PM
1365,AA-2312-DFW-DTW,8:29 PM,11:35 PM
1366,AA-2312-DFW-DTW,8:29 PM,11:35 PM
1367,AA-2312-DFW-DTW,,
1368,AA-2312-DFW-DTW,,
1369,AA-2312-DFW-DTW,,
1370,AA-2312-DFW-DTW,,
1371,AA-2312-DFW-DTW,,
1372,AA-2312-DFW-DTW,,Not Available
1373,AA-2312-DFW-DTW,,Dec 01 - Not Available
1374,AA-2312-DFW-DTW,,
1375,AA-2312-DFW-DTW,8:44 PM,11:54 PM
1376,AA-2312-DFW-DTW,,
1377,AA-2312-DFW-DTW,,
1378,AA-2312-DFW-DTW,8:29 PM,11:35 PM
1379,AA-2312-DFW-DTW,8:29 PM,11:35 PM
1380,CO-1088-CLE-IAH,8:40 AM,10:56 AM
1381,CO-1088-CLE-IAH,,
1382,CO-1088-CLE-IAH,,
1383,CO-1088-CLE-IAH,,
1384,CO-1088-CLE-IAH,,
1385,CO-1088-CLE-IAH,8:40 AM,10:56 AM
1386,CO-1088-CLE-IAH,8:40 AM,10:56 AM
1387,CO-1088-CLE-IAH,8:40 AM,10:56 AM
1388,CO-1088-CLE-IAH,8:40 AM,10:56 AM
1389,CO-1088-CLE-IAH,8:40 AM,10:56 AM
1390,CO-1088-CLE-IAH,9:01 AM,10:56 AM
1391,CO-1088-CLE-IAH,9:01 AM,10:56 AM
1392,CO-1088-CLE-IAH,9:01 AM,10:56 AM
1393,CO-1088-CLE-IAH,9:01 AM,10:56 AM
1394,CO-1088-CLE-IAH,9:01 AM,10:56 AM
1395,CO-1088-CLE-IAH,9:01 AM,10:47 AM
1396,CO-1088-CLE-IAH,8:40 AM,10:56 AM
1397,CO-1088-CLE-IAH,8:40 AM,10:56 AM
1398,CO-1088-CLE-IAH,,
1399,CO-1088-CLE-IAH,9:01 AM,10:47 AM
1400,AA-1165-JFK-MIA,7:22 AM,10:04 AM
1401,AA-1165-JFK-MIA,7:23 AM,9:45 AM
1402,AA-1165-JFK-MIA,7:23 AM,9:45 AM
1403,AA-1165-JFK-MIA,7:23 AM,9:45 AM
1404,AA-1165-JFK-MIA,7:23 AM,9:45 AM
1405,AA-1165-JFK-MIA,7:23 AM,9:45 AM
1406,AA-1165-JFK-MIA,7:22 AM,9:45 AM
1407,AA-1165-JFK-MIA,7:22 AM,9:45 AM
1408,AA-1165-JFK-MIA,7:22 AM,10:04 AM
1409,AA-1165-JFK-MIA,7:22 AM,10:04 AM
1410,AA-1165-JFK-MIA,7:22 AM,10:04 AM
1411,AA-1165-JFK-MIA,7:22 AM,10:04 AM
1412,AA-1165-JFK-MIA,7:22 AM,10:04 AM
1413,AA-1165-JFK-MIA,7:22 AM,10:04 AM
1414,AA-1165-JFK-MIA,7:23 AM,10:04 AM
1415,AA-1165-JFK-MIA,7:23 AM,10:04 AM
1416,AA-1165-JFK-MIA,7:23 AM,10:04 AM
1417,AA-1165-JFK-MIA,7:23 AM,10:04 AM
1418,AA-1165-JFK-MIA,7:23 AM,10:04 AM
1419,AA-1165-JFK-MIA,7:23 AM,9:58 AM
1420,AA-1165-JFK-MIA,6:56 AM,10:04 AM
1421,AA-1165-JFK-MIA,6:56 AM,10:04 AM
1422,AA-1165-JFK-MIA,7:23 AM,9:56 AM
1423,AA-1165-JFK-MIA,,10:08 AM
1424,AA-1165-JFK-MIA,6:56 AM,10:04 AM
1425,AA-415-BOS-ORD,8:56 AM,10:16 AM
1426,AA-415-BOS-ORD,8:55 AM,10:12 AM
1427,AA-415-BOS-ORD,8:55 AM,10:12 AM
1428,AA-415-BOS-ORD,8:55 AM,10:12 AM
1429,AA-415-BOS-ORD,8:55 AM,10:12 AM
1430,AA-415-BOS-ORD,8:56 AM,10:16 AM
1431,AA-415-BOS-ORD,8:56 AM,10:16 AM
1432,AA-415-BOS-ORD,8:56 AM,10:16 AM
1433,AA-415-BOS-ORD,8:56 AM,10:16 AM
1434,AA-415-BOS-ORD,8:56 AM,10:16 AM
1435,AA-415-BOS-ORD,8:56 AM,10:10 AM
1436,AA-415-BOS-ORD,8:56 AM,10:10 AM
1437,AA-415-BOS-ORD,8:56 AM,10:10 AM
1438,AA-415-BOS-ORD,8:56 AM,10:10 AM
1439,AA-415-BOS-ORD,8:56 AM,10:10 AM
1440,AA-415-BOS-ORD,8:56 AM,10:10 AM
1441,AA-415-BOS-ORD,8:32 AM,10:16 AM
1442,AA-415-BOS-ORD,8:32 AM,10:16 AM
1443,AA-415-BOS-ORD,,
1444,AA-415-BOS-ORD,,
1445,AA-415-BOS-ORD,8:56 AM,10:16 AM
1446,AA-415-BOS-ORD,8:32 AM,10:16 AM
1447,CO-89-IAH-EWR,6:02 AM,10:27 AM
1448,CO-89-IAH-EWR,,
1449,CO-89-IAH-EWR,,
1450,CO-89-IAH-EWR,,
1451,CO-89-IAH-EWR,,
1452,CO-89-IAH-EWR,6:02 AM,10:27 AM
1453,CO-89-IAH-EWR,6:02 AM,10:27 AM
1454,CO-89-IAH-EWR,6:02 AM,10:27 AM
1455,CO-89-IAH-EWR,6:02 AM,10:27 AM
1456,CO-89-IAH-EWR,6:02 AM,10:27 AM
1457,CO-89-IAH-EWR,6:17 AM,10:27 AM
1458,CO-89-IAH-EWR,6:17 AM,10:27 AM
1459,CO-89-IAH-EWR,6:17 AM,10:27 AM
1460,CO-89-IAH-EWR,6:17 AM,10:27 AM
1461,CO-89-IAH-EWR,6:17 AM,10:27 AM
1462,CO-89-IAH-EWR,6:17 AM,10:18 AM
1463,CO-89-IAH-EWR,6:02 AM,10:27 AM
1464,CO-89-IAH-EWR,6:02 AM,10:27 AM
1465,CO-89-IAH-EWR,,
1466,CO-89-IAH-EWR,6:02 AM,10:27 AM
1467,AA-4330-CVG-ORD,3:36 PM,3:33 PM
1468,AA-4330-CVG-ORD,3:36 PM,3:26 PM
1469,AA-4330-CVG-ORD,,
1470,AA-4330-CVG-ORD,,
1471,AA-4330-CVG-ORD,,
1472,AA-4330-CVG-ORD,,
1473,AA-4330-CVG-ORD,3:36 PM,3:26 PM
1474,AA-4330-CVG-ORD,3:36 PM,3:26 PM
1475,AA-4330-CVG-ORD,3:36 PM,3:26 PM
1476,AA-4330-CVG-ORD,3:36 PM,3:26 PM
1477,AA-4330-CVG-ORD,3:36 PM,3:33 PM
1478,AA-4330-CVG-ORD,3:36 PM,3:33 PM
1479,AA-4330-CVG-ORD,3:36 PM,3:33 PM
1480,AA-4330-CVG-ORD,3:36 PM,3:33 PM
1481,AA-4330-CVG-ORD,3:36 PM,3:33 PM
1482,AA-4330-CVG-ORD,3:36 PM,3:25 PM
1483,AA-4330-CVG-ORD,3:36 PM,3:25 PM
1484,AA-4330-CVG-ORD,3:36 PM,3:25 PM
1485,AA-4330-CVG-ORD,3:36 PM,3:25 PM
1486,AA-4330-CVG-ORD,3:36 PM,3:25 PM
1487,AA-4330-CVG-ORD,3:36 PM,3:25 PM
1488,AA-4330-CVG-ORD,3:27 PM,3:33 PM
1489,AA-4330-CVG-ORD,,
1490,AA-4330-CVG-ORD,3:36 PM,3:33 PM
1491,AA-4330-CVG-ORD,3:36 PM,3:26 PM
1492,AA-1434-DFW-MCO,7:21 AM,10:36 AM
1493,AA-1434-DFW-MCO,7:22 AM,10:34 AM
1494,AA-1434-DFW-MCO,7:22 AM,10:34 AM
1495,AA-1434-DFW-MCO,7:22 AM,10:34 AM
1496,AA-1434-DFW-MCO,7:22 AM,10:34 AM
1497,AA-1434-DFW-MCO,7:22 AM,10:34 AM
1498,AA-1434-DFW-MCO,7:21 AM,10:29 AM
1499,AA-1434-DFW-MCO,7:21 AM,10:29 AM
1500,AA-1434-DFW-MCO,7:21 AM,10:36 AM
1501,AA-1434-DFW-MCO,7:21 AM,10:36 AM
1502,AA-1434-DFW-MCO,7:21 AM,10:36 AM
1503,AA-1434-DFW-MCO,7:21 AM,10:36 AM
1504,AA-1434-DFW-MCO,7:21 AM,10:36 AM
1505,AA-1434-DFW-MCO,7:21 AM,10:36 AM
1506,AA-1434-DFW-MCO,7:22 AM,10:29 AM
1507,AA-1434-DFW-MCO,7:22 AM,10:29 AM
1508,AA-1434-DFW-MCO,7:22 AM,10:29 AM
1509,AA-1434-DFW-MCO,7:22 AM,10:29 AM
1510,AA-1434-DFW-MCO,7:22 AM,10:29 AM
1511,AA-1434-DFW-MCO,7:22 AM,10:29 AM
1512,AA-1434-DFW-MCO,7:08 AM,10:36 AM
1513,AA-1434-DFW-MCO,7:08 AM,10:36 AM
1514,AA-1434-DFW-MCO,7:22 AM,10:34 AM
1515,AA-1434-DFW-MCO,,10:28 AM
1516,AA-1434-DFW-MCO,7:21 AM,10:36 AM
1517,AA-1434-DFW-MCO,7:21 AM,10:29 AM
1518,AA-400-DFW-JFK,11:01 AM,3:04 PM
1519,AA-400-DFW-JFK,11:02 AM,2:58 PM
1520,AA-400-DFW-JFK,11:02 AM,2:58 PM
1521,AA-400-DFW-JFK,11:02 AM,2:58 PM
1522,AA-400-DFW-JFK,11:02 AM,2:58 PM
1523,AA-400-DFW-JFK,11:01 AM,2:58 PM
1524,AA-400-DFW-JFK,11:01 AM,2:58 PM
1525,AA-400-DFW-JFK,11:01 AM,3:04 PM
1526,AA-400-DFW-JFK,11:01 AM,3:04 PM
1527,AA-400-DFW-JFK,11:01 AM,3:04 PM
1528,AA-400-DFW-JFK,11:01 AM,3:04 PM
1529,AA-400-DFW-JFK,11:01 AM,3:04 PM
1530,AA-400-DFW-JFK,11:02 AM,3:04 PM
1531,AA-400-DFW-JFK,11:02 AM,3:04 PM
1532,AA-400-DFW-JFK,11:02 AM,3:04 PM
1533,AA-400-DFW-JFK,11:02 AM,3:04 PM
1534,AA-400-DFW-JFK,11:02 AM,3:04 PM
1535,AA-400-DFW-JFK,11:02 AM,3:04 PM
1536,AA-400-DFW-JFK,10:47 AM,3:04 PM
1537,AA-400-DFW-JFK,10:47 AM,3:04 PM
1538,AA-400-DFW-JFK,11:02 AM,2:52 PM
1539,AA-400-DFW-JFK,,
1540,AA-400-DFW-JFK,11:01 AM,3:04 PM
1541,AA-400-DFW-JFK,11:02 AM,2:52 PM
1542,AA-643-MIA-ORD,7:30 AM,9:31 AM
1543,AA-643-MIA-ORD,7:31 AM,9:26 AM
1544,AA-643-MIA-ORD,7:31 AM,9:26 AM
1545,AA-643-MIA-ORD,7:31 AM,9:26 AM
1546,AA-643-MIA-ORD,7:31 AM,9:26 AM
1547,AA-643-MIA-ORD,7:31 AM,9:26 AM
1548,AA-643-MIA-ORD,7:31 AM,9:26 AM
1549,AA-643-MIA-ORD,7:31 AM,9:26 AM
1550,AA-643-MIA-ORD,7:30 AM,9:31 AM
1551,AA-643-MIA-ORD,7:30 AM,9:31 AM
1552,AA-643-MIA-ORD,7:30 AM,9:31 AM
1553,AA-643-MIA-ORD,7:30 AM,9:31 AM
1554,AA-643-MIA-ORD,7:30 AM,9:31 AM
1555,AA-643-MIA-ORD,7:30 AM,9:31 AM
1556,AA-643-MIA-ORD,7:31 AM,9:29 AM
1557,AA-643-MIA-ORD,7:31 AM,9:29 AM
1558,AA-643-MIA-ORD,7:31 AM,9:29 AM
1559,AA-643-MIA-ORD,7:31 AM,9:29 AM
1560,AA-643-MIA-ORD,7:31 AM,9:29 AM
1561,AA-643-MIA-ORD,7:31 AM,9:29 AM
1562,AA-643-MIA-ORD,7:10 AM,9:31 AM
1563,AA-643-MIA-ORD,7:10 AM,9:31 AM
1564,AA-643-MIA-ORD,7:31 AM,9:23 AM
1565,AA-643-MIA-ORD,,
1566,AA-643-MIA-ORD,7:10 AM,9:31 AM
1567,AA-643-MIA-ORD,7:31 AM,9:26 AM
1568,UA-843-LAX-ORD,2:10 PM,7:58 PM
1569,UA-843-LAX-ORD,2:04 PM,7:20 PM
1570,UA-843-LAX-ORD,2:04 PM,7:20 PM
1571,UA-843-LAX-ORD,2:04 PM,7:20 PM
1572,UA-843-LAX-ORD,2:04 PM,7:20 PM
1573,UA-843-LAX-ORD,2:10 PM,7:58 PM
1574,UA-843-LAX-ORD,2:10 PM,7:58 PM
1575,UA-843-LAX-ORD,2:10 PM,7:58 PM
1576,UA-843-LAX-ORD,2:10 PM,7:58 PM
1577,UA-843-LAX-ORD,2:10 PM,7:58 PM
1578,UA-843-LAX-ORD,2:38 PM,7:58 PM
1579,UA-843-LAX-ORD,2:38 PM,7:58 PM
1580,UA-843-LAX-ORD,2:38 PM,7:58 PM
1581,UA-843-LAX-ORD,2:38 PM,7:58 PM
1582,UA-843-LAX-ORD,2:38 PM,7:58 PM
1583,UA-843-LAX-ORD,2:38 PM,7:58 PM
1584,UA-843-LAX-ORD,2:37 PM,7:58 PM
1585,UA-843-LAX-ORD,2:37 PM,7:58 PM
1586,UA-843-LAX-ORD,,
1587,UA-843-LAX-ORD,,
1588,UA-843-LAX-ORD,2:38 PM,7:53 PM
1589,AA-4344-ORD-DTW,12:13 PM,2:10 PM
1590,AA-4344-ORD-DTW,12:14 PM,1:55 PM
1591,AA-4344-ORD-DTW,12:14 PM,1:55 PM
1592,AA-4344-ORD-DTW,12:14 PM,1:55 PM
1593,AA-4344-ORD-DTW,12:14 PM,1:55 PM
1594,AA-4344-ORD-DTW,12:14 PM,1:55 PM
1595,AA-4344-ORD-DTW,12:13 PM,2:10 PM
1596,AA-4344-ORD-DTW,12:13 PM,2:10 PM
1597,AA-4344-ORD-DTW,12:13 PM,2:10 PM
1598,AA-4344-ORD-DTW,12:13 PM,2:10 PM
1599,AA-4344-ORD-DTW,12:13 PM,2:10 PM
1600,AA-4344-ORD-DTW,12:14 PM,2:01 PM
1601,AA-4344-ORD-DTW,12:14 PM,2:01 PM
1602,AA-4344-ORD-DTW,12:14 PM,2:01 PM
1603,AA-4344-ORD-DTW,12:14 PM,2:01 PM
1604,AA-4344-ORD-DTW,12:14 PM,2:01 PM
1605,AA-4344-ORD-DTW,12:14 PM,2:01 PM
1606,AA-4344-ORD-DTW,11:47 AM,2:10 PM
1607,AA-4344-ORD-DTW,11:47 AM,2:10 PM
1608,AA-4344-ORD-DTW,,
1609,AA-4344-ORD-DTW,,
1610,AA-4344-ORD-DTW,11:47 AM,2:10 PM
1611,AA-4344-ORD-DTW,12:14 PM,2:01 PM
1612,UA-257-JFK-SFO,2:26 PM,5:42 PM
1613,UA-257-JFK-SFO,2:41 PM,5:22 PM
1614,UA-257-JFK-SFO,2:43 PM,5:22 PM
1615,UA-257-JFK-SFO,2:43 PM,5:22 PM
1616,UA-257-JFK-SFO,2:43 PM,5:22 PM
1617,UA-257-JFK-SFO,2:43 PM,5:22 PM
1618,UA-257-JFK-SFO,2:42 PM,5:27 PM
1619,UA-257-JFK-SFO,2:42 PM,5:27 PM
1620,UA-257-JFK-SFO,2:26 PM,5:42 PM
1621,UA-257-JFK-SFO,2:26 PM,5:42 PM
1622,UA-257-JFK-SFO,2:26 PM,5:42 PM
1623,UA-257-JFK-SFO,2:26 PM,5:42 PM
1624,UA-257-JFK-SFO,2:26 PM,5:42 PM
1625,UA-257-JFK-SFO,2:26 PM,5:42 PM
1626,UA-257-JFK-SFO,2:43 PM,5:42 PM
1627,UA-257-JFK-SFO,2:43 PM,5:42 PM
1628,UA-257-JFK-SFO,2:43 PM,5:42 PM
1629,UA-257-JFK-SFO,2:43 PM,5:42 PM
1630,UA-257-JFK-SFO,2:43 PM,5:42 PM
1631,UA-257-JFK-SFO,2:43 PM,5:28 PM
1632,UA-257-JFK-SFO,2:42 PM,5:42 PM
1633,UA-257-JFK-SFO,2:42 PM,5:42 PM
1634,UA-257-JFK-SFO,,
1635,UA-257-JFK-SFO,,
1636,UA-257-JFK-SFO,2:43 PM,5:28 PM
1637,UA-257-JFK-SFO,2:42 PM,5:42 PM
1638,UA-257-JFK-SFO,2:43 PM,5:28 PM
1639,AA-446-DFW-PHL,12:12 PM,4:09 PM
1640,AA-446-DFW-PHL,12:13 PM,4:08 PM
1641,AA-446-DFW-PHL,12:13 PM,4:08 PM
1642,AA-446-DFW-PHL,12:13 PM,4:08 PM
1643,AA-446-DFW-PHL,12:13 PM,4:08 PM
1644,AA-446-DFW-PHL,12:13 PM,4:08 PM
1645,AA-446-DFW-PHL,12:13 PM,3:59 PM
1646,AA-446-DFW-PHL,12:13 PM,3:59 PM
1647,AA-446-DFW-PHL,12:12 PM,4:09 PM
1648,AA-446-DFW-PHL,12:12 PM,4:09 PM
1649,AA-446-DFW-PHL,12:12 PM,4:09 PM
1650,AA-446-DFW-PHL,12:12 PM,4:09 PM
1651,AA-446-DFW-PHL,12:12 PM,4:09 PM
1652,AA-446-DFW-PHL,12:12 PM,4:09 PM
1653,AA-446-DFW-PHL,12:13 PM,4:09 PM
1654,AA-446-DFW-PHL,12:13 PM,4:09 PM
1655,AA-446-DFW-PHL,12:13 PM,4:09 PM
1656,AA-446-DFW-PHL,12:13 PM,4:09 PM
1657,AA-446-DFW-PHL,12:13 PM,4:09 PM
1658,AA-446-DFW-PHL,12:13 PM,4:09 PM
1659,AA-446-DFW-PHL,11:54 AM,4:09 PM
1660,AA-446-DFW-PHL,11:54 AM,4:09 PM
1661,AA-446-DFW-PHL,,
1662,AA-446-DFW-PHL,,
1663,AA-446-DFW-PHL,,
1664,AA-446-DFW-PHL,12:12 PM,4:09 PM
1665,CO-45-EWR-MIA,3:58 PM,6:36 PM
1666,CO-45-EWR-MIA,,
1667,CO-45-EWR-MIA,,
1668,CO-45-EWR-MIA,,
1669,CO-45-EWR-MIA,,
1670,CO-45-EWR-MIA,4:14 PM,6:33 PM
1671,CO-45-EWR-MIA,4:14 PM,6:33 PM
1672,CO-45-EWR-MIA,3:58 PM,6:36 PM
1673,CO-45-EWR-MIA,3:58 PM,6:36 PM
1674,CO-45-EWR-MIA,3:58 PM,6:36 PM
1675,CO-45-EWR-MIA,3:58 PM,6:36 PM
1676,CO-45-EWR-MIA,3:58 PM,6:36 PM
1677,CO-45-EWR-MIA,3:58 PM,6:36 PM
1678,CO-45-EWR-MIA,4:15 PM,6:36 PM
1679,CO-45-EWR-MIA,4:15 PM,6:36 PM
1680,CO-45-EWR-MIA,4:15 PM,6:36 PM
1681,CO-45-EWR-MIA,4:15 PM,6:36 PM
1682,CO-45-EWR-MIA,4:15 PM,6:36 PM
1683,CO-45-EWR-MIA,4:15 PM,6:36 PM
1684,CO-45-EWR-MIA,3:58 PM,6:36 PM
1685,CO-45-EWR-MIA,3:58 PM,6:36 PM
1686,CO-45-EWR-MIA,,
1687,AA-3786-IAH-ORD,4:12 PM,6:15 PM
1688,AA-3786-IAH-ORD,4:12 PM,6:11 PM
1689,AA-3786-IAH-ORD,4:12 PM,6:11 PM
1690,AA-3786-IAH-ORD,4:12 PM,6:11 PM
1691,AA-3786-IAH-ORD,4:12 PM,6:11 PM
1692,AA-3786-IAH-ORD,4:12 PM,6:11 PM
1693,AA-3786-IAH-ORD,4:12 PM,6:11 PM
1694,AA-3786-IAH-ORD,4:12 PM,6:15 PM
1695,AA-3786-IAH-ORD,4:12 PM,6:15 PM
1696,AA-3786-IAH-ORD,4:12 PM,6:15 PM
1697,AA-3786-IAH-ORD,4:12 PM,6:15 PM
1698,AA-3786-IAH-ORD,4:12 PM,6:15 PM
1699,AA-3786-IAH-ORD,4:12 PM,6:15 PM
1700,AA-3786-IAH-ORD,4:12 PM,6:09 PM
1701,AA-3786-IAH-ORD,4:12 PM,6:09 PM
1702,AA-3786-IAH-ORD,4:12 PM,6:09 PM
1703,AA-3786-IAH-ORD,4:12 PM,6:09 PM
1704,AA-3786-IAH-ORD,4:12 PM,6:09 PM
1705,AA-3786-IAH-ORD,4:12 PM,6:09 PM
1706,AA-3786-IAH-ORD,3:52 PM,6:15 PM
1707,AA-3786-IAH-ORD,3:52 PM,6:15 PM
1708,AA-3786-IAH-ORD,,
1709,AA-3786-IAH-ORD,,
1710,AA-3786-IAH-ORD,4:12 PM,6:15 PM
1711,AA-3786-IAH-ORD,,
1712,AA-3786-IAH-ORD,3:52 PM,6:15 PM
1713,AA-3786-IAH-ORD,4:12 PM,6:11 PM
1714,AA-3786-IAH-ORD,,
1715,UA-233-LAX-JFK,4:25 PM,12:29 AM
1716,UA-233-LAX-JFK,4:28 PM,12:00 AM
1717,UA-233-LAX-JFK,,
1718,UA-233-LAX-JFK,4:28 PM,12:01 AM
1719,UA-233-LAX-JFK,4:28 PM,12:01 AM
1720,UA-233-LAX-JFK,4:28 PM,12:01 AM
1721,UA-233-LAX-JFK,4:28 PM,12:01 AM
1722,UA-233-LAX-JFK,4:35 PM,12:19 AM
1723,UA-233-LAX-JFK,4:35 PM,12:19 AM
1724,UA-233-LAX-JFK,,
1725,UA-233-LAX-JFK,,
1726,UA-233-LAX-JFK,,
1727,UA-233-LAX-JFK,4:28 PM,12:01 AM
1728,UA-233-LAX-JFK,4:28 PM,12:01 AM
1729,UA-233-LAX-JFK,4:28 PM,12:01 AM
1730,UA-233-LAX-JFK,,
1731,UA-233-LAX-JFK,,
1732,UA-233-LAX-JFK,,
1733,UA-233-LAX-JFK,,
1734,UA-233-LAX-JFK,,
1735,UA-233-LAX-JFK,,Not Available
1736,UA-233-LAX-JFK,,Dec 01 - Not Available
1737,UA-233-LAX-JFK,,
1738,UA-233-LAX-JFK,4:30 PM,11:56 PM
1739,UA-233-LAX-JFK,4:28 PM,12:01 AM
1740,UA-233-LAX-JFK,,Not Available
1741,UA-233-LAX-JFK,,
1742,UA-233-LAX-JFK,4:28 PM,12:01 AM
1743,AA-1522-SFO-ORD,,
1744,AA-1522-SFO-ORD,12:11 AM,5:52 AM
1745,AA-1522-SFO-ORD,,
1746,AA-1522-SFO-ORD,12:11 AM,5:52 AM
1747,AA-1522-SFO-ORD,12:11 AM,5:52 AM
1748,AA-1522-SFO-ORD,12:11 AM,5:52 AM
1749,AA-1522-SFO-ORD,12:11 AM,5:52 AM
1750,AA-1522-SFO-ORD,,
1751,AA-1522-SFO-ORD,,
1752,AA-1522-SFO-ORD,,
1753,AA-1522-SFO-ORD,12:10 AM,5:42 AM
1754,AA-1522-SFO-ORD,12:10 AM,5:42 AM
1755,AA-1522-SFO-ORD,12:10 AM,5:42 AM
1756,AA-1522-SFO-ORD,,
1757,AA-1522-SFO-ORD,,
1758,AA-1522-SFO-ORD,,
1759,AA-1522-SFO-ORD,,
1760,AA-1522-SFO-ORD,,
1761,AA-1522-SFO-ORD,12:11 AM,5:54 AM
1762,AA-1522-SFO-ORD,,
1763,AA-1522-SFO-ORD,,Dec 02 - Not Available
1764,AA-1522-SFO-ORD,,
1765,AA-1522-SFO-ORD,12:11 AM,5:49 AM
1766,AA-1522-SFO-ORD,,
1767,AA-1522-SFO-ORD,12:10 AM,5:42 AM
1768,AA-3859-IAH-ORD,7:16 AM,9:32 AM
1769,AA-3859-IAH-ORD,7:16 AM,9:22 AM
1770,AA-3859-IAH-ORD,7:16 AM,9:22 AM
1771,AA-3859-IAH-ORD,7:16 AM,9:22 AM
1772,AA-3859-IAH-ORD,7:16 AM,9:22 AM
1773,AA-3859-IAH-ORD,7:16 AM,9:22 AM
1774,AA-3859-IAH-ORD,7:16 AM,9:22 AM
1775,AA-3859-IAH-ORD,7:16 AM,9:22 AM
1776,AA-3859-IAH-ORD,7:16 AM,9:32 AM
1777,AA-3859-IAH-ORD,7:16 AM,9:32 AM
1778,AA-3859-IAH-ORD,7:16 AM,9:32 AM
1779,AA-3859-IAH-ORD,7:16 AM,9:32 AM
1780,AA-3859-IAH-ORD,7:16 AM,9:32 AM
1781,AA-3859-IAH-ORD,7:16 AM,9:32 AM
1782,AA-3859-IAH-ORD,7:16 AM,9:22 AM
1783,AA-3859-IAH-ORD,7:16 AM,9:22 AM
1784,AA-3859-IAH-ORD,7:16 AM,9:22 AM
1785,AA-3859-IAH-ORD,7:16 AM,9:22 AM
1786,AA-3859-IAH-ORD,7:16 AM,9:22 AM
1787,AA-3859-IAH-ORD,7:16 AM,9:22 AM
1788,AA-3859-IAH-ORD,7:02 AM,9:32 AM
1789,AA-3859-IAH-ORD,7:02 AM,9:32 AM
1790,AA-3859-IAH-ORD,,
1791,AA-3859-IAH-ORD,,
1792,AA-3859-IAH-ORD,,
1793,AA-3859-IAH-ORD,7:16 AM,9:22 AM
1794,AA-3859-IAH-ORD,7:16 AM,9:22 AM
1795,AA-404-MIA-MCO,6:57 AM,7:40 AM
1796,AA-404-MIA-MCO,6:58 AM,7:37 AM
1797,AA-404-MIA-MCO,6:58 AM,7:37 AM
1798,AA-404-MIA-MCO,6:58 AM,7:37 AM
1799,AA-404-MIA-MCO,6:58 AM,7:37 AM
1800,AA-404-MIA-MCO,6:58 AM,7:37 AM
1801,AA-404-MIA-MCO,6:57 AM,7:35 AM
1802,AA-404-MIA-MCO,6:57 AM,7:35 AM
1803,AA-404-MIA-MCO,6:57 AM,7:40 AM
1804,AA-404-MIA-MCO,6:57 AM,7:40 AM
1805,AA-404-MIA-MCO,6:57 AM,7:40 AM
1806,AA-404-MIA-MCO,6:57 AM,7:40 AM
1807,AA-404-MIA-MCO,6:57 AM,7:40 AM
1808,AA-404-MIA-MCO,6:57 AM,7:40 AM
1809,AA-404-MIA-MCO,6:58 AM,7:32 AM
1810,AA-404-MIA-MCO,6:58 AM,7:32 AM
1811,AA-404-MIA-MCO,6:58 AM,7:32 AM
1812,AA-404-MIA-MCO,6:58 AM,7:32 AM
1813,AA-404-MIA-MCO,6:58 AM,7:32 AM
1814,AA-404-MIA-MCO,6:58 AM,7:32 AM
1815,AA-404-MIA-MCO,6:41 AM,7:40 AM
1816,AA-404-MIA-MCO,6:41 AM,7:40 AM
1817,AA-404-MIA-MCO,6:58 AM,7:40 AM
1818,AA-404-MIA-MCO,,7:31 AM
1819,AA-404-MIA-MCO,6:57 AM,7:40 AM
1820,AA-404-MIA-MCO,6:41 AM,7:40 AM
1821,AA-404-MIA-MCO,6:57 AM,7:40 AM
1822,CO-1193-EWR-MCO,9:14 AM,12:09 PM
1823,CO-1193-EWR-MCO,9:56 AM,12:02 PM
1824,CO-1193-EWR-MCO,,
1825,CO-1193-EWR-MCO,,
1826,CO-1193-EWR-MCO,,
1827,CO-1193-EWR-MCO,,
1828,CO-1193-EWR-MCO,9:57 AM,12:02 PM
1829,CO-1193-EWR-MCO,9:57 AM,12:02 PM
1830,CO-1193-EWR-MCO,9:14 AM,12:09 PM
1831,CO-1193-EWR-MCO,9:14 AM,12:09 PM
1832,CO-1193-EWR-MCO,9:14 AM,12:09 PM
1833,CO-1193-EWR-MCO,9:14 AM,12:09 PM
1834,CO-1193-EWR-MCO,9:14 AM,12:09 PM
1835,CO-1193-EWR-MCO,9:14 AM,12:09 PM
1836,CO-1193-EWR-MCO,9:58 AM,12:09 PM
1837,CO-1193-EWR-MCO,9:58 AM,12:09 PM
1838,CO-1193-EWR-MCO,9:58 AM,12:09 PM
1839,CO-1193-EWR-MCO,9:58 AM,12:09 PM
1840,CO-1193-EWR-MCO,9:58 AM,12:09 PM
1841,CO-1193-EWR-MCO,9:58 AM,12:03 PM
1842,CO-1193-EWR-MCO,9:14 AM,12:09 PM
1843,CO-1193-EWR-MCO,9:14 AM,12:09 PM
1844,CO-1193-EWR-MCO,,
1845,CO-1193-EWR-MCO,,
1846,CO-1193-EWR-MCO,9:14 AM,12:09 PM
1847,CO-1193-EWR-MCO,,
1848,UA-858-PVG-SFO,1:32 PM,8:02 AM
1849,UA-858-PVG-SFO,1:50 PM,7:50 AM
1850,UA-858-PVG-SFO,1:50 PM,7:50 AM
1851,UA-858-PVG-SFO,1:50 PM,7:50 AM
1852,UA-858-PVG-SFO,1:50 PM,7:50 AM
1853,UA-858-PVG-SFO,1:32 PM,8:02 AM
1854,UA-858-PVG-SFO,1:32 PM,8:02 AM
1855,UA-858-PVG-SFO,1:32 PM,8:02 AM
1856,UA-858-PVG-SFO,1:45 PM,8:02 AM
1857,UA-858-PVG-SFO,1:45 PM,8:02 AM
1858,UA-858-PVG-SFO,1:45 PM,8:02 AM
1859,UA-858-PVG-SFO,1:45 PM,8:02 AM
1860,UA-858-PVG-SFO,1:45 PM,8:02 AM
1861,UA-858-PVG-SFO,12:45 AM,7:58 AM
1862,UA-858-PVG-SFO,1:50 PM,8:02 AM
1863,UA-858-PVG-SFO,1:32 PM,8:02 AM
1864,UA-858-PVG-SFO,,
1865,UA-858-PVG-SFO,,
1866,UA-2314-ATL-PHL,2:55 PM,4:47 PM
1867,UA-2314-ATL-PHL,3:04 PM,4:43 PM
1868,UA-2314-ATL-PHL,3:04 PM,4:43 PM
1869,UA-2314-ATL-PHL,3:04 PM,4:43 PM
1870,UA-2314-ATL-PHL,3:04 PM,4:43 PM
1871,UA-2314-ATL-PHL,2:46 PM,4:47 PM
1872,UA-2314-ATL-PHL,2:46 PM,4:47 PM
1873,UA-2314-ATL-PHL,2:46 PM,4:47 PM
1874,UA-2314-ATL-PHL,2:46 PM,4:47 PM
1875,UA-2314-ATL-PHL,2:46 PM,4:47 PM
1876,UA-2314-ATL-PHL,3:04 PM,5:00 PM
1877,UA-2314-ATL-PHL,3:04 PM,5:00 PM
1878,UA-2314-ATL-PHL,3:04 PM,5:00 PM
1879,UA-2314-ATL-PHL,3:04 PM,5:00 PM
1880,UA-2314-ATL-PHL,3:04 PM,5:00 PM
1881,UA-2314-ATL-PHL,3:04 PM,4:45 PM
1882,UA-2314-ATL-PHL,Dec 01 - Contact Airline,Dec 01 - Contact Airline
1883,UA-2314-ATL-PHL,2:46 PM,4:47 PM
1884,UA-2314-ATL-PHL,,
1885,UA-2314-ATL-PHL,2:46 PM,4:47 PM
1886,UA-2314-ATL-PHL,,
1887,UA-3515-IAD-MSP,8:12 AM,9:56 AM
1888,UA-3515-IAD-MSP,8:26 AM,9:56 AM
1889,UA-3515-IAD-MSP,8:26 AM,9:56 AM
1890,UA-3515-IAD-MSP,8:26 AM,9:56 AM
1891,UA-3515-IAD-MSP,8:26 AM,9:56 AM
1892,UA-3515-IAD-MSP,8:12 AM,9:56 AM
1893,UA-3515-IAD-MSP,8:12 AM,9:56 AM
1894,UA-3515-IAD-MSP,8:12 AM,9:56 AM
1895,UA-3515-IAD-MSP,8:12 AM,9:56 AM
1896,UA-3515-IAD-MSP,8:12 AM,9:56 AM
1897,UA-3515-IAD-MSP,8:26 AM,9:56 AM
1898,UA-3515-IAD-MSP,8:26 AM,9:56 AM
1899,UA-3515-IAD-MSP,8:26 AM,9:56 AM
1900,UA-3515-IAD-MSP,8:26 AM,9:56 AM
1901,UA-3515-IAD-MSP,8:26 AM,9:56 AM
1902,UA-3515-IAD-MSP,8:26 AM,9:54 AM
1903,UA-3515-IAD-MSP,8:24 AM,9:56 AM
1904,UA-3515-IAD-MSP,8:12 AM,9:56 AM
1905,UA-3515-IAD-MSP,,
1906,UA-3515-IAD-MSP,8:26 AM,9:54 AM
1907,UA-854-SFO-IAH,7:49 AM,1:30 PM
1908,UA-854-SFO-IAH,8:07 AM,1:23 PM
1909,UA-854-SFO-IAH,8:07 AM,1:23 PM
1910,UA-854-SFO-IAH,8:07 AM,1:23 PM
1911,UA-854-SFO-IAH,8:07 AM,1:23 PM
1912,UA-854-SFO-IAH,7:49 AM,1:30 PM
1913,UA-854-SFO-IAH,7:49 AM,1:30 PM
1914,UA-854-SFO-IAH,7:49 AM,1:30 PM
1915,UA-854-SFO-IAH,7:49 AM,1:30 PM
1916,UA-854-SFO-IAH,7:49 AM,1:30 PM
1917,UA-854-SFO-IAH,8:07 AM,1:30 PM
1918,UA-854-SFO-IAH,8:07 AM,1:30 PM
1919,UA-854-SFO-IAH,8:07 AM,1:30 PM
1920,UA-854-SFO-IAH,8:07 AM,1:30 PM
1921,UA-854-SFO-IAH,8:07 AM,1:30 PM
1922,UA-854-SFO-IAH,8:07 AM,1:27 PM
1923,UA-854-SFO-IAH,8:07 AM,1:30 PM
1924,UA-854-SFO-IAH,7:49 AM,1:30 PM
1925,UA-854-SFO-IAH,8:07 AM,1:23 PM
1926,UA-854-SFO-IAH,8:07 AM,1:30 PM
1927,UA-854-SFO-IAH,8:07 AM,1:27 PM
1928,CO-63-EWR-IAH,5:22 PM,8:03 PM
1929,CO-63-EWR-IAH,,
1930,CO-63-EWR-IAH,,
1931,CO-63-EWR-IAH,,
1932,CO-63-EWR-IAH,,
1933,CO-63-EWR-IAH,5:38 PM,7:43 PM
1934,CO-63-EWR-IAH,5:38 PM,7:43 PM
1935,CO-63-EWR-IAH,5:22 PM,8:03 PM
1936,CO-63-EWR-IAH,5:22 PM,8:03 PM
1937,CO-63-EWR-IAH,5:22 PM,8:03 PM
1938,CO-63-EWR-IAH,5:22 PM,8:03 PM
1939,CO-63-EWR-IAH,5:22 PM,8:03 PM
1940,CO-63-EWR-IAH,5:38 PM,8:03 PM
1941,CO-63-EWR-IAH,5:38 PM,8:03 PM
1942,CO-63-EWR-IAH,5:38 PM,8:03 PM
1943,CO-63-EWR-IAH,5:38 PM,8:03 PM
1944,CO-63-EWR-IAH,5:38 PM,8:03 PM
1945,CO-63-EWR-IAH,5:38 PM,7:55 PM
1946,CO-63-EWR-IAH,5:22 PM,8:03 PM
1947,CO-63-EWR-IAH,5:38 PM,7:55 PM
1948,CO-63-EWR-IAH,5:38 PM,7:43 PM
1949,CO-58-DEN-IAH,11:32 AM,3:31 PM
1950,CO-58-DEN-IAH,,
1951,CO-58-DEN-IAH,,
1952,CO-58-DEN-IAH,,
1953,CO-58-DEN-IAH,,
1954,CO-58-DEN-IAH,11:32 AM,3:31 PM
1955,CO-58-DEN-IAH,11:32 AM,3:31 PM
1956,CO-58-DEN-IAH,11:32 AM,3:31 PM
1957,CO-58-DEN-IAH,11:32 AM,3:31 PM
1958,CO-58-DEN-IAH,11:32 AM,3:31 PM
1959,CO-58-DEN-IAH,12:37 PM,3:31 PM
1960,CO-58-DEN-IAH,12:37 PM,3:31 PM
1961,CO-58-DEN-IAH,12:37 PM,3:31 PM
1962,CO-58-DEN-IAH,12:37 PM,3:31 PM
1963,CO-58-DEN-IAH,12:37 PM,3:31 PM
1964,CO-58-DEN-IAH,12:37 PM,3:25 PM
1965,CO-58-DEN-IAH,11:37 AM,3:31 PM
1966,CO-58-DEN-IAH,,
1967,CO-58-DEN-IAH,,
1968,CO-58-DEN-IAH,11:32 AM,3:31 PM
1969,AA-3-JFK-LAX,12:11 PM,3:16 PM
1970,AA-3-JFK-LAX,12:12 PM,3:04 PM
1971,AA-3-JFK-LAX,12:12 PM,3:04 PM
1972,AA-3-JFK-LAX,12:12 PM,3:04 PM
1973,AA-3-JFK-LAX,12:12 PM,3:04 PM
1974,AA-3-JFK-LAX,12:12 PM,3:04 PM
1975,AA-3-JFK-LAX,12:12 PM,3:04 PM
1976,AA-3-JFK-LAX,12:12 PM,3:04 PM
1977,AA-3-JFK-LAX,12:11 PM,3:16 PM
1978,AA-3-JFK-LAX,12:11 PM,3:16 PM
1979,AA-3-JFK-LAX,12:11 PM,3:16 PM
1980,AA-3-JFK-LAX,12:11 PM,3:16 PM
1981,AA-3-JFK-LAX,12:11 PM,3:16 PM
1982,AA-3-JFK-LAX,12:11 PM,3:16 PM
1983,AA-3-JFK-LAX,12:12 PM,3:16 PM
1984,AA-3-JFK-LAX,12:12 PM,3:16 PM
1985,AA-3-JFK-LAX,12:12 PM,3:16 PM
1986,AA-3-JFK-LAX,12:12 PM,3:16 PM
1987,AA-3-JFK-LAX,12:12 PM,3:16 PM
1988,AA-3-JFK-LAX,12:12 PM,3:10 PM
1989,AA-3-JFK-LAX,11:54 AM,3:16 PM
1990,AA-3-JFK-LAX,11:54 AM,3:16 PM
1991,AA-3-JFK-LAX,12:12 PM,3:09 PM
1992,AA-3-JFK-LAX,12:11 PM,3:16 PM
1993,AA-3-JFK-LAX,12:12 PM,3:10 PM
1994,AA-431-MIA-SFO,8:51 AM,11:44 AM
1995,AA-431-MIA-SFO,8:52 AM,11:33 AM
1996,AA-431-MIA-SFO,8:52 AM,11:33 AM
1997,AA-431-MIA-SFO,8:52 AM,11:33 AM
1998,AA-431-MIA-SFO,8:52 AM,11:33 AM
1999,AA-431-MIA-SFO,8:52 AM,11:33 AM
2000,AA-431-MIA-SFO,8:51 AM,11:33 AM
2001,AA-431-MIA-SFO,8:51 AM,11:33 AM
2002,AA-431-MIA-SFO,8:51 AM,11:44 AM
2003,AA-431-MIA-SFO,8:51 AM,11:44 AM
2004,AA-431-MIA-SFO,8:51 AM,11:44 AM
2005,AA-431-MIA-SFO,8:51 AM,11:44 AM
2006,AA-431-MIA-SFO,8:51 AM,11:44 AM
2007,AA-431-MIA-SFO,8:51 AM,11:44 AM
2008,AA-431-MIA-SFO,8:52 AM,11:44 AM
2009,AA-431-MIA-SFO,8:52 AM,11:44 AM
2010,AA-431-MIA-SFO,8:52 AM,11:44 AM
2011,AA-431-MIA-SFO,8:52 AM,11:44 AM
2012,AA-431-MIA-SFO,8:52 AM,11:44 AM
2013,AA-431-MIA-SFO,8:52 AM,11:40 AM
2014,AA-431-MIA-SFO,8:31 AM,11:44 AM
2015,AA-431-MIA-SFO,8:31 AM,11:44 AM
2016,AA-431-MIA-SFO,8:52 AM,11:39 AM
2017,AA-431-MIA-SFO,,
2018,AA-431-MIA-SFO,8:51 AM,11:44 AM
2019,AA-431-MIA-SFO,8:31 AM,11:44 AM
2020,AA-431-MIA-SFO,8:52 AM,11:40 AM
2021,CO-1586-IAH-MCO,7:14 PM,10:29 AM
2022,CO-1586-IAH-MCO,7:41 PM,10:22 PM
2023,CO-1586-IAH-MCO,,
2024,CO-1586-IAH-MCO,,
2025,CO-1586-IAH-MCO,,
2026,CO-1586-IAH-MCO,,
2027,CO-1586-IAH-MCO,7:42 PM,10:24 PM
2028,CO-1586-IAH-MCO,7:42 PM,10:24 PM
2029,CO-1586-IAH-MCO,7:14 PM,10:29 AM
2030,CO-1586-IAH-MCO,7:14 PM,10:29 AM
2031,CO-1586-IAH-MCO,7:14 PM,10:29 AM
2032,CO-1586-IAH-MCO,7:14 PM,10:29 AM
2033,CO-1586-IAH-MCO,7:14 PM,10:29 AM
2034,CO-1586-IAH-MCO,7:42 PM,10:29 AM
2035,CO-1586-IAH-MCO,7:42 PM,10:29 AM
2036,CO-1586-IAH-MCO,7:42 PM,10:29 AM
2037,CO-1586-IAH-MCO,7:42 PM,10:29 AM
2038,CO-1586-IAH-MCO,7:42 PM,10:29 AM
2039,CO-1586-IAH-MCO,7:42 PM,10:23 AM
2040,CO-1586-IAH-MCO,7:14 PM,10:02 AM
2041,CO-1586-IAH-MCO,,10:25 AM
2042,CO-1586-IAH-MCO,7:42 PM,10:23 AM
2043,CO-1586-IAH-MCO,7:14 PM,10:02 AM
2044,AA-85-JFK-SFO,3:36 PM,6:43 PM
2045,AA-85-JFK-SFO,3:38 PM,6:30 PM
2046,AA-85-JFK-SFO,3:38 PM,6:30 PM
2047,AA-85-JFK-SFO,3:38 PM,6:30 PM
2048,AA-85-JFK-SFO,3:38 PM,6:30 PM
2049,AA-85-JFK-SFO,3:36 PM,6:30 PM
2050,AA-85-JFK-SFO,3:36 PM,6:30 PM
2051,AA-85-JFK-SFO,3:36 PM,6:43 PM
2052,AA-85-JFK-SFO,3:36 PM,6:43 PM
2053,AA-85-JFK-SFO,3:36 PM,6:43 PM
2054,AA-85-JFK-SFO,3:36 PM,6:43 PM
2055,AA-85-JFK-SFO,3:36 PM,6:43 PM
2056,AA-85-JFK-SFO,3:36 PM,6:43 PM
2057,AA-85-JFK-SFO,3:38 PM,6:43 PM
2058,AA-85-JFK-SFO,3:38 PM,6:43 PM
2059,AA-85-JFK-SFO,3:38 PM,6:43 PM
2060,AA-85-JFK-SFO,3:38 PM,6:43 PM
2061,AA-85-JFK-SFO,3:38 PM,6:43 PM
2062,AA-85-JFK-SFO,3:38 PM,6:36 PM
2063,AA-85-JFK-SFO,3:09 PM,6:43 PM
2064,AA-85-JFK-SFO,3:09 PM,6:43 PM
2065,AA-85-JFK-SFO,,
2066,AA-85-JFK-SFO,,
2067,AA-85-JFK-SFO,3:38 PM,6:36 PM
2068,AA-85-JFK-SFO,3:36 PM,6:30 PM
2069,AA-85-JFK-SFO,3:38 PM,6:36 PM
2070,AA-4307-ORD-DTW,6:55 PM,8:53 PM
2071,AA-4307-ORD-DTW,6:56 PM,8:38 PM
2072,AA-4307-ORD-DTW,6:56 PM,8:38 PM
2073,AA-4307-ORD-DTW,6:56 PM,8:38 PM
2074,AA-4307-ORD-DTW,6:56 PM,8:38 PM
2075,AA-4307-ORD-DTW,6:56 PM,8:38 PM
2076,AA-4307-ORD-DTW,6:56 PM,8:38 PM
2077,AA-4307-ORD-DTW,6:56 PM,8:38 PM
2078,AA-4307-ORD-DTW,6:55 PM,8:53 PM
2079,AA-4307-ORD-DTW,6:55 PM,8:53 PM
2080,AA-4307-ORD-DTW,6:55 PM,8:53 PM
2081,AA-4307-ORD-DTW,6:55 PM,8:53 PM
2082,AA-4307-ORD-DTW,6:55 PM,8:53 PM
2083,AA-4307-ORD-DTW,6:55 PM,8:53 PM
2084,AA-4307-ORD-DTW,6:56 PM,8:43 PM
2085,AA-4307-ORD-DTW,6:56 PM,8:43 PM
2086,AA-4307-ORD-DTW,6:56 PM,8:43 PM
2087,AA-4307-ORD-DTW,6:56 PM,8:43 PM
2088,AA-4307-ORD-DTW,6:56 PM,8:43 PM
2089,AA-4307-ORD-DTW,6:56 PM,8:43 PM
2090,AA-4307-ORD-DTW,6:40 PM,8:53 PM
2091,AA-4307-ORD-DTW,6:40 PM,8:53 PM
2092,AA-4307-ORD-DTW,,
2093,AA-4307-ORD-DTW,,
2094,AA-4307-ORD-DTW,,
2095,AA-4307-ORD-DTW,6:40 PM,8:53 PM
2096,AA-4307-ORD-DTW,6:56 PM,8:38 PM
2097,AA-4307-ORD-DTW,6:55 PM,8:53 PM
2098,AA-3979-CVG-ORD,8:04 AM,8:06 AM
2099,AA-3979-CVG-ORD,8:04 AM,7:59 AM
2100,AA-3979-CVG-ORD,8:04 AM,7:59 AM
2101,AA-3979-CVG-ORD,8:04 AM,7:59 AM
2102,AA-3979-CVG-ORD,8:04 AM,7:59 AM
2103,AA-3979-CVG-ORD,8:04 AM,7:59 AM
2104,AA-3979-CVG-ORD,8:04 AM,7:59 AM
2105,AA-3979-CVG-ORD,8:04 AM,7:59 AM
2106,AA-3979-CVG-ORD,8:04 AM,8:06 AM
2107,AA-3979-CVG-ORD,8:04 AM,8:06 AM
2108,AA-3979-CVG-ORD,8:04 AM,8:06 AM
2109,AA-3979-CVG-ORD,8:04 AM,8:06 AM
2110,AA-3979-CVG-ORD,8:04 AM,8:06 AM
2111,AA-3979-CVG-ORD,8:04 AM,8:06 AM
2112,AA-3979-CVG-ORD,8:04 AM,7:57 AM
2113,AA-3979-CVG-ORD,8:04 AM,7:57 AM
2114,AA-3979-CVG-ORD,8:04 AM,7:57 AM
2115,AA-3979-CVG-ORD,8:04 AM,7:57 AM
2116,AA-3979-CVG-ORD,8:04 AM,7:57 AM
2117,AA-3979-CVG-ORD,8:04 AM,7:57 AM
2118,AA-3979-CVG-ORD,7:28 AM,8:06 AM
2119,AA-3979-CVG-ORD,7:28 AM,8:06 AM
2120,AA-3979-CVG-ORD,,
2121,AA-3979-CVG-ORD,,
2122,AA-3979-CVG-ORD,8:04 AM,8:06 AM
2123,AA-3979-CVG-ORD,7:28 AM,8:06 AM
2124,AA-204-LAX-MCO,,
2125,AA-204-LAX-MCO,11:58 PM,6:56 AM
2126,AA-204-LAX-MCO,,
2127,AA-204-LAX-MCO,11:29 PM,6:35 AM
2128,AA-204-LAX-MCO,11:29 PM,6:35 AM
2129,AA-204-LAX-MCO,11:29 PM,6:35 AM
2130,AA-204-LAX-MCO,11:29 PM,6:35 AM
2131,AA-204-LAX-MCO,11:57 PM,6:55 AM
2132,AA-204-LAX-MCO,11:57 PM,6:55 AM
2133,AA-204-LAX-MCO,,
2134,AA-204-LAX-MCO,,
2135,AA-204-LAX-MCO,,
2136,AA-204-LAX-MCO,11:29 PM,6:35 AM
2137,AA-204-LAX-MCO,11:29 PM,6:35 AM
2138,AA-204-LAX-MCO,11:29 PM,6:35 AM
2139,AA-204-LAX-MCO,,
2140,AA-204-LAX-MCO,,
2141,AA-204-LAX-MCO,,
2142,AA-204-LAX-MCO,,
2143,AA-204-LAX-MCO,,
2144,AA-204-LAX-MCO,,
2145,AA-204-LAX-MCO,,
2146,AA-204-LAX-MCO,,
2147,AA-204-LAX-MCO,11:58 PM,7:02 AM
2148,AA-204-LAX-MCO,,6:50 AM
2149,AA-204-LAX-MCO,,
2150,AA-4277-CVG-JFK,12:10 PM,1:43 PM
2151,AA-4277-CVG-JFK,12:11 PM,1:42 PM
2152,AA-4277-CVG-JFK,12:11 PM,1:42 PM
2153,AA-4277-CVG-JFK,12:11 PM,1:42 PM
2154,AA-4277-CVG-JFK,12:11 PM,1:42 PM
2155,AA-4277-CVG-JFK,12:11 PM,1:42 PM
2156,AA-4277-CVG-JFK,12:10 PM,1:42 PM
2157,AA-4277-CVG-JFK,12:10 PM,1:42 PM
2158,AA-4277-CVG-JFK,12:10 PM,1:43 PM
2159,AA-4277-CVG-JFK,12:10 PM,1:43 PM
2160,AA-4277-CVG-JFK,12:10 PM,1:43 PM
2161,AA-4277-CVG-JFK,12:10 PM,1:43 PM
2162,AA-4277-CVG-JFK,12:10 PM,1:43 PM
2163,AA-4277-CVG-JFK,12:10 PM,1:43 PM
2164,AA-4277-CVG-JFK,12:11 PM,1:43 PM
2165,AA-4277-CVG-JFK,12:11 PM,1:43 PM
2166,AA-4277-CVG-JFK,12:11 PM,1:43 PM
2167,AA-4277-CVG-JFK,12:11 PM,1:43 PM
2168,AA-4277-CVG-JFK,12:11 PM,1:43 PM
2169,AA-4277-CVG-JFK,12:11 PM,1:40 PM
2170,AA-4277-CVG-JFK,12:01 PM,1:43 PM
2171,AA-4277-CVG-JFK,12:01 PM,1:43 PM
2172,AA-4277-CVG-JFK,,
2173,AA-4277-CVG-JFK,,
2174,AA-4277-CVG-JFK,12:01 PM,1:43 PM
2175,AA-4277-CVG-JFK,12:11 PM,1:40 PM
2176,AA-3756-ORD-SLC,12:41 PM,2:50 PM
2177,AA-3756-ORD-SLC,12:42 PM,2:50 PM
2178,AA-3756-ORD-SLC,12:42 PM,2:50 PM
2179,AA-3756-ORD-SLC,12:42 PM,2:50 PM
2180,AA-3756-ORD-SLC,12:42 PM,2:50 PM
2181,AA-3756-ORD-SLC,12:42 PM,2:50 PM
2182,AA-3756-ORD-SLC,12:42 PM,2:40 PM
2183,AA-3756-ORD-SLC,12:42 PM,2:40 PM
2184,AA-3756-ORD-SLC,12:41 PM,2:50 PM
2185,AA-3756-ORD-SLC,12:41 PM,2:50 PM
2186,AA-3756-ORD-SLC,12:41 PM,2:50 PM
2187,AA-3756-ORD-SLC,12:41 PM,2:50 PM
2188,AA-3756-ORD-SLC,12:41 PM,2:50 PM
2189,AA-3756-ORD-SLC,12:41 PM,2:50 PM
2190,AA-3756-ORD-SLC,12:42 PM,2:52 PM
2191,AA-3756-ORD-SLC,12:42 PM,2:52 PM
2192,AA-3756-ORD-SLC,12:42 PM,2:52 PM
2193,AA-3756-ORD-SLC,12:42 PM,2:52 PM
2194,AA-3756-ORD-SLC,12:42 PM,2:52 PM
2195,AA-3756-ORD-SLC,12:42 PM,2:52 PM
2196,AA-3756-ORD-SLC,12:10 PM,2:50 PM
2197,AA-3756-ORD-SLC,12:10 PM,2:50 PM
2198,AA-3756-ORD-SLC,,
2199,AA-3756-ORD-SLC,,
2200,AA-3756-ORD-SLC,12:41 PM,2:50 PM
2201,AA-3756-ORD-SLC,12:42 PM,2:52 PM
2202,AA-616-DFW-DTW,10:10 AM,1:27 PM
2203,AA-616-DFW-DTW,10:11 AM,1:19 PM
2204,AA-616-DFW-DTW,10:11 AM,1:11 PM
2205,AA-616-DFW-DTW,10:11 AM,1:11 PM
2206,AA-616-DFW-DTW,10:11 AM,1:11 PM
2207,AA-616-DFW-DTW,10:11 AM,1:11 PM
2208,AA-616-DFW-DTW,10:10 AM,1:11 PM
2209,AA-616-DFW-DTW,10:10 AM,1:11 PM
2210,AA-616-DFW-DTW,10:10 AM,1:27 PM
2211,AA-616-DFW-DTW,10:10 AM,1:27 PM
2212,AA-616-DFW-DTW,10:10 AM,1:27 PM
2213,AA-616-DFW-DTW,10:10 AM,1:27 PM
2214,AA-616-DFW-DTW,10:10 AM,1:27 PM
2215,AA-616-DFW-DTW,10:10 AM,1:18 PM
2216,AA-616-DFW-DTW,10:11 AM,1:18 PM
2217,AA-616-DFW-DTW,10:11 AM,1:18 PM
2218,AA-616-DFW-DTW,10:11 AM,1:18 PM
2219,AA-616-DFW-DTW,10:11 AM,1:18 PM
2220,AA-616-DFW-DTW,10:11 AM,1:18 PM
2221,AA-616-DFW-DTW,10:11 AM,1:18 PM
2222,AA-616-DFW-DTW,9:59 AM,1:27 PM
2223,AA-616-DFW-DTW,9:59 AM,1:27 PM
2224,AA-616-DFW-DTW,10:11 AM,1:11 PM
2225,AA-616-DFW-DTW,10:10 AM,1:27 PM
2226,AA-616-DFW-DTW,9:59 AM,1:27 PM
2227,AA-616-DFW-DTW,10:11 AM,1:11 PM
2228,AA-1917-JFK-MCO,3:27 PM,5:43 PM
2229,AA-1917-JFK-MCO,3:28 PM,5:39 PM
2230,AA-1917-JFK-MCO,3:28 PM,5:39 PM
2231,AA-1917-JFK-MCO,3:28 PM,5:39 PM
2232,AA-1917-JFK-MCO,3:28 PM,5:39 PM
2233,AA-1917-JFK-MCO,3:27 PM,5:39 PM
2234,AA-1917-JFK-MCO,3:27 PM,5:39 PM
2235,AA-1917-JFK-MCO,3:27 PM,5:43 PM
2236,AA-1917-JFK-MCO,3:27 PM,5:43 PM
2237,AA-1917-JFK-MCO,3:27 PM,5:43 PM
2238,AA-1917-JFK-MCO,3:27 PM,5:43 PM
2239,AA-1917-JFK-MCO,3:27 PM,5:43 PM
2240,AA-1917-JFK-MCO,3:27 PM,5:43 PM
2241,AA-1917-JFK-MCO,3:28 PM,5:34 PM
2242,AA-1917-JFK-MCO,3:28 PM,5:34 PM
2243,AA-1917-JFK-MCO,3:28 PM,5:34 PM
2244,AA-1917-JFK-MCO,3:28 PM,5:34 PM
2245,AA-1917-JFK-MCO,3:28 PM,5:34 PM
2246,AA-1917-JFK-MCO,3:28 PM,5:34 PM
2247,AA-1917-JFK-MCO,3:00 PM,5:43 PM
2248,AA-1917-JFK-MCO,3:00 PM,5:43 PM
2249,AA-1917-JFK-MCO,,
2250,AA-1917-JFK-MCO,,5:40 PM
2251,AA-1917-JFK-MCO,3:27 PM,5:43 PM
2252,AA-1917-JFK-MCO,3:00 PM,5:43 PM
2253,UA-2704-DTW-PHX,11:15 AM,2:00 PM
2254,UA-2704-DTW-PHX,11:47 AM,1:52 PM
2255,UA-2704-DTW-PHX,11:47 AM,1:52 PM
2256,UA-2704-DTW-PHX,11:47 AM,1:52 PM
2257,UA-2704-DTW-PHX,11:47 AM,1:52 PM
2258,UA-2704-DTW-PHX,11:15 AM,2:00 PM
2259,UA-2704-DTW-PHX,11:15 AM,2:00 PM
2260,UA-2704-DTW-PHX,11:15 AM,2:00 PM
2261,UA-2704-DTW-PHX,11:15 AM,2:00 PM
2262,UA-2704-DTW-PHX,11:15 AM,2:00 PM
2263,UA-2704-DTW-PHX,11:47 AM,2:02 PM
2264,UA-2704-DTW-PHX,11:47 AM,2:02 PM
2265,UA-2704-DTW-PHX,11:47 AM,2:02 PM
2266,UA-2704-DTW-PHX,11:47 AM,2:02 PM
2267,UA-2704-DTW-PHX,11:47 AM,2:02 PM
2268,UA-2704-DTW-PHX,11:47 AM,2:02 PM
2269,UA-2704-DTW-PHX,Dec 01 - Contact Airline,Dec 01 - Contact Airline
2270,UA-2704-DTW-PHX,11:15 AM,2:00 PM
2271,UA-2704-DTW-PHX,,
2272,UA-2704-DTW-PHX,11:47 AM,2:02 PM
2273,UA-2704-DTW-PHX,11:47 AM,2:02 PM
2274,AA-1733-ORD-PHX,7:58 PM,
2275,AA-1733-ORD-PHX,7:58 PM,
2276,AA-1733-ORD-PHX,7:59 PM,10:30 PM
2277,AA-1733-ORD-PHX,7:59 PM,10:30 PM
2278,AA-1733-ORD-PHX,7:59 PM,10:30 PM
2279,AA-1733-ORD-PHX,7:59 PM,10:31 PM
2280,AA-1733-ORD-PHX,7:59 PM,10:30 PM
2281,AA-1733-ORD-PHX,7:59 PM,10:31 PM
2282,AA-1733-ORD-PHX,7:59 PM,10:30 PM
2283,AA-1733-ORD-PHX,7:59 PM,10:31 PM
2284,AA-1733-ORD-PHX,7:59 PM,10:30 PM
2285,AA-1733-ORD-PHX,7:59 PM,10:31 PM
2286,AA-1733-ORD-PHX,7:59 PM,10:30 PM
2287,AA-1733-ORD-PHX,7:59 PM,10:28 PM
2288,AA-1733-ORD-PHX,7:59 PM,10:30 PM
2289,AA-1733-ORD-PHX,7:59 PM,10:28 PM
2290,AA-1733-ORD-PHX,,
2291,AA-1733-ORD-PHX,,
2292,AA-1733-ORD-PHX,,
2293,AA-1733-ORD-PHX,7:58 PM,10:30 PM
2294,AA-1733-ORD-PHX,7:58 PM,10:30 PM
2295,AA-1733-ORD-PHX,7:58 PM,10:30 PM
2296,AA-1733-ORD-PHX,7:58 PM,10:30 PM
2297,AA-1733-ORD-PHX,7:59 PM,
2298,AA-1733-ORD-PHX,7:59 PM,
2299,AA-1733-ORD-PHX,7:59 PM,
2300,AA-1733-ORD-PHX,7:59 PM,
2301,AA-1733-ORD-PHX,7:59 PM,
2302,AA-1733-ORD-PHX,7:59 PM,
2303,AA-1733-ORD-PHX,7:59 PM,
2304,AA-1733-ORD-PHX,7:59 PM,
2305,AA-1733-ORD-PHX,7:59 PM,
2306,AA-1733-ORD-PHX,7:59 PM,
2307,AA-1733-ORD-PHX,7:59 PM,10:29 PM
2308,AA-1733-ORD-PHX,7:59 PM,10:39 PM
2309,AA-1733-ORD-PHX,7:45 PM,10:33 PM
2310,AA-1733-ORD-PHX,7:45 PM,10:30 PM
2311,AA-1733-ORD-PHX,7:45 PM,
2312,AA-1733-ORD-PHX,7:45 PM,
2313,AA-1733-ORD-PHX,,
2314,AA-1733-ORD-PHX,,
2315,AA-1733-ORD-PHX,7:58 PM,10:30 PM
2316,AA-1733-ORD-PHX,,
2317,AA-1733-ORD-PHX,7:45 PM,
2318,CO-1090-BOS-IAH,10:19 AM,1:19 PM
2319,CO-1090-BOS-IAH,,
2320,CO-1090-BOS-IAH,,
2321,CO-1090-BOS-IAH,,
2322,CO-1090-BOS-IAH,,
2323,CO-1090-BOS-IAH,10:19 AM,1:19 PM
2324,CO-1090-BOS-IAH,10:19 AM,1:19 PM
2325,CO-1090-BOS-IAH,10:19 AM,1:19 PM
2326,CO-1090-BOS-IAH,10:19 AM,1:19 PM
2327,CO-1090-BOS-IAH,10:19 AM,1:19 PM
2328,CO-1090-BOS-IAH,10:35 AM,1:19 PM
2329,CO-1090-BOS-IAH,10:35 AM,1:19 PM
2330,CO-1090-BOS-IAH,10:35 AM,1:19 PM
2331,CO-1090-BOS-IAH,10:35 AM,1:19 PM
2332,CO-1090-BOS-IAH,10:35 AM,1:19 PM
2333,CO-1090-BOS-IAH,10:35 AM,1:19 PM
2334,CO-1090-BOS-IAH,10:19 AM,1:19 PM
2335,CO-1090-BOS-IAH,,
2336,CO-1090-BOS-IAH,10:19 AM,1:19 PM
2337,CO-1090-BOS-IAH,10:19 AM,1:19 PM
2338,CO-1090-BOS-IAH,,
2339,UA-938-DEN-ORD,4:15 PM,7:36 PM
2340,UA-938-DEN-ORD,4:35 PM,7:23 PM
2341,UA-938-DEN-ORD,4:37 PM,7:23 PM
2342,UA-938-DEN-ORD,4:37 PM,7:23 PM
2343,UA-938-DEN-ORD,4:37 PM,7:23 PM
2344,UA-938-DEN-ORD,4:37 PM,7:23 PM
2345,UA-938-DEN-ORD,4:15 PM,7:33 PM
2346,UA-938-DEN-ORD,4:15 PM,7:36 PM
2347,UA-938-DEN-ORD,4:15 PM,7:36 PM
2348,UA-938-DEN-ORD,4:15 PM,7:36 PM
2349,UA-938-DEN-ORD,4:15 PM,7:36 PM
2350,UA-938-DEN-ORD,4:37 PM,7:36 PM
2351,UA-938-DEN-ORD,4:37 PM,7:36 PM
2352,UA-938-DEN-ORD,4:37 PM,7:36 PM
2353,UA-938-DEN-ORD,4:37 PM,7:36 PM
2354,UA-938-DEN-ORD,4:37 PM,7:36 PM
2355,UA-938-DEN-ORD,4:37 PM,7:26 PM
2356,UA-938-DEN-ORD,4:15 PM,7:36 PM
2357,UA-938-DEN-ORD,,
2358,UA-938-DEN-ORD,,
2359,UA-938-DEN-ORD,,
2360,UA-938-DEN-ORD,4:15 PM,7:36 PM
2361,UA-938-DEN-ORD,4:37 PM,7:26 PM
2362,UA-828-SFO-ORD,11:08 PM,5:11 AM
2363,UA-828-SFO-ORD,11:34 PM,5:24 AM
2364,UA-828-SFO-ORD,,
2365,UA-828-SFO-ORD,,
2366,UA-828-SFO-ORD,,
2367,UA-828-SFO-ORD,,
2368,UA-828-SFO-ORD,11:35 PM,5:21 AM
2369,UA-828-SFO-ORD,11:35 PM,5:21 AM
2370,UA-828-SFO-ORD,,
2371,UA-828-SFO-ORD,,
2372,UA-828-SFO-ORD,,
2373,UA-828-SFO-ORD,,
2374,UA-828-SFO-ORD,,
2375,UA-828-SFO-ORD,,
2376,UA-828-SFO-ORD,,
2377,UA-828-SFO-ORD,,
2378,UA-828-SFO-ORD,,
2379,UA-828-SFO-ORD,,
2380,UA-828-SFO-ORD,,
2381,UA-828-SFO-ORD,,
2382,UA-828-SFO-ORD,,
2383,UA-828-SFO-ORD,,
2384,UA-828-SFO-ORD,,
2385,UA-828-SFO-ORD,,
2386,UA-37-EWR-MCO,1:48 PM,4:17 PM
2387,UA-37-EWR-MCO,1:59 PM,4:05 PM
2388,UA-37-EWR-MCO,,
2389,UA-37-EWR-MCO,,
2390,UA-37-EWR-MCO,,
2391,UA-37-EWR-MCO,,
2392,UA-37-EWR-MCO,2:01 PM,4:06 PM
2393,UA-37-EWR-MCO,2:01 PM,4:06 PM
2394,UA-37-EWR-MCO,1:48 PM,4:17 PM
2395,UA-37-EWR-MCO,1:48 PM,4:17 PM
2396,UA-37-EWR-MCO,1:48 PM,4:17 PM
2397,UA-37-EWR-MCO,1:48 PM,4:17 PM
2398,UA-37-EWR-MCO,1:48 PM,4:17 PM
2399,UA-37-EWR-MCO,2:01 PM,4:17 PM
2400,UA-37-EWR-MCO,2:01 PM,4:17 PM
2401,UA-37-EWR-MCO,2:01 PM,4:17 PM
2402,UA-37-EWR-MCO,2:01 PM,4:17 PM
2403,UA-37-EWR-MCO,2:01 PM,4:17 PM
2404,UA-37-EWR-MCO,2:01 PM,4:06 PM
2405,UA-37-EWR-MCO,1:48 PM,4:17 PM
2406,UA-37-EWR-MCO,1:48 PM,4:17 PM
2407,AA-1886-BOS-MIA,10:55 AM,1:40 PM
2408,AA-1886-BOS-MIA,10:55 AM,1:36 PM
2409,AA-1886-BOS-MIA,10:54 AM,1:36 PM
2410,AA-1886-BOS-MIA,10:54 AM,1:36 PM
2411,AA-1886-BOS-MIA,10:54 AM,1:36 PM
2412,AA-1886-BOS-MIA,10:54 AM,1:36 PM
2413,AA-1886-BOS-MIA,10:55 AM,1:40 PM
2414,AA-1886-BOS-MIA,10:55 AM,1:40 PM
2415,AA-1886-BOS-MIA,10:55 AM,1:40 PM
2416,AA-1886-BOS-MIA,10:55 AM,1:40 PM
2417,AA-1886-BOS-MIA,10:55 AM,1:40 PM
2418,AA-1886-BOS-MIA,10:55 AM,1:40 PM
2419,AA-1886-BOS-MIA,10:55 AM,1:40 PM
2420,AA-1886-BOS-MIA,10:55 AM,1:40 PM
2421,AA-1886-BOS-MIA,10:55 AM,1:34 PM
2422,AA-1886-BOS-MIA,10:42 AM,1:40 PM
2423,AA-1886-BOS-MIA,10:42 AM,1:40 PM
2424,AA-1886-BOS-MIA,,
2425,AA-1886-BOS-MIA,,
2426,CO-52-IAH-LAX,7:29 AM,9:14 AM
2427,CO-52-IAH-LAX,,
2428,CO-52-IAH-LAX,,
2429,CO-52-IAH-LAX,,
2430,CO-52-IAH-LAX,,
2431,CO-52-IAH-LAX,7:56 AM,9:08 AM
2432,CO-52-IAH-LAX,7:56 AM,9:08 AM
2433,CO-52-IAH-LAX,7:29 AM,9:14 AM
2434,CO-52-IAH-LAX,7:29 AM,9:14 AM
2435,CO-52-IAH-LAX,7:29 AM,9:14 AM
2436,CO-52-IAH-LAX,7:29 AM,9:14 AM
2437,CO-52-IAH-LAX,7:29 AM,9:14 AM
2438,CO-52-IAH-LAX,7:56 AM,9:09 AM
2439,CO-52-IAH-LAX,7:56 AM,9:09 AM
2440,CO-52-IAH-LAX,7:56 AM,9:09 AM
2441,CO-52-IAH-LAX,7:56 AM,9:09 AM
2442,CO-52-IAH-LAX,7:56 AM,9:09 AM
2443,CO-52-IAH-LAX,7:56 AM,9:09 AM
2444,CO-52-IAH-LAX,,
2445,CO-52-IAH-LAX,7:56 AM,9:09 AM
