Un6u+W2v16+n1q+Un6u+grnz6+v1+Zvp5262s7+fdY+fr59r5,fun81+P223r5B+T2r7?+T5nrsrB+e266+O81xr5,iYQO,.**&
N+a25zny+S25z+s25+c5rpv6ry!+Pun5np7r5v?v1t+erq81qn1p!+v1+ar67rq+eryn7v216,lv8-Xnv+atB+Qn9vq+jA+Rzoyr!B+jnv+lv1+Z2x,NPZ+g5n16A+Qn7non6r+f!67A,.**%
en3vq+O86u!+W2v1-25qr5+b37vzv?n7v21+0v7u+Pn57r6vn1+c52q8p76,Or11r7+in1prB+Qn9vq+Znvr5,fVTZbQ+P21sr5r1pr,.**%
V1s25zn7v21+Zn1ntrzr17+s25+Tr12zr+Yr9ry+Ov2v1s25zn7vp6,a25zn1+jA+cn721B+Pn52yr+NA+T2oyr,iYQO,",__."
N+Z2qvsvrq+en1q2z+cr5785on7v21+Zr7u2q+s25+Qn7non6r+frp85v7!,a25zn1+fA+Zn7y2ssB+cn75vpx+gr1qvpx,NPZ+g5n16A+Qn7non6r+f!67A,.**#
Qn7n-Q5v9r1B+b1r-g2-b1r+jro+fv7r+Tr1r5n7v21+s25+Qn7n-V17r16v9r+N33yvpn7v216,f7rsn12+cn5no26puvB+cvr52+S5n7r51nyvB+f7rsn12+Pr5v,iYQO,.***
N1+Nqn37v9r+Qn7n+er3yvpn7v21+Nyt25v7uz,b85v+j2ys621B+lv v8+U8n1tB+f86uvy+Wnw2qvn,NPZ+g5n16A+Qn7non6r+f!67A,.**^
N+ar0+W2v1+Nyt25v7uz,N512yq+Pun5yr6+Zry7?r5B+Q21t+Xr81+fuv1,fVTZbQ+erp25q,.**#
keNaXM+en1xrq+Xr!025q+frn5pu+29r5+kZY+Q2p8zr176,Sr1t+fun2B+Yv1+T82B+Pun9qn5+O27r9B+Wn!n9ry+fun1z8tn681qn5nz,fVTZbQ+P21sr5r1pr,",__;"
R1r5t!+Rssvpvr17+V1qr v1t+21+Nv5,fA+iv60n1n7un1B+OA+eA+Onq5v1n7uB+g2zn6?+Vzvryv16xv,fVTZbQ+P21sr5r1pr,.**#
h1vfdY'6+ar 7-Tr1r5n7v21+bowrp7-eryn7v21ny+Qn7non6r+Zn1ntrzr17+f!67rz,cuvy+Wn186B+Nyor57+Q'N1q5rn,fVTZbQ+erp25q,.**%
erp29r5!+c5272p2y6+s25+fun5rq+Zrz25!+Qn7non6r+f!67rz6,Y25!+QA+Z2yr6x!B+X5v7uv+enznz5v7unz,fVTZbQ+P21sr5r1pr,.**$
gur+c20r5+2s+Yn1t8ntr6+s25+7ur+Zn1v38yn7v21+2s+P2z3yr +iny8r6,fr5tr+Nov7ro28yB+Pn75vry+Orr5v,iYQO+WA,.**$
ZbfNVPb+-+N+f!67rz+s25+P21pr378ny+Z2qryv1t+n1q+en3vq+c52727!3v1t+2s+bowrp7-b5vr17rq+Qn7non6r+N33yvpn7v21,ZA+g2vn7vB+Zvpuryr+Zv66vx2ss,fVTZbQ+P21sr5r1pr,.**#
Zv1qernqr5M+d8r5!v1t+Qn7non6r6+gu528tu+Z8y7v3yr+R nz3yr6,en9v6un1xn5+f8o5nzn1!nB+Pu5v6726+Sny287626B+l26uvun58+V6uvxn0n,iYQO,.**&
Tr1r5nyv?v1t+Tybff+72+irp725-f3npr+Qn7non6r6+n1q+O52xr5+Uvr5n5puvr6,Y8v6+T5n9n12B+Urp725+Tn5pvn-Z2yv1n,iYQO,.**$
f3n7vny+Un6u-W2v16,Zv1t-Yv1t+Y2B+Puv1!n+iA+en9v6un1xn5,fVTZbQ+P21sr5r1pr,.**%
g5n16np7v21ny+Pyvr17-fr59r5+Pnpur+P216v67r1p!M+Ny7r51n7v9r6+n1q+cr5s25zn1pr,Zvpunry+WA+S5n1xyv1B+Zvpunry+WA+Pn5r!B+Zv521+Yv91!,NPZ+g5n16A+Qn7non6r+f!67A,.**^
V1s25zn7v21+Tn7ur5v1t+v1+7ur+j25yq-jvqr+jroM+gur+j;dY+d8r5!+Yn1t8ntr+n1q+7ur+j;df+f!67rz,Qn9vq+X21231vpxvB+bqrq+fuz8ryv,NPZ+g5n16A+Qn7non6r+f!67A,.**&
Qv6p29r5v1t+nyy+z267+63rpvsvp+6r17r1pr6,fn1wrr9+fny8wnB+Un118+g2v921r1B+e21v+Xun5q21B+Urvxxv+Zn11vynB+enz+fr0nx+fun5zB+Qvzv75v26+T81238y26,NPZ+g5n16A+Qn7non6r+f!67A,",__;"
b3325781v7vr6+v1+V1s25zn7v21+Zn1ntrzr17+n1q+N6685n1pr,kvn2yrv+dvn1,fVTZbQ+erp25q,.**^
N72zvpv7!+9r5686+N121!zv7!M+Qv675vo87rq+g5n16np7v216+s25+Ryrp7521vp+P2zzr5pr,WA+QA+g!tn5,iYQO,.**&
erzv1v6pr1pr6+21+V1sy8r17vny+cn3r56,Xnynqun5+i258tn17vB+er1ér+WA+Zvyyr5B+Xr11r7u+NA+e266B+Syv3+X251,fVTZbQ+erp25q,",__,"
"g,M+N+P8672zv?noyr+cn5nyyry+Qn7non6r+s25+Z8y7v-Qvzr16v21ny+Qn7n",Nyn1+f866zn1B+N185nt+Npun5!nB+W2ry+UA+fny7?B+Puvnyv1+Pun1t,fVTZbQ+erp25q,.**&
Rssvpvr17+r rp87v21+2s+w2v16+v1+n+67n5+6purzn,N1q5rn6+jrv1v1tr5,fVTZbQ+P21sr5r1pr,",__,"
N+Qn7non6r+cr563rp7v9r+21+Y2786+Q2zv12/a27r6,PA+Z2un1,fVTZbQ+P21sr5r1pr,.***
QVeRPgi+n1q+b5npyr+eqoM+gur+Punyyr1tr6+2s+iYQO+g5n16np7v21+c52pr66v1t,jvyyvnz+YA+Tr77!6,fVTZbQ+P21sr5r1pr,.**$
N+T2ny-q5v9r1+N872-P21svt85n7v21+g22y+s25+7ur+Qv675vo87rq+j25xsy20+Zn1ntrzr17+f!67rz+Zr1725-yv7r,Tr5zn1+furtny29B+Tr5un5q+jrvx8zB+j2ystn1t+j211r5B+Zvpunry+Tvyyzn11B+Wrn1v1r+jrvßr1sry6,fVTZbQ+P21sr5r1pr,",___"
Nyt25v7uz6+s25+Qrsr55rq+ivr0+Znv17r1n1pr,Yr21vq+Yvoxv1B+V1qr53ny+fv1tu+Z8zvpxB+Yn7un+fA+P2yo!B+U20n5q+g5vpxr!B+gvz27u!+T5vssv1,fVTZbQ+P21sr5r1pr,.**%
Vz3529v1t+Qn7non6r+Qr6vt1+gu528tu+7ur+N1ny!6v6+2s+eryn7v216uv36,irqn+PA+f725r!B+gr5r1pr+ZA+On5521B+Qrono5n7n+Qr!,NPZ+g5n16A+Qn7non6r+f!67A,.***
T2ny-b5vr17rq+O8ssr5+Zn1ntrzr17+er9v6v7rq,X857+cA+O5201B+Zvpunry+WA+Pn5r!B+Zv521+Yv91!,fVTZbQ+P21sr5r1pr,.**%
d8vpxf725rM+N+Uvtu+cr5s25zn1pr+Zn33rq+bowrp7+f725r,Qn9vq+WA+Qrjv77B+fr7u+WA+juv7r,fVTZbQ+P21sr5r1pr,.**#
Or!21q+Q2p8zr17+fvzvyn5v7!M+h1qr567n1qv1t+iny8r-On6rq+frn5pu+n1q+O5206v1t+grpu12y2tvr6,Tr5n5q+e2q5ít8r?-Z8yàB+N1q5rn6+cnr3pxrB+W81tu22+Pu2B+Urp725+Tn5pvn-Z2yv1n,fVTZbQ+erp25q,",___"
c52onovyv67vp+7rz325ny+qn7non6r6B+VM+nytro5n,Nyr +Qrxu7!n5B+e2or57+e266B+iA+fA+f8o5nuzn1vn1,NPZ+g5n16A+Qn7non6r+f!67A,",__."
N1ny!6v6+2s+fVTZbQ'6+p2-n87u256uv3+t5n3u,Zn5v2+NA+an6pvzr172B+Wö5t+fn1qr5B+Wrss5r!+c281q,fVTZbQ+erp25q,",__;"
g5n16np7v21+gvzr67nz3v1t+v1+(grz325ny)+Qn7non6r6,Pu5v67vn1+fA+Wr16r1B+Qn9vq+OA+Y2zr7,iYQO,",__."
"gfdY,+Yn1t8ntr+f3rpvsvpn7v21",j2ystn1t+Xäsr5B+P857v6+RA+Q!5r621B+N5vr+frtr9B+X5v6u1n+TA+X8yxn51vB+Zvpunry+QA+f22B+Q21+fA+On725!B+enzr?+Ryzn65vB+avx26+NA+Y25r17?26B+avpx+Xyv1rB+W2u1+SA+e2qqvpxB+Tnq+N5vn9B+Wnzr6+Pyvss25qB+evpun5q+gA+f12qt5n66B+f85!n1n5n!n1n+ZA+f5v3nqnB+gA+lA+Pyvss+Yr81tB+Snov2+T5n1qvB+Vy622+Nu1B+Pu5v67vn1+fA+Wr16r1,fVTZbQ+erp25q,.**#
f833257v1t+Q!1nzvp+Qv63yn!6+h6v1t+Np7v9r+e8yr6,b6pn5+Qín?B+N57852+WnvzrB+Tun66n1+ny-dnvzn5vB+a25zn1+jA+cn721,fVTZbQ+erp25q,.**#
S52z+ar67rq-Y223+72+W2v1+d8r5vr6+v1+bbQO,cr7r5+ZA+TA+N3r56B+Ur11vr+WA+f7rr1untr1B+Ur1x+ZA+Oyn1xr1B+e2ys+NA+qr+O!,iYQO,.**#
V668r6+v1+ar7025x+Zn1ntrzr17+v1+7ur+ar 7+Zvyyr11v8z,Zvpunry+YA+O52qvrB+f85nwv7+Pun8qu85v,iYQO,.***
"er9vr0+2s+jro+pnpuv1t+n1q+5r3yvpn7v21+o!+Zvpunry+enov129vpu+n1q+byv9r5+f3n76purpxA+Nqqv621+jr6yr!+,__,",dvn1t+jn1tB+O5vn1+QA+Qn9v621,fVTZbQ+erp25q,",__;"
Qr9ry23v1t+n+Uvtu+g5nssvpB+ernq-b1y!+jro+fv7r,en!+f8256nB+W2u1+an8zn1,fVTZbQ+P21sr5r1pr,.**&
Rssvpvr17+c52t5r66v9r+fx!yv1r+P2z387n7v21,cv1-X0n1t+R1tB+Xvn1-Yrr+gn1B+Or1t+Puv1+b2v,iYQO,",__."
Sn67+Uvtu-Qvzr16v21ny+Qn7n+frn5pu+v1+V1p2z3yr7r+Qn7non6r6,Xvn1-Yrr+gn1B+Pur1t+Uvn1+T2uB+Or1t+Puv1+b2v,iYQO,.**&
h6v1t+S25zny+Zr7u2q6+72+ern621+no287+frzn17vp6-On6rq+Qrp2z326v7v216+2s+g5n16np7v216,cn8y+Nzzn11B+V1q5nx6uv+en!B+f86uvy+Wnw2qvn,iYQO,.**$
Pun5np7r5v?n7v21+2s+Qn7non6r+Nppr66+cn77r51+s25+N1ny!7vp+c5rqvp7v21+2s+O8ssr5+Uv7+c52onovyv7!,Wr1-ln2+Pu81tB+N6v7+Qn1B+cuvyv3+fA+l8,iYQO+WA,.**$
QrrQf+g20n5q6+n+Qv675vo87rq+n1q+Np7v9r+erny-gvzr+Qn7non6r+f!67rz,W2nxvz+R5vx6621B+W21n6+Zryyv1B+f7r1+N1qyr5B+Zvxnry+Or51q76621B+Or1t7+Rs75v1tB+Wö5tr1+Un16621,fVTZbQ+erp25q,.**%
Rssvpvr17+n1q+P267-rssrp7v9r+grpu1v48r6+s25+O5206v1t+n1q+V1qr v1t+Yn5tr+ivqr2+Qn7non6r6,Xvr1+NA+U8nB+W81t-U0n1+bu,fVTZbQ+P21sr5r1pr,",___"
gur+Qn7non6r+er6rn5pu+T5283+n7+RgU+m85vpu,Un16-Wö5t+fpurxB+Z2v5n+PA+a255vrB+Tr5un5q+jrvx8zB+f7r3ur1+Oy277,fVTZbQ+erp25q,.**#
d8r5!+b37vzv?n7v21+V1+P2z35r66rq+Qn7non6r+f!67rz6,muv!8n1+Pur1B+Syv3+X251B+W2un11r6+Tru5xr,fVTZbQ+P21sr5r1pr,",__."
Tvtn6p23rM+N+f75rnz+Qn7non6r+s25+ar7025x+N33yvpn7v216,gur2q25r+W2u1621B+Pun5yr6+QA+P5n125B+byv9r5+f3n76purpxB+iynqv6yn9+fuxn3r1!8x,fVTZbQ+P21sr5r1pr,",__;"
O52nqpn67+c5272p2y6+72+f833257+Rssvpvr17+er75vr9ny+s52z+Qn7non6r6+o!+Z2ovyr+h6r56,N1v1q!n+Qn77nB+ivwn!+X8zn5B+N6yvun1+PryvxB+Qro5n+RA+in1qr5Zrr5,NPZ+g5n16A+Qn7non6r+f!67A,.***
mbbM+N+Qr6x723+Rz3r5vzr17+Zn1ntrzr17+R19v521zr17,N1n67n66vn+NvynznxvB+N1q5r0+gur5or5B+ln11v6+RA+V2n11vqv6B+N1n1q+an5n!n1n1B+Zv521+Yv91!,fVTZbQ+P21sr5r1pr,.**^
V1s25zn7v21+f!67rz6+er6rn5pu+n7+ejgU+Nnpur1,Zn77uvn6+Wn5xr,fVTZbQ+erp25q,.**$
Znv17r1n1pr+2s+Qn7n+P8or6+n1q+f8zzn5!+gnoyr6+v1+n+jn5ru286r,V1qr53ny+fv1tu+Z8zvpxB+Qnyyn1+d8n66B+On5v1qr53ny+fv1tu+Z8zvpx,fVTZbQ+P21sr5r1pr,.**^
N+iv6v21+2s+Zn1ntrzr17+2s+P2z3yr +Z2qry6,enpury+c277v1tr5B+Ny21+lA+Unyr9!B+cuvyv3+NA+Or5167rv1,fVTZbQ+erp25q,",___"
R92y9noyr+ivr0+R19v521zr17+(RiR)M+a21-R48v9nyr17+ivr0+Znv17r1n1pr+81qr5+fpurzn+Pun1tr6,N1q5rn6+X2ryyr5B+Nz!+WA+YrrB+kv1+mun1tB+N1v62n5n+avpnB+Ryxr+NA+e81qr167rv1r5B+Nzor5+9n1+j!xB+l21t+Yv,fVTZbQ+P21sr5r1pr,.***
N+Pn6r+s25+V17ryyvtr17+Qv6x6+(VQVfX6),Xvzor5y!+Xrr721B+W26r3u+ZA+Uryyr567rv1B+Qn9vq+NA+cn77r5621,fVTZbQ+erp25q,.**&
Rssvpvr17+h6r5-Nqn37noyr+fvzvyn5v7!+frn5pu+v1+Yn5tr+Z8y7vzrqvn+Qn7non6r6,gu2zn6+frvqyB+Un16-cr7r5+X5vrtry,iYQO,.**^
TgR+f83r5cntr6M+h6v1t+Ve+grpu1v48r6+s25+frn5puv1t+P2z3yr +bowrp76,f7r9r1+QA+juv7rurnqB+Uvzn16u8+fv1unB+Zvpunry+Z853u!,iYQO,.**^
b37vzv?n7v21+2s+e81-7vzr+Zn1ntrzr17+2s+Qn7n+V17r16v9r+jro-6v7r6,Xunyrq+lnt28oB+Qn1+f8pv8B+Ny21+lA+Yr9!B+Qn1vryn+Sy25r6p8,iYQO,.***
N1ny!6v6+2s+1-Qvzr16v21ny+d8nq75rr6+86v1t+7ur+Un86q25ss+S5np7ny+Qvzr16v21,Pu5v6726+Sny287626B+i2yxr5+Tnrqr,iYQO,.**%
R 75np7v1t+Yn5tr-fpnyr+X120yrqtr+On6r6+s52z+7ur+jro,N1q5r0+g2zxv16B+c5nounxn5+entun9n1B+en9v+X8zn5B+f5vqun5+enwnt23nyn1,iYQO,.***
R67vzn7v1t+cntr+Sr7pur6+s25+V1qr +fpn16+0v7u+Sv1v7r+Yeh+O8ssr56,N581+aA+f0nzvB+XA+Or51un5q+fpuvrsr5,fVTZbQ+P21sr5r1pr,.**#
N1+Rn5y!+Y22x+n7+kd8r5!,N1q5r0+Rv6r1or5tB+Wvz+Zry721,fVTZbQ+erp25q,",__,"
gur+Z217ntr+R 7r16voyr+Qn7nOynqr+Npuv7rp785r,Zvpunry+horyy,fVTZbQ+P21sr5r1pr,.**#
f!1pu521v?v1t+n+Qn7non6r+72+Vz3529r+S5r6u1r66,W81tu22+Pu2B+Urp725+Tn5pvn-Z2yv1n,fVTZbQ+P21sr5r1pr,",___"
f833257v1t+f7n7r-jvqr+Vzz81v6n7v21+g5npxv1t+h6v1t+Z8y7v-cn5nqvtz+j25xsy20+grpu12y2t!,Qr9n6uv6u+j25nuB+f289vx+Qn6B+V9n1+fur9pur1x2B+Nzv7+cA+fur7uB+W2u1+NA+Zvyyr5B+Pur1!r+Yv1B+Qr9n1n1q+cnyn1v60nzvB+X5!6+X2pu87B+W2u1+Y!1pu,iYQO,.**%
gur+Qr6vt1+2s+n1+Np48v6v7v21ny+d8r5!+c52pr6625+S25+fr1625+ar7025x6,fnz8ry+Znqqr1B+jrv+U21tB+W26r3u+ZA+Uryyr567rv1B+Zvpunry+WA+S5n1xyv1,fVTZbQ+P21sr5r1pr,",__;"
ir56v21v1t+n1q+P21svt85n7v21+Zn1ntrzr17+v1+n1+bowrp7-b5vr17rq+Qn7n+Z2qry,Rq0n5q+fpv25r,iYQO+WA,.**#
h6v1t+fpurzn7vpnyy!+Ur7r52tr1r286+f758p785r6,er1ér+WA+Zvyyr5,fVTZbQ+P21sr5r1pr,.**&
cn57vny+5r68y76+s25+21yv1r+48r5!+352pr66v1t,W26r3u+ZA+Uryyr567rv1B+ivwn!6un1xn5+enzn1,fVTZbQ+P21sr5r1pr,",__,"
P21675nv176+s25+frzv-6758p785rq+Qn7n+n1q+kZY,jr1srv+Sn1B+cr7r5+O81rzn1B+fp277+jrv167rv1B+Wé5ôzr+fvzé21,fVTZbQ+erp25q,",__."
Qv675vo87rq+U!3r57r 7+er6285pr+Qv6p29r5!+gu528tu+R nz3yr6,Zn57v1+9n1+qr1+Or5tB+f28zr1+Punx5non57vB+O!521+Q2z,iYQO,.***
h1o81qyv1t+Np7v9r+S81p7v21nyv7!,Un16+S5v76puvB+N51r+X26puryB+Tü17r5+921+Oüy7?v1t6y2r0r1B+f7ryyn+Tn7?v8,fVTZbQ+erp25q,.**&
Qn7non6r+cr5s25zn1pr+v1+7ur+erny+j25yq+-+gcP-Q+n1q+fNc+e/;+(R 3r5vr1pr+cn3r5),W2pur1+Q233ryunzzr5B+Q21nyq+X266zn11B+gu2zn6+Uö33yr5B+Nys216+Xrz3r5,fVTZbQ+P21sr5r1pr,.**^
grz325ny+Qn7non6r+f!67rz+Vz3yrzr17n7v216,Zvpunry+UA+Oöuyr1,fVTZbQ+erp25q,.**$
"Ntr17-b5vr17rq+62s70n5r+r1tv1rr5v1t+5r3257+21+7ur+#7u+NbfR+025x6u23+(NbfR+,__;)",cn2y2+Tv25tv1v,fVTZbQ+erp25q,",__;"
N+g22yxv7+s25+art27vn7v21+f833257+V17r5snpr6+72+Z8y7v-Qvzr16v21ny+Qn7n,Zn77uvn6+Wn5xrB+f7r3un1+Wnp2o6B+Zvpunry+Troun5q7,fVTZbQ+P21sr5r1pr,.**^
V1p5rzr17ny+Znv17r1n1pr+2s+erp856v9r+ivr06+h6v1t+eryn7v21ny+Pnyp8y86/fdY,Wvn10r1+f8B+T82?u8+Q21t,fVTZbQ+erp25q,",___"
N+d8r5!+Yn1t8ntr+s25+n+jro-fv7r+Zn1ntrzr17+f!67rz,Qn1+f8pv8B+Qn1vryn+Sy25r6p8B+Ny21+lA+Yr9!B+Zn5!+SA+Sr51n1qr?,fVTZbQ+erp25q,.**^
V7r5n7v9r+63n7vny+w2v1,Un1n1+fnzr7B+Rq0v1+UA+Wnp2 ,NPZ+g5n16A+Qn7non6r+f!67A,",__;"
Zv1v1t+y21t+6r48r17vny+3n77r516+v1+n+12v6!+r19v521zr17,jrv+jn1tB+cuvyv3+fA+l8B+Wv21t+ln1tB+Wvn0rv+Un1,fVTZbQ+P21sr5r1pr,",__,"
er3257+21+frp21q+V17r51n7v21ny+j25x6u23+21+Nq9n1prq+V668r6+2s+R-P2zzr5pr+n1q+jro-on6rq+V1s25zn7v21+f!67rz6,cuvyv3+fA+l8B+X81-Y81t+j8,fVTZbQ+erp25q,",___"
R1r5t!-3r5s25zn1pr+75nqr-2ss6+s25+63n7vny+nppr66+zr7u2q6+21+zrz25!-5r6vqr17+qn7n,Znuz87+gA+Xn1qrzv5B+av1t+N1B+Zn5!+Wn1r+V50v1B+N1n1q+fv9n68o5nzn1vnzB+f8qun19n+T858z857uvB+an5n!n1n1+ivwn!x5v6u1n1,iYQO+WA,",__,"
Vzntr+Zv1v1t+v1+VeVfM+V17rt5n7rq+er7v1ny+V1s25zn7v21+f!67rz,Xur1t+T8n1+T2uB+j!11r+U68B+Z21t-Yv+Yrr,fVTZbQ+P21sr5r1pr,",___"
N1+kZY-on6rq+j5n33r5+Tr1r5n725+s25+jro+V1s25zn7v21+R 75np7v21,Qn9vq+O877yr5B+jrv+gn1tB+Pny721+c8B+jrv+Un1B+Yv1t+Yv8,fVTZbQ+P21sr5r1pr,.***
R 75np7v1t+R17v7!+c52svyr6+s52z+frzv6758p785rq+V1s25zn7v21+f3npr6,e2or57+NA+anq2B+fp277+OA+U8sszn1,fVTZbQ+erp25q,.**^
d8vpxy!+Tr1r5n7v1t+Ovyyv21-erp25q+f!17ur7vp+Qn7non6r6,f86n11r+R1tyr57B+Wvz+T5n!B+Xr11r7u+Onpyn06xvB+cr7r5+WA+jrv1or5tr5B+c5nxn6u+f81qn5r6n1,fVTZbQ+P21sr5r1pr,.**#
N+fpnynoyr+n1q+Uvtuy!+N9nvynoyr+ar7025xrq+Qn7non6r+N5puv7rp785r,N1try2+c586pv12B+ensv8y+NunqB+e2tr5+Onzs25q,iYQO,.***
c5rsr5r1pr+s25z8yn6+v1+5ryn7v21ny+48r5vr6,Wn1+Pu2zvpxv,NPZ+g5n16A+Qn7non6r+f!67A,",__;"
g272B+jr'5r+a27+v1+Xn16n6+N1!z25rM+b1+g5n16v7v21v1t+s52z+er6rn5pu+72+7ur+erny+(V19v7rq+V1q8675vny+gnyx),Zvpunry+WA+Pn5r!,iYQO,",___"
Vz3yrzr17n7v21+2s+Zntvp-6r76+v1+n+eryn7v21ny+Qn7non6r+f!67rz,V1qr53ny+fv1tu+Z8zvpxB+Unzvq+cv5nur6u,fVTZbQ+P21sr5r1pr,.**#
Zv1v1t+V1685n1pr+Qn7n+n7+f0v66+Yvsr,Wö5t-h0r+Xvr7?B+hy5vpu+ervzr5B+Zn57v1+f7n8q7,iYQO,.**^
R92y87v21+2s+T52830n5r+s25+O86v1r66+N33yvpn7v216M+N+Qn7non6r+cr563rp7v9r+21+Y2786+Q2zv12/a27r6,PA+Z2un1B+fA+jn776B+e21+On5or5B+Nzv7+f2zn1vB+Zn5x26+mnun5v28qnxv6,iYQO,",___"
P8z8yn7v9r+h3qn7r6,Orn7+jü7u5vpuB+f85!n1n5n!n1n+ZA+f5v3nqn,iYQO,.**#
en7v2+e8yr6M+N+ar0+cn5nqvtz+s25+Sn67B+d8n17vsvnoyr+Qn7n+Zv1v1t,ln11v6+X27vqv6B+Pu5v6726+Sny287626B+Syv3+X251B+Nyr n1q526+Yno5v1vqv6,iYQO,.**&
Znv17r1n1pr+2s+Vz3yvpn7v21+V17rt5v7!+P21675nv176+h1qr5+h3qn7r6+72+P21675nv176,anpv+V6unxor!2ty8B+mA+Zr5ny+Ö?62!2ty8,iYQO+WA,.**&
Tr2/R19v521zr17ny+n1q+Zrqvpny+Qn7n+Zn1ntrzr17+v1+7ur+en6QnZn1+f!67rz,a25or57+jvqzn11B+cn8yn+S857nq2B+cr7r5+On8zn11B+e2yn1q+ev76pu,iYQO,.**^
N+Y2tvpny+ivr0+2s+f758p785rq+Svyr6,g29n+Zvy2B+fr5tr+Nov7ro28yB+f23uvr+Py8r7,iYQO+WA,.**&
gur+Nyt5r6+gr67orq+2s+PUVZReNM+N1+Np7v9r+bowrp7-b5vr17rq+Qn7non6r+f!67rz,Tv86r33r+c6nvynB+f7rsn12+Pr5vB+f7rsn12+cn5no26puvB+cvr52+S5n7r51nyv,fVTZbQ+P21sr5r1pr,.**$
N1+b1yv1r+ivqr2+cynprzr17+c2yvp!+on6rq+21+On1q0v7u+72+f3npr+en7v2+(Ofe),Qv1xn5+fv7n5nzB+N6v7+Qn1,fVTZbQ+P21sr5r1pr,.**$
N+d8r5!+Yn1t8ntr+n1q+b37vzv?n7v21+grpu1v48r6+s25+h16758p785rq+Qn7n,Tr5q+TA+Uvyyro5n1qB+cr7r5+O81rzn1B+f86n1+OA+Qn9vq621B+Qn1+f8pv8,fVTZbQ+P21sr5r1pr,.**%
O8vyqv1t+n+Yno25n725!+V1s25zn7v21+f!67rz+N5281q+n+PKK-On6rq+bowrp7-b5vr17rq+QOZf,an7un1+T22qzn1B+f7r9r+e2?r1B+Yv1p2y1+f7rv1,iYQO,.**#
N1+Rssvpvr17+Zr7u2q+s25+Purpxv1t+bowrp7-b5vr17rq+Qn7non6r+fpurzn+P255rp71r66,Zvpuryr+Zv66vx2ssB+N11n+S25zvpnB+Un16+Qvr7zn5+T5ötr5,NPZ+g5n16A+Qn7non6r+f!67A,.**&
Z2qry-On6rq+V1s25zn7v21+V17rt5n7v21+v1+n+ar8526pvr1pr+Zrqvn725+f!67rz,Or575nz+Y8qä6pur5B+Nzn51n7u+T837nB+Zn5!n11+RA+Zn5721r,iYQO,",___"
gur+mr52+Yn7r1p!+R17r535v6r,Qn9r+Yvyr6,iYQO,",___"
Uvyor57+e-75rrM+N1+Vz3529rq+e-75rr+86v1t+S5np7ny6,Vo5nuvz+XnzryB+Pu5v6726+Sny287626,iYQO,.**#
e-g5rr+On6rq+V1qr v1t+2s+a20-eryn7v9r+Ov7rz325ny+Qn7n,fvz21n6+fny7r1v6B+Pu5v67vn1+fA+Wr16r1B+Tvrq5v86+fyv9v16xn6B+en6n+Oyv8w87r,iYQO,.**&
Zn1ntv1t+Zrz25!+s25+erny-gvzr+d8r5vr6,Zv521+Yv91!B+Zvpunry+WA+Pn5r!B+U0rrU0n+cn1t,fVTZbQ+P21sr5r1pr,.**#
frzn17vp+V17rt5n7v21+2s+frzv6758p785rq+n1q+f758p785rq+Qn7n+f285pr6,f21vn+Or5tnzn6puvB+Zn85v?v2+iv1pv1vB+fvy9n1n+Pn67n12,fVTZbQ+erp25q,.***
N1+N6!z3727vpnyy!+b37vzny+Z8y7v9r56v21+O-g5rr,gu2zn6+buyr5B+cr7r5+jvqzn!r5B+O5812+Orpxr5B+f7r3un1+T6pu0v1qB+Or51un5q+frrtr5,iYQO+WA,.**%
S25r025q+o!+7ur+iYQO+'*&+cP+Punv5zr1M+Or67+cn3r56+2s+iYQO+'*&,bqrq+fuz8ryvB+Wr11vsr5+jvq2z,iYQO+WA,",___"
N1+Rssvpvr17+Nyt25v7uz+s25+Zv1v1t+N662pvn7v21+e8yr6+v1+Yn5tr+Qn7non6r6,Rq0n5q+bzvrpv16xvB+funzxn17+OA+an9n7urB+N6u2x+fn9n6r5r,iYQO,.**$
Un1qyv1t+ir5!+Yn5tr+Qn7non6r6+0v7u+V1s25zv +R 7r1qrq+cn5nyyry+fr59r5,N1q5rn6+jrv1v1tr5,fVTZbQ+P21sr5r1pr,",___"
Nq9n1pr6+v1+Qn7non6r6+n1q+V1s25zn7v21+f!67rz6+(NQOVf),Nyor57n6+Pn3yv16xn6B+W2un11+Rqr5B+byrtn6+in6vyrpn6,fVTZbQ+erp25q,",__,"
S2p86rq+P5n0yv1t+h6v1t+P217r 7+T5n3u6,S5n16+P2r7?rrB+f7r9r+Yn05r1prB+Zvpuryn1try2+Qvyvtr17vB+Zn5p2+T25vB+PA+Yrr+Tvyr6,iYQO,",___"
Yr9r5ntv1t+gur+V1s25zn7v21+N66r7,Wn1r7+cr51n,fVTZbQ+P21sr5r1pr,.**$
Pun1tv1t+7ur+e8yr6M+g5n16s25zn7v216+s25+e8yr-On6rq+b37vzv?r56,Zv7pu+Pur51vnpxB+f7n1yr!+OA+mq21vx,fVTZbQ+P21sr5r1pr,.**&
er326v725vr6+n1q+bowrp7+b5vr17rq+Qn7non6r6,cuvyv3+NA+Or5167rv1,fVTZbQ+erp25q,.**&
N+fpnynoyr+N5puv7rp785r+s25+N87212z286+Ur7r52tr1r286+Qn7non6r+V17r5np7v216,N7uzn1+O28t8r77n!nB+f7r9r1+Zvyyv1r5B+Zvxr+cA+cn3n?2ty28,iYQO,.**$
N872zn7n+gur25!+s25+kZY+er6rn5pur56,S5n1x+ar9r1,fVTZbQ+erp25q,",__,"
f3npr-Rssvpvr17+b1yv1r+P2z387n7v21+2s+d8n17vyr+f8zzn5vr6,fn1wrr9+Xun11nB+Zvpunry+T5rr10nyq,fVTZbQ+P21sr5r1pr,",__."
frzn17vp+P2z35r66v21+n1q+cn77r51+R 75np7v21+0v7u+Sn6pvpyr6,WA+Znqn5B+en!z21q+gA+atB+UA+iA+Wntnqv6u,iYQO,.***
SrrqonpxO!3n66M+N+ar0+N3352npu+72+V17r5np7v9r+fvzvyn5v7!+d8r5!+c52pr66v1t,cn2y2+PvnppvnB+Sy25vn1+jnn6B+Vyn5vn+On572yv1v,iYQO,",__."
Rqtn5+SA+P2qqM+n+75vo87r+n1q+3r5621ny+zrz2v5,PA+WA+Qn7r,fVTZbQ+erp25q,",__;"
N+Qn7non6r+V1qr +72+Yn5tr+Ov2y2tvpny+fr48r1pr6,e2or57+jA+V59v1tB+Ryn+U817B+Znyp2yz+cA+N7xv1621,iYQO,",__."
V1qr +P21svt85n7v21+v1+bowrp7-b5vr17rq+Qn7non6r6,Ryv6n+Or57v12,iYQO+WA,.**#
c529vqv1t+Qn7non6r-yvxr+Nppr66+72+7ur+jro+h6v1t+d8r5vr6+On6rq+21+gr 78ny+fvzvyn5v7!,jvyyvnz+jA+P2ur1,fVTZbQ+P21sr5r1pr,.**&
bowrp7+S86v21+v1+Zrqvn725+f!67rz6,ln11v6+cn3nx2167n17v128B+Urp725+Tn5pvn-Z2yv1nB+fr5tr+Nov7ro28y,iYQO,.**%
N3352 vzn7r+fvzvyn5v7!+er75vr9ny+0v7u+Z-g5rr6,Sn8672+enov77vB+Tv86r33r+Nzn72B+cn9ry+mr?8ynB+cn648nyr+fn9v12,iYQO+WA,.**&
N+c5rqvpn7r-on6rq+Pnpuv1t+fpurzr+s25+Pyvr17-fr59r5+Qn7non6r+N5puv7rp785r6,W8yvr+On68B+N57u85+ZA+Xryyr5,iYQO+WA,.**%
er6rn5pu+V668r6+v1+Np7v9r+Qn7non6r+f!67rz6M+er3257+s52z+7ur+Py26v1t+cn1ry+n7+eVQR-NQf+'*#,Wr11vsr5+jvq2z,fVTZbQ+erp25q,.**#
ebYRkM+eryn7v21ny+b1-Yv1r+R pun1tr+0v7u+kZY,c5nqrr3+fur12!B+kv1+Q21tB+Ur15!+SA+X257uB+cuvyv3+O2un1121B+cA+cA+fA+an5n!n1B+Pur1txnv+YvB+f8zv7+Tn1t8y!,fVTZbQ+P21sr5r1pr,",__;"
V17rt5n7v1t+f!zo2yvp+Vzntr6+v172+n+Z8y7vzrqvn+Qn7non6r+f!67rz+h6v1t+Pyn66vsvpn7v21+n1q+No675np7v21+N3352npur6,Un1n1+fnzr7B+N!n+f2ssr5,iYQO+WA,.**&
fr48r1pr+d8r5!+c52pr66v1t,entu8+enznx5v6u1n1B+Zv521+Yv91!B+c5n9rr1+fr6unq5v,fVTZbQ+P21sr5r1pr,.**#
Vz3529v1t+O86v1r66+c52pr66+d8nyv7!+7u528tu+R pr37v21+h1qr567n1qv1tB+c5rqvp7v21B+n1q+c5r9r17v21,Snov2+Pn6n7vB+Qn1vryn+T5vt25vB+hzr6u0n5+Qn!nyB+Zv1t-Puvr1+fun1,iYQO,",__."
mbb+M+N+Qr6x723+R 3r5vzr17+Zn1ntrzr17+R19v521zr17,Zv521+Yv91!B+ln11v6+RA+V2n11vqv6B+antn9nz6v+c211rxn17vB+fuv9n1v+T837n,iYQO,.**%
g20n5q6+n1+V1s5n6758p785r+s25+grz325ny+Qn7non6r6M+er3257+2s+n1+V19v7n7v21ny+NecN/afS+j25x6u23,enzr?+Ryzn65vB+evpun5q+gA+f12qt5n66B+Onov6+gur2q28yvqv6B+V1qr53ny+fv1tu+Z8zvpxB+N5vr+frtr9B+ZA+gnzr5+Ö?68B+hzr6u0n5+Qn!nyB+avxv+cv66v128B+On5on5n+cr51vpv,fVTZbQ+erp25q,.**#
frn5puv1t+s25+qr3r1qr1pvr6+n7+z8y7v3yr+no675np7v21+yr9ry6,Wrs+jvw6r1B+g221+Pnyqr56B+en!z21q+gA+at,NPZ+g5n16A+Qn7non6r+f!67A,",__,"
O8ssr5v1t+n1q+ernq-Nurnq+f75n7rtvr6+s25+R 7r51ny+Zr5tr6257,cr5-Åxr+Yn5621B+jrv!r+mun1t,iYQO,.**&
gur+QRQNYR+f!67rz+s25+P2z3yr +f3n7vny+d8r5vr6,Y8p+frt28sv1B+cuvyv33r+evtn8 B+f7é3un1r+T58zonpu,fVTZbQ+P21sr5r1pr,.**&
Qn7n+675rnz6M+s5r6u+p855r17+25+67nt1n17+onpx0n7r5:+(3n1ry),W26r3u+ZA+Uryyr567rv1B+Wr11vsr5+jvq2z,fVTZbQ+P21sr5r1pr,",__,"
bssr5v1t+n+c5rpv6v21-cr5s25zn1pr+g5nqr2ss+s25+Ntt5rtn7v21+d8r5vr6+29r5+er3yvpn7rq+Qn7n,Wr11vsr5+jvq2zB+Pu5v6+by6721,iYQO,",___"
Y2pn7v1t+n1q+nppr66v1t+qn7n+5r326v725vr6+0v7u+jrofrzn17vp6,Tr25tr+NA+ZvunvynB+Y28v4n+en6puvqB+N17u21!+g2zn6vp,iYQO+WA,",__,"
Vz3529v1t+cr5s25zn1pr+v1+er3yvpn7rq+Qn7non6r6+7u528tu+eryn rq+P2ur5r1p!,env1r5+Tnyyr56qö5sr5B+Zn77uvn6+avp2yn,iYQO,.**$
cZ;M+N1+b57u2t21ny+cr56v67r17+f!67rz6+c52t5nzzv1t+Yn1t8ntr+-+Qr6vt1B+Vz3yrzr17n7v21B+cr5s25zn1pr,N1721!+YA+U26xv1tB+Wvn0n1+Pur1,iYQO,.***
N+fpnynoyr+Nyt25v7uz+s25+N160r5v1t+d8r5vr6+h6v1t+ivr06,enpury+c277v1tr5B+Ny21+lA+Yr9!,iYQO,",___"
V1py8qv1t+T5283-O!+v1+d8r5!+b37vzv?n7v21,f85nwv7+Pun8qu85vB+X!86r2x+fuvz,iYQO,.**#
b5qr5v1t+V1s25zn7v21B+P21sr5r1pr+b5tn1v?r56B+c52t5nz+P2zzv77rr6B+Nqqv7v21ny+er9vr0r56B+Nqqv7v21ny+Qrz21675n7v216+er9vr0r56B+f3216256B+iYQO+R1q20zr17B+c5rsnprB+S25r025q,:,iYQO,",___"
gur+Pn6r+s25+R1un1prq+No675np7+Qn7n+g!3r6,entu8+enznx5v6u1n1B+Zv521+Yv91!B+c5n9rr1+fr6unq5v,iYQO,.**^
aNbf+-+Rssvpvr17+n1q+Z2q8yn5+ernp7v9r+Pn3novyv7vr6+v1+n1+bowrp7-b5vr17rq+Qn7non6r+f!67rz,guvr55!+P283n!rB+gA+f9r16r1B+Pu5v67v1r+P2yyr7,iYQO,.**#
V1qr v1t+Z8y7v3yr+fr76,Pu5v6723u+Xvytr5B+T8vq2+Z2r5x277r,iYQO,.**#
f35rnq6urr76+v1+eQOZf+s25+bYNc,an7un1+S2yxr57B+Nouv1n9+T837nB+N1q5r0+jv7x206xvB+Yrv+fur1tB+fn1xn5+f8o5nzn1vn1B+f5vxn17u+Oryynzx21qnB+T5rt25!+Q25zn1B+g2ytn+O2?xn!n,fVTZbQ+P21sr5r1pr,",__;"
kfO+n6+n+Qrq8p7v9r+Qn7non6r,gr55n1pr+f0vs7B+X2167n17v126+SA+fnt21n6B+Qn9vq+fp277+jn55r1,fVTZbQ+P21sr5r1pr,.**#
P2175n67+cy276+n1q+c-f3ur5r+g5rr6M+f3npr+96A+gvzr+v1+arn5r67+arvtuo285+frn5pur6,W21n7un1+T2yq67rv1B+entu8+enznx5v6u1n1,iYQO,",___"
Qn7n+jn5ru286v1t+n1q+O86v1r66+V17ryyvtr1pr+s25+R-P2zzr5pr+-+O22x+er9vr0,S5n1x+TA+T2r7uny6,fVTZbQ+erp25q,",__,"
cr5s25zn1pr+Zrn685rzr176+2s+P2z35r66rq+Ov7zn3+V1qvpr6,gur2q25r+W2u1621,iYQO,.***
gur+Ntt5rtn7r+Qn7n+c52oyrzM+N+f!67rz+s25+7urv5+Qrsv1v7v21+n1q+Zn1ntrzr17,Yr21n5q2+gv1v1v1vB+N1721vn+Or?r1purxB+Zn85v?v2+ensn1ryyv,fVTZbQ+erp25q,.**%
er6rn5pu+Np7v9v7vr6+v1+Qn7non6r+Zn1ntrzr17+n1q+V1s25zn7v21+er75vr9ny+n7+7ur+h1v9r56v7!+2s+Vyyv12v6+n7+Puvpnt2,NA+c5n6nq+fv67ynB+V6nory+SA+P58?B+N6usn4+NA+Xu2xun5B+Pyrzr17+gA+l8B+Ov1t+Yv8B+b85v+j2ys621,fVTZbQ+erp25q,",__,"
Z2qryyv1t+7rz325ny+7urzn7vp+zn3+p217r176,Rynuru+c285noon6B+Nyor572+q'b12s5v2,fVTZbQ+erp25q,",__;"
fnz3yv1t-On6rq+R67vzn7v21+2s+7ur+a8zor5+2s+Qv67v1p7+iny8r6+2s+n1+N775vo87r,cr7r5+WA+Unn6B+Y!11r+f72xr6B+fA+fr6unq5vB+Wrss5r!+SA+an8tu721,iYQO,.**$
Ov7-fyvprq+V1qr +N5v7uzr7vp,Ryv?nor7u+WA+b'arvyB+Qr1v6+ev1s5r7B+cn75vpx+RA+b'arvy,fVTZbQ+P21sr5r1pr,",__."
N872zn7rq+er62y87v21+2s+frzn17vp+Ur7r52tr1rv7!+v1+Z8y7vqn7non6r6,NA+eA+U85621B+fvzv1+UA+cnx?nqB+ZA+jA+O5vtu7,NPZ+g5n16A+Qn7non6r+f!67A,.**#
N+j25xsy20-on6rq+Ryrp7521vp+Zn5xr73ynpr+21+7ur+jro,Vo5nuvz+Pv1tvyB+an?vsr+Qvzvyvyr5B+ar6vzr+gn7o8yB+Vyxr5+Q85862!B+N68zn1+Q2tnpB+cv1n5+X2x6nyB+fr1n+a85ny+N53v1n5,fVTZbQ+erp25q,.**&
NQRcgM+N1+Ntr17-On6rq+N3352npu+72+O86v1r66+c52pr66+Zn1ntrzr17,gvz27u!+WA+a25zn1B+avpu2yn6+eA+Wr11v1t6B+cr!zn1+Sn5n7v1,fVTZbQ+erp25q,.**&
Tr1r5nyv6rq+Un6u+grnz6+s25+W2v1+n1q+T5283-o!,Q21nyq+X266zn11B+Nys216+Xrz3r5B+Pu5v67vn1+jvr61r5,iYQO,.***
er6rn5pu+V668r6+v1+Srqr5n7rq+Qn7non6r+f!67rz6M+er3257+2s+RSQOf+'*^+j25x6u23,Sèyv +fny725B+Zn5x+e2n175rrB+Zn5x+jA+jA+ir5zrr5B+jvyuryz+Un66ryo5v1tB+Zn57v1+fpuö1u2ssB+Zn5x86+f75ä66yr5B+On55!+Rntyr6721rB+f7rsn1+P215nq,fVTZbQ+erp25q,.**^
gur+f758p785rq+V1s25zn7v21+Zn1ntr5M+N+Qn7non6r+f!67rz+s25+fTZY+Q2p8zr176,e21+fnpx6-Qn9v6,iYQO,.**%
d8r5!+b37vzv?n7v21+n7+7ur+P526652nq6+(cn1ry),f85nwv7+Pun8qu85v,fVTZbQ+P21sr5r1pr,.**^
V1s25zn7v21+V17rt5n7v21M+gur+ZbZVf+c52wrp7+Qrz21675n7v21,Zvpuryr+Zrypuv25vB+fvy9n1n+Pn67n12B+TA+Zny9r??vB+Q2zr1vp2+Or1r9r17n12B+eA+T8vqr77vB+Nyor572+P251vB+f21vn+Or5tnzn6puvB+Zn85v?v2+iv1pv1v,iYQO,",___"
P217nv1zr17+W2v1+fv?r+R67vzn7v21M+Z2qry6+n1q+Zr7u2q6,Unvsr1t+Wvn1tB+U21tw81+Y8B+jrv+jn1tB+Wrss5r!+k8+l8,fVTZbQ+P21sr5r1pr,",__;"
d8r5!+b37vzv?n7v21+o!+c5rqvpn7r+Z29r-N5281q,V1qr53ny+fv1tu+Z8zvpxB+Ny21+lA+Yr9!B+lru26u8n+fntv9,iYQO,.**#
Rssvpvr17+Zn1ntrzr17+2s+Z8y7v9r56v21+Q2p8zr176+o!+bowrp7+ersr5r1pv1t,in66vyv6+WA+g6275n6B+Pn5y2+mn1v2y2B+fu8-ln2+Puvr1,iYQO,",__."
h1qr567n1qv1t+7ur+ty2ony+6rzn17vp6+2s+5rsr5r17vny+np7v216+86v1t+y2tvp+58yr6,j2ystn1t+Zn!B+Or575nz+Y8qä6pur5,NPZ+g5n16A+Qn7non6r+f!67A,",__,"
N160r5v1t+P2z3yr +fdY+d8r5vr6+h6v1t+N872zn7vp+f8zzn5!+gnoyr6,e2or57n+P2pu5n1rB+Unzvq+cv5nur6uB+Z21vpn+h5n7nB+Zn5x26+mnun5v28qnxv6B+Tr25tr+Yn3v6,fVTZbQ+P21sr5r1pr,",___"
fpvr17vsvp+Qn7non6r6+-+f7n7r+2s+7ur+N57+n1q+S8785r+Qv5rp7v216,ln11v6+RA+V2n11vqv6B+Zn5vn+mrzn1x29n,iYQO,.**#
gvzr-3n5nzr7r5v?rq+48r5vr6+v1+63n7v2-7rz325ny+qn7non6r6,Qvzv75v6+cn3nqvn6B+l8srv+gn2,fVTZbQ+P21sr5r1pr,",__,"
cn1ryM+d8r5!v1t+ar7025xrq+Qn7non6r6,Qv9r6u+f5v9n67n9nB+avpx+X28qn6,fVTZbQ+P21sr5r1pr,",__;"
U2zr5M+n+Z2qry-On6rq+PNfR+g22y+s25+Qn7n-V17r16v9r+jro+fv7r6,cn2y2+N7?r1vB+cn2y2+Zr5vnyq2B+Zn5p2+crp2521rB+Zn5p2+Znt1n17rB+Tvn16ny9n725r+Zrppn,fVTZbQ+P21sr5r1pr,",___"
Tr1r5nyv?rq+frn5pu+g5rr6+s25+Qn7non6r+f!67rz6,Wrss5r!+SA+an8tu721B+N9v+csrssr5B+W26r3u+ZA+Uryyr567rv1,iYQO,.**$
P267+z2qry6+s25+29r5yn33v1t+n1q+z8y7v9r56v21+6758p785r6,l8srv+gn2B+W81+mun1tB+Qvzv75v6+cn3nqvn6,NPZ+g5n16A+Qn7non6r+f!67A,",__,"
Nppr66v1t+n+eryn7v21ny+Qn7non6r+7u528tu+n1+bowrp7-b5vr17rq+Qn7non6r+V17r5snpr,Wnpx+NA+b5r167rv1B+QA+aA+Xnzor5,iYQO,.**$
N33yvpn7v216+2s+7ur+WNiN+c52t5nzzv1t+Yn1t8ntr+72+Qn7non6r+Zn1ntrzr17,iA+jvx725+Zn5rxB+O5nqyr!+SA+O85721,fVTZbQ+erp25q,.**&
Zrqvpny+V1s25zn7v21+f!67rz6M+Pun5np7r5v?n7v21+n1q+Punyyr1tr6,Y!11+YA+cr7r5621B+W25tr+PA+TA+enzv5r?B+Y21+NA+fzv7u,fVTZbQ+erp25q,.**#
Sn67+P2z387n7v21+2s+f3n56r+Qn7np8or6,Qv9r6u+f5v9n67n9nB+Xr11r7u+NA+e266,iYQO,.**^
Zrqvn725+Yn1t8ntr6+-+n+c52326ny+s25+n+f7n1qn5q,cr7r5+O81rzn1B+Y28v4n+en6puvqB+Wrss5r!+QA+hyyzn1,fVTZbQ+erp25q,.**^
P217nv1zr17+2s+P21w81p7v9r+d8r5vr6M+Or!21q+eryn7v216+n6+fr76,entu8+enznx5v6u1n1B+ln11v6+RA+V2n11vqv6,NPZ+g5n16A+Qn7non6r+f!67A,.**$
Q!1nzvp+V7rz6r7+P2817v1t+n1q+Vz3yvpn7v21+e8yr6+s25+Zn5xr7+On6xr7+Qn7n,funy2z+g685B+enwrr9+Z270n1vB+fr5tr!+O5v1B+Wrss5r!+QA+hyyzn1,fVTZbQ+P21sr5r1pr,.**^
TUbfgM+Sv1r+T5n18yn5v7!+O8ssr5v1t+2s+V1qr r6,Pur1t+Uvn1+T2uB+Xvn1-Yrr+gn1B+Or1t+Puv1+b2vB+QA+fvz,iYQO,.***
R 75np7v1t+f758p785rq+Qn7n+s52z+jro+cntr6,N59v1q+N5n68B+Urp725+Tn5pvn-Z2yv1n,fVTZbQ+P21sr5r1pr,",__;"
T8r67+rqv725vny,Znyp2yz+cA+N7xv1621,iYQO+WA,",___"
Q!1nzvp+Zrz25!+Nqw867zr17+s25+R 7r51ny+Zr5tr6257,jrv!r+mun1tB+cr5-Åxr+Yn5621,iYQO,.**^
Rssvpvr17+r9ny8n7v21+2s+48r5vr6+v1+n+zrqvn725+s25+jrof285pr6,g2ytn+h5un1B+Yn85n+O5vtu7B+iynqvzv5+mnq252?u1!B+Zn5vn-R67ur5+ivqnyB+Y28v4n+en6puvq,fVTZbQ+P21sr5r1pr,",__,"
ir56v216+n1q+j25x63npr6+v1+Zvp5262s7+er326v725!,fun1xn5+cnyB+gu2zn6+Or5t675nr66r5B+cuvyv3+NA+Or5167rv1B+Qn9vq+fu877,fVTZbQ+P21sr5r1pr,.***
N+S5nzr025x+s25+R 35r66v1t+n1q+P2zov1v1t+c5rsr5r1pr6,Rq0n5q+YA+jvzzr56B+enxr6u+Nt5n0ny,fVTZbQ+P21sr5r1pr,",___"
R1un1prq+No675np7+Qn7n+g!3r6+v1+bowrp7-eryn7v21ny+Qn7non6r6,c5n9rr1+fr6unq5v,iYQO+WA,.**&
ivr0+Znv17r1n1pr+v1+n+jn5ru286v1t+R19v521zr17,Wr11vsr5+jvq2zB+Urp725+Tn5pvn-Z2yv1nB+l8r+mu8trB+W2npuvz+Unzzr5,fVTZbQ+P21sr5r1pr,.**$
P21p855r1p!+v1+7ur+Qn7n+jn5ru286r,evpun5q+gn!y25,iYQO,",___"
P2nyr6pv1t+v1+grz325ny+Qn7non6r6,Zvpunry+QA+f22B+evpun5q+gA+f12qt5n66B+Zvpunry+UA+Oöuyr1,iYQO,.**%
b87yvr5+Qr7rp7v21+s25+Uvtu+Qvzr16v21ny+Qn7n,Pun58+PA+Nttn50nyB+cuvyv3+fA+l8,fVTZbQ+P21sr5r1pr,",__."
gur+kcf+N3352npu+72+Y2nqv1t+n1q+h1y2nqv1t+gr5no!7r+Qn7non6r6,fn1xr7+N7ny,iYQO,.**%
N+gur25!+2s+erq2+erp29r5!,Zn5x+eA+g877yrB+Qn9vq+OA+Y2zr7,fVTZbQ+P21sr5r1pr,",__;"
"b-bB+jun7'6+Un33r1v1t+72+QO,:",evpun5q+f0ntr5zn1B+ary621+Zr1q21çn+Zn7726B+Zvpunry+WA+Pn5r!B+f5v1v9n6n+an5n!n1n1B+Or11r7+in1prB+Q28t+Q22yrB+fr5tr+evryn8B+Q21nyq+QA+Punzor5yv1,fVTZbQ+P21sr5r1pr,.***
b1yv1r+Q!1nzvp+er25qr5v1t+s25+V17r5np7v9r+Qn7n+c52pr66v1t,Oun6xn5n1+enzn1B+W26r3u+ZA+Uryyr567rv1B+ivwn!6un1xn5+enzn1,iYQO,.***
N+f859r!+n1q+P5v7v48r+2s+Nq9n1prq+g5n16np7v21+Z2qry6,PA+Z2un1,fVTZbQ+P21sr5r1pr,.**#
Q!1nzvp+fr59vpr+Zn7puznxv1t+Nz21t+Ntr176+v1+b3r1+V1s25zn7v21+R19v521zr176,Zn77uvn6+Xy86puB+Xn7vn+cA+f!pn5nB+fr7u+jvq2ssB+Wvn1t82+Y8,fVTZbQ+erp25q,.***
"N+gfdY,+g8725vny",Wnzr6+Pyvss25qB+enzr?+Ryzn65vB+Zvpunry+QA+f22B+j2ystn1t+Xäsr5B+avpx+Xyv1rB+N5vr+frtr9B+f85!n1n5n!n1n+ZA+f5v3nqnB+Snov2+T5n1qvB+W2u1+SA+e2qqvpxB+evpun5q+gA+f12qt5n66B+Pu5v67vn1+fA+Wr16r1B+avx26+NA+Y25r17?26B+Vy622+Nu1B+Tnq+N5vn9B+Q21+fA+On725!B+gA+lA+Pyvss+Yr81tB+P857v6+RA+Q!5r621B+X5v6u1n+TA+X8yxn51v,fVTZbQ+erp25q,.**#
g2+gnoyr+25+a27+72+gnoyrM+n+U!3r57no8yn5+N160r5,Tv86r33r+fn178ppvB+Yn85n+gn5n17v12,fVTZbQ+erp25q,.**%
Ov7zn3+V1qr +Qr6vt1+n1q+R9ny8n7v21,ln11v6+RA+V2n11vqv6B+Purr+l21t+Pun1,fVTZbQ+P21sr5r1pr,.**&
gur+arrq+s25+Qv675vo87rq+N6!1pu521286+g5n16np7v216,Y!zn1+Q2B+c5nou8+enzB+cnzryn+Q5r0,fVTZbQ+P21sr5r1pr,.***
R67vzn7v1t+cntr+Sr7pur6+s25+V1qr +fpn16+0v7u+Sv1v7r+Yeh+O8ssr56,XA+Or51un5q+fpuvrsr5B+N581+aA+f0nzv,iYQO+WA,.**$
d8r5!+b37vzv?n7v21+s25+kZY,Wn621+ZpU8tuB+Wr11vsr5+jvq2z,iYQO,.***
g5n16np7v21ny+V1s25zn7v21+f!67rz6+-+O22x+er9vr0,Zn5p+UA+fpu2yy,fVTZbQ+erp25q,",__."
fUbeRM+P2zov1v1t+7ur+Or67+Srn785r6+2s+bbQOZf+n1q+Svyr+f!67rz6,fu25r+grnz,fVTZbQ+P21sr5r1pr,.**$
P2z3n5v1t+Uvr5n5puvpny+Qn7n+v1+R 7r51ny+Zrz25!,f8qn56un1+fA+Pun0n7ur,iYQO,.***
b1+P2z387v1t+P255ryn7rq+Ntt5rtn7r6+b9r5+P217v18ny+Qn7n+f75rnz6,Qv9r6u+f5v9n67n9nB+Syv3+X251B+W2un11r6+Tru5xr,fVTZbQ+P21sr5r1pr,",__."
gur+ar7025x+v6+7ur+Qn7non6rM+Qn7n+Zn1ntrzr17+s25+Uvtuy!+Qv675vo87rq+f!67rz6,Zvpunry+WA+j!1oyn77B+W8yv2+PA+an9n6,fVTZbQ+P21sr5r1pr,",__."
Qn7n+Zn1ntrzr17M+Yn67v1t+Vz3np7+2s+7ur+jvyq+jvyqB+jvyqB+jro,errq+ZA+Zr6rpx,fVTZbQ+P21sr5r1pr,",__."
W2v1+Nyt25v7uz+P2676+er9v6v7rq,X27ntv5v+enznz2un1n5n2B+R9n1+cA+Un55v6,iYQO+WA,.**%
fvzvyn5v7!-On6rq+d8r5vr6+s25+gvzr+fr5vr6+Qn7n,Nyor572+bA+Zr1qry?21B+Qn922q+ensvrv,fVTZbQ+P21sr5r1pr,.**^
d8r5!+Qrp2z326v7v21+n1q+ivr0+Znv17r1n1pr+s25+d8r5!+Yn1t8ntr6+s25+h16758p785rq+Qn7n,Qn1+f8pv8,iYQO,.**%
gur+VQRN+jro+Yno,cvr52+S5n7r51nyvB+f7rsn12+cn5no26puvB+f7rsn12+Pr5v,fVTZbQ+P21sr5r1pr,.**&
b1+7ur+p2z387n7v21+2s+5ryn7v21ny+9vr0+p2z3yrzr176,T277s5vrq+i266r1B+Wr16+Yrpu7r1oö5tr5,NPZ+g5n16A+Qn7non6r+f!67A,",__;"
Or67-rss257+pnpur+6!1pu521v?n7v21+0v7u+6285pr+p223r5n7v21,Pu5v6+by6721B+Wr11vsr5+jvq2z,fVTZbQ+P21sr5r1pr,",__,"
Qn7n+V17rt5n7v21+n1q+jn5ru286v1t+v1+gryrp2z+V7nyvn,Qn1vryr+an5qvB+Zn85v?v2+Yr1?r5v1vB+f7rsn12+g5v62yv1v,fVTZbQ+P21sr5r1pr,.***
W2851ny+5ryr9n1pr,evpun5q+gA+f12qt5n66,fVTZbQ+erp25q,",__;"
b1yv1r+fpnyv1t+v1+n+Uvtuy!+N9nvynoyr+Qn7non6r,f9rv1+R5vx+O5n76or5tB+e81r+U8zo2567nq,iYQO,",__."
Vz3529v1t+gvzryv1r66+v1+erny-gvzr+frp85r+Qn7non6r+f!67rz6,fn1t+U!8x+f21B+en6vxn1+Qn9vqB+Oun9n1v+ZA+gu85nv6v1tunz,fVTZbQ+erp25q,.**%
f725ntr+n1q+d8r5!v1t+2s+R-P2zzr5pr+Qn7n,lv521t+k8B+enxr6u+Nt5n0nyB+Nzv7+f2zn1v,iYQO,",__."
gur+ZRQhfN+c52wrp7M+N87212z286+Qn7n+Zn1ntrzr17+v1+n+fun5rq-a27uv1t+cn5nyyry+Qn7non6r+Znpuv1r,Tr25tr+ZA+O5!n1B+WA+Tr!r5B+jn!1r+RA+Z225rB+OA+WA+P855!B+XA+jA+Y2qtr,fVTZbQ+P21sr5r1pr,.**#
U27+Oy2px+Py867r5v1t+s25+Qv6x+N55n!6+0v7u+Q!1nzvp+f75v3v1t,Xn?8uvx2+Z2tvB+Zn6n58+Xv7685rtn0n,iYQO,.**$
Rssvpvr17+6purzr6+s25+zn1ntv1t+z8y7v9r56v21kZY+q2p8zr176,fu8-ln2+Puvr1B+Pn5y2+mn1v2y2B+in66vyv6+WA+g6275n6,iYQO+WA,",__,"
P21p855r1p!+n1q+erp29r5!+s25+V1qr +g5rr6,Qn9vq+OA+Y2zr7B+Or77!+fny?or5t,iYQO+WA,.**^
Rssvpvr17y!+38oyv6uv1t+5ryn7v21ny+qn7n+n6+kZY+q2p8zr176,O58pr+TA+Yv1q6n!B+Unzvq+cv5nur6uB+Or57u2yq+erv10nyqB+Zvpunry+WA+Pn5r!B+evz21+On55B+Wn!n9ry+fun1z8tn681qn5nzB+R8tr1r+WA+furxv7n,iYQO+WA,",__."
c5rqn725M+N+er6285pr+s25+Qn7non6r+er6rn5pu,c5n9rr1+fr6unq5v,fVTZbQ+erp25q,.**&
Z8y7v-Qvzr16v21ny+Qn7non6r+Nyy2pn7v21+s25+cn5nyyry+Qn7n+jn5ru286r6,U2ytr5+Zä57r16B+R5un5q+enuzB+gu2zn6+f7öu5,iYQO,",___"
Sn67+v1p5rzr17ny+znv17r1n1pr+2s+n3352 vzn7r+uv672t5nz6,iv60n1n7u+c226nynB+cuvyyv3+OA+Tvoo216B+l266v+Zn7vn6,NPZ+g5n16A+Qn7non6r+f!67A,",__,"
Y25rM+N+Qn7non6r+Zn1ntrzr17+f!67rz+s25+frzv6758p785rq+Qn7n,e2!+T2yqzn1B+fr5tr+Nov7ro28yB+Wr11vsr5+jvq2zB+Qnyyn1+d8n66B+Wn621+ZpU8tu,fVTZbQ+erp25q,.**^
N+gn 212z!+s25+frp85r+bowrp7-b5vr17rq+Qn7non6r6,fron67vnn1+UA+921+f2yz6B+Zn57v1+fA+byv9vr5,NPZ+g5n16A+Qn7non6r+f!67A,.**#
Uvtu-P21p855r1p!+Y2pxv1t+v1+e-g5rr6,Q28tyn6+On1x6B+Zn5pry+X251npxr5,iYQO,.**$
N+Z217r+Pn5y2+nyt25v7uz+s25+sn67+352wrp7v9r+py867r5v1t,Zvpunry+W21r6B+cn1xnw+XA+Ntn50nyB+gA+ZA+Z85nyvB+Prpvyvn+Zntqnyr1n+c52p23v8p,fVTZbQ+P21sr5r1pr,",__,"
h3qn7v1t+kZY,Qn1vry+fA+jryqB+mnpun5!+TA+V9r6B+Vt25+gn7n5v129B+Ny21+lA+Unyr9!,fVTZbQ+P21sr5r1pr,",__."
gur25!+2s+qr3r1qr1pr+9ny8r6,e26n+Zr2,NPZ+g5n16A+Qn7non6r+f!67A,",___"
Q!1nzvp+z8y7vqvzr16v21ny+uv672t5nz6,cv275+V1q!xB+f8qv372+T8unB+av7v1+gun3r5B+avpx+X28qn6,fVTZbQ+P21sr5r1pr,",__,"
Yrn51v1t+no287+qn7n+v17rt5n7v21+punyyr1tr6+s52z+qn!+21r,Ny21+lA+Unyr9!,fVTZbQ+erp25q,",__;"
Uvr5n5puvr6+n1q+eryn7v9r+b3r5n7256+v1+7ur+bYNc+R19v521zr17,Zn85v?v2+ensn1ryyvB+Rynuru+c285noon6,fVTZbQ+erp25q,",___"
Uvtu+Yr9ry+V1qr v1t+2s+h6r5-Qrsv1rq+g!3r6,O5vn1+gA+g5n1B+W!u-Ur51t+Pu20B+Zvpuryyr+W28B+Wrn1+T5n1qo2v6B+l81+jn1tB+l28-Puv1+S8uB+jrvq21t+Pur1B+ary621+Zr1q21çn+Zn7726,iYQO,.***
P217r 78nyv?v1t+7ur+V1s25zn7v21+f3npr+v1+Srqr5n7rq+Qvtv7ny+Yvo5n5vr6,Wr52r1+U233r1o5280r56B+Zvxr+cA+cn3n?2ty28,fVTZbQ+erp25q,.***
cvp2QOZfM+fpnyv1t+q201+qn7non6r+7rpu1v48r6+s25+7ur+6zn57pn5q,cn75vpx+inyq85vr?B+cuvyv33r+c8pur5nyB+Pu5v6723ur+O2ov1rn8B+Y8p+O28tn1vz,iYQO+WA,",__."
en1tr+d8r5vr6+v1+bYNc+Qn7n+P8or6,Puv1t-gvr1+U2B+enxr6u+Nt5n0nyB+avz52q+Zrtvqq2B+enznx5v6u1n1+f5vxn17,fVTZbQ+P21sr5r1pr,.**^
N1+b3r1+f725ntr+f!67rz+s25+No675np7+bowrp76,Y8xn6+eryy!B+f7r3ur1+Oy277B+Un16-Wö5t+fpurx,fVTZbQ+P21sr5r1pr,.**%
N+Qn7n+Z2qry+n1q+Qn7n+f758p785r6+s25+Z29v1t+bowrp76+Qn7non6r6,Zn5x86+fpu1rvqr5B+R15vp2+an5qryyvB+Y8pn+S25yv??vB+enys+Un57z87+Tü7v1t,fVTZbQ+P21sr5r1pr,",___"
gur+kkY+6rn5pu+r1tv1rM+5n1xrq+5r75vr9ny+2s+kZY+qn7n+86v1t+v1qr r6+n1q+2172y2tvr6,N1wn+gur2onyqB+Tr5un5q+jrvx8z,fVTZbQ+P21sr5r1pr,",__,"
nzqoM+N1+Nppr66+Zr7u2q+Qro8ttv1t+g22y,W26r3u+ZA+Uryyr567rv1B+Zru8y+NA+funuB+Zn5pry+X251npxr5,fVTZbQ+P21sr5r1pr,.**&
N8525nM+N+Qn7n+f75rnz+Zn1ntrzr17+f!67rz,ar6vzr+gn7o8yB+Qn1vry+WA+NonqvB+PA+R50v1B+N185nt+Zn6xr!B+Zv7pu+Pur51vnpxB+Nyr +en6v1B+Pu5v67vn1+P219r!B+NA+fv1tr5B+Rq8n5q2+SA+Tny9r?B+eA+ln1B+ht85+Çr7v17rzryB+lv1t+kv1tB+f7n1yr!+OA+mq21vxB+Zvpunry+f721ro5nxr5B+Q21nyq+Pn51r!B+ZA+Un7281,fVTZbQ+P21sr5r1pr,",__;"
jjj-hQXM+N+jro-on6rq+R19v521zr17ny+Zr7n-V1s25zn7v21+f!67rz,e8q2ys+Yrtn7B+N51r+X26puryB+N1q5rr+Xrv7ryB+enys+X5nzr5B+Pyn8qvn+e2yxr5B+enys+avx2ynvB+cr7r5+PA+Y2pxrzn11B+X215nq+mv5z,fVTZbQ+erp25q,.**^
b3r5n7v1t+f!67rz+R 7r16v216+s25+7ur+gr5nqn7n+cn5nyyry+iYQO,f25n1n+enov129vpvB+W2u1+Pn72??v,iYQO,",__."
N3352 vzn7r+P2z387n7v21+2s+Z8y7vqvzr16v21ny+Ntt5rtn7r6+2s+f3n56r+Qn7n+h6v1t+jn9ryr76,Zv1+jn1tB+Wrss5r!+fp277+iv77r5,fVTZbQ+P21sr5r1pr,.***
N1+V1752q8p7v21+72+f3n7vny+Qn7non6r+f!67rz6,enys+Un57z87+Tü7v1t,iYQO+WA,.**#
U20+f!67rz+..+fdY+fr59r5+Orpnzr+Sn67,gA+XA+er1tn5nwn1,iYQO,.**%
Qrnqy2px+Qr7rp7v21+v1+Qv675vo87rq+Qn7non6r+f!67rz6M+N+ar0+Nyt25v7uz+n1q+n+P2z3n5n7v9r+cr5s25zn1pr+N1ny!6v6,Nys216+Xrz3r5B+Ru8q+T8qr6B+an7nyvwn+X5v92xn3vp,iYQO+WA,.***
eryn7v21ny+qn7n+6un5v1t+v1+3rr5-on6rq+qn7n+zn1ntrzr17+6!67rz6,Or1t+Puv1+b2vB+ln1sr1t+fu8B+Xvn1-Yrr+gn1,fVTZbQ+erp25q,",__;"
l285+Zrqvn7256+arrq+Qn7n+P219r56v21=,f23uvr+Py8r7B+Xn7n5?!1n+fzntnB+Wé5ôzr+fvzé21B+Pyn8qr+Qry2ory,fVTZbQ+P21sr5r1pr,.**&
Rssvpvr17+6vzvyn5v7!+6rn5pu+s25+zn5xr7+on6xr7+qn7n,Nyr n1q526+an12328y26B+ln11v6+Zn12y2328y26,iYQO+WA,",__,"
erny+O86v1r66+c52pr66v1t+Zrr76+7ur+jro,Wnzr6+Pu21t,fVTZbQ+P21sr5r1pr,.**&
N+Qn7non6r+N3352npu+72+d8nyv7!+2s+fr59vpr+f3rpvsvpn7v21+v1+ivqr2+Qn7non6r6,Z2un1q-fnvq+UnpvqB+Ryv6n+Or57v12B+Nuzrq+XA+Ryzntn5zvq,fVTZbQ+erp25q,",__;"
g!3r-Purpxv1t+bdY+d8r5vr6+V1+7ur+bQZT+g!3r+f!67rz6,f8nq+Nyntvp,NPZ+g5n16A+Qn7non6r+f!67A,.***
gur+Tn5yvp+c52wrp7,Zn1v6u+N5!nB+Zn5!+g25x+e27uB+Yn85n+ZA+Unn6B+W2npuvz+gu2zn6+VVB+Zvpunry+WA+Pn5r!B+Rq0n5q+YA+jvzzr56B+cr7r5+ZA+fpu0n5?B+jvyyvnz+SA+P2q!B+e21nyq+Sntv1,fVTZbQ+P21sr5r1pr,.**%
Q21'7+Or+Yn?!B+Or+P216v67r17M+c267t5r6-eB+N+ar0+jn!+72+Vz3yrzr17+Qn7non6r+er3yvpn7v21,Or77v1n+XrzzrB+T867n92+Ny2162,iYQO,",___"
bowrp7+Qn7non6r+R92y87v21+h6v1t+fr3n5n7v21+2s+P21pr516,cr7r5+fn0!r5B+N0nv6+en6uvq,fVTZbQ+erp25q,",___"
f833y!+Punv1+V1s5n6758p785r6M+f!67rz+V17rt5n7v21+n1q+V1s25zn7v21+fun5v1t,Zvpunry+bA+OnyyB+Y28v4n+en6puvqB+Zr1t+ZnB+mur1t!v1t+mun2,fVTZbQ+erp25q,",__,"
jun7+jvyy+Or+-+O22x+er9vr0,cn8y+jA+cA+WA+T5rsr1,fVTZbQ+erp25q,",__,"
g8725vnyM+n33yvpn7v21+6r59r56+n1q+n662pvn7rq+7rpu12y2tvr6,PA+Z2un1,fVTZbQ+P21sr5r1pr,",__,"
"Z2qryv1t+fxr0rq+Qv675vo87v21+h6v1t+Z8y7vs5np7ny6+n1q+7ur+`&_-,_'+Yn0",No5nunz+fvyor56pun7?B+Pu5v6726+Sny287626B+l266v+Zn7vn6,iYQO,.**%
R1un1prq+U!3r57r 7+Pn7rt25v?n7v21+h6v1t+U!3r5yv1x6,O!521+Q2zB+cv275+V1q!xB+f28zr1+Punx5non57v,fVTZbQ+P21sr5r1pr,.**&
N+P216r1686+Ty266n5!+2s+grz325ny+Qn7non6r+P21pr376,fun6uv+XA+TnqvnB+Pu5v67vn1+fA+Wr16r1B+cn75vpx+WA+Un!r6B+enzr?+Ryzn65vB+f86uvy+Wnw2qvnB+Wnzr6+Pyvss25q,fVTZbQ+erp25q,.**#
f3n7vny+b3r5n7256,Ryv6r2+Pyrzr17v1vB+cn2yv12+Qv+Sryvpr,fVTZbQ+erp25q,",___"
"Zn1ntv1t+n+QO,+cn5nyyry+Rqv7v21+Qn7non6r",Tvyyr6+Srp7rn8,iYQO,.**$
Vz3yrzr17v1t+Qn7n+P8or6+Rssvpvr17y!,N1n1q+enwn5nzn1B+Wrss5r!+QA+hyyzn1B+ir1x!+Un5v1n5n!n1,fVTZbQ+P21sr5r1pr,.**%
jroSvy7r5M+N+Uvtu-7u528tu387+kZY-on6rq+c8oyv6u+n1q+f8o6p5vor+f!67rz,S5n1ç2v6r+Sno5r7B+Qr11v6+fun6unB+Un16-N512+Wnp2o6r1B+S5n1ç2v6+Yyv5on7B+W2ã2+cr5rv5n,iYQO,",__."
P23!+Qr7rp7v21+Zrpun1v6z6+s25+Qvtv7ny+Q2p8zr176,Urp725+Tn5pvn-Z2yv1nB+fr5tr!+O5v1B+Wnzr6+Qn9v6,fVTZbQ+P21sr5r1pr,.**$
V1sy8r1pr+fr76+On6rq+21+er9r56r+arn5r67+arvtuo25+d8r5vr6,fA+Z87u8x5v6u1n1B+Syv3+X251,fVTZbQ+P21sr5r1pr,",___"
N+fv1tyr+cn66+P2z387v1t+R1tv1r+s25+V17r5np7v9r+N1ny!6v6+2s+iYQO6,grq+Zvunyv6v1,iYQO,.**&
g8725vnyM+YQNc+Qv5rp725!+fr59vpr6+-+W867+N127ur5+Qn7non6r+N33yvpn7v21:,N1n1q+Qr6u3n1qrB+fu5vqun5+fu8xyn,fVTZbQ+P21sr5r1pr,",___"
Qv675vo87rq+c52pr66v1t+29r5+f7n1q-ny21r+f!67rz6+n1q+N33yvpn7v216,Pyn86+Untr1B+Un16-Wö5t+fpurxB+T867n92+Ny2162B+Zn5x86+g5r6pu,iYQO,.**^
Z2ovyr+P2z387v1t+n1q+Qn7non6r6M+N1!7uv1t+ar0:,Zn5tn5r7+UA+Q81unzB+Noqry6nynz+Uryny,fVTZbQ+erp25q,.**$
R1tv1rr5v1t+Srqr5n7rq+V1s25zn7v21+f!67rz6M+er3257+2s+RSVf+'**+j25x6u23,Sèyv +fny725B+h0r+U2ur167rv1B+enys-Qr7yrs+X876purB+jvyuryz+Un66ryo5v1tB+T817r5+fnnxrB+f7rsn1+P215nqB+Zn5x+e2n175rr,fVTZbQ+erp25q,.***
b1+N33y!v1t+Un6u+Svy7r56+72+Vz3529v1t+7ur+R rp87v21+2s+Z8y7v-W2v1+d8r5vr6,cuvyv3+fA+l8B+Zv1t-f!n1+Pur1B+U8v-V+U6vn2,iYQO+WA,.**^
Qn7non6r+Qr6vt1+0v7u+P2zz21+fr16r+O86v1r66+ern621v1t+n1q+Yrn51v1t,Qrono5n7n+Qr!B+e2tr5+UA+YA+Puvn1tB+fun1xn5+f81qn5r6n1B+e2or57+PA+T2yq67rv1B+irqn+PA+f725r!,NPZ+g5n16A+Qn7non6r+f!67A,.**^
P225qv1n7v1t+onpx83/5rp29r5!+n1q+qn7n+p216v67r1p!+or70rr1+qn7non6r+n1q+svyr+6!67rz6,PA+Z2un1B+V1qr53ny+an5n1tB+f83n51n+Oun77npun5!nB+Xn5r1+O5n1121B+U8v-V+U6vn2B+Znunqr9n1+f8o5nzn1vn1,fVTZbQ+P21sr5r1pr,",__,"
d8r5!+o!+U8zzv1t+-+v1+Np7v21+0v7u+v76+grpu12y2t!+er9rnyrq,l81!8r+mu8B+kvn2wvn1+mun2B+Qr11v6+fun6un,fVTZbQ+P21sr5r1pr,",__;"
V1s2zn67r5M+N1+V1s25zn7v21+V17rt5n7v21+f!67rz,N57u85+ZA+Xryyr5B+Zvpunry+eA+Tr1r6r5r7uB+byv9r5+ZA+Q86puxn,fVTZbQ+P21sr5r1pr,.**^
V17rt5n7v1t+eryvnoyr+Zrz25!+v1+Qn7non6r6,cr7r5+ZA+Pur1B+jrr+grpx+at,iYQO,.**^
N5puv9v1t+6pvr17vsvp+qn7n,fn1wrr9+Xun11nB+cr7r5+O81rzn1B+jn1t+Puvr0+gn1B+Xrv6uv+gnwvzn,fVTZbQ+P21sr5r1pr,",__,"
cn5nyyry+Zv1v1t+Nyt25v7uz6+s25+Tr1r5nyv?rq+N662pvn7v21+e8yr6+0v7u+Pyn66vsvpn7v21+Uvr5n5pu!,Zn6n58+Xv7685rtn0nB+gnxnuvx2+fuv17n1v,fVTZbQ+P21sr5r1pr,.**&
d8r5!+R9ny8n7v21+v1+Qrq8p7v9r+Qn7non6r6+0v7u+Ny7r51n7v1t+Sv 32v17+frzn17vp6,jrvq21t+Pur1,NPZ+g5n16A+Qn7non6r+f!67A,.**$
jro+pnpuv1t+s25+qn7non6r+n33yvpn7v216+0v7u+b5npyr+jro+Pnpur,W25qn1+cn5xr5B+Wr66r+N1721B+mur1t+mr1tB+Yn05r1pr+Wnp2o6B+gvr+mu21tB+kvn1t+Yv8,fVTZbQ+P21sr5r1pr,",__,"
N33yvpn7v21+2s+bbQO+n1q+fTZY+grpu1v48r6+v1+gr 7+Qn7non6rM+N1+Ryrp7521vp+Qvp7v21n5!+f!67rz,Wvn1+mun1t,fVTZbQ+erp25q,.**$
PbZZVkM+720n5q6+rssrp7v9r+0ro+v1s25zn7v21+r 75np7v21B+v17rt5n7v21+n1q+48r5!+n160r5v1t,W81+Tn2B+Wvn1+crvB+gr1twvn2+jn1tB+fuv0rv+gn1tB+l84v1t+j8B+Q21t4v1t+ln1t,fVTZbQ+P21sr5r1pr,",__,"
Pyv2M+N+frzv-N872zn7vp+g22y+S25+fpurzn+Zn33v1t,Yn85n+ZA+Unn6B+er1ér+WA+Zvyyr5B+Zn85vpv2+NA+Ur51á1qr?,fVTZbQ+P21sr5r1pr,",__."
N+P21pr378ny+N5puv7rp785r+s25+frzn17vp+jro+R1noyrq+jro+fr59vpr6,Qvr7r5+Sr16ryB+Nyr n1qr5+ZnrqpurB+Pu5v6723u+O866yr5,fVTZbQ+erp25q,",__,"
P217r 7-on6rq+35rsr7pu+-+n1+237vzv?n7v21+s25+vz3yrzr17v1t+2owrp76+21+5ryn7v216,Qn9vq+fu877B+cuvyv3+NA+Or5167rv1B+fun1xn5+cny,iYQO+WA,",___"
jNeYbPXM+N+Qn7n+Nyy2pn7v21+g22y+s25+cn5nyyry+jn5ru286r6,gu2zn6+f7öu5B+R5un5q+enuz,iYQO,",__."
f725ntr+n1q+er75vr9ny+2s+kZY+Qn7n+h6v1t+eryn7v21ny+Qn7non6r6,f85nwv7+Pun8qu85vB+X!86r2x+fuvz,iYQO,",__."
b37vzv?n7v21+2s+Q!1nzvp+d8r5!+R9ny8n7v21+cyn16,T2r7?+T5nrsrB+evpun5q+YA+P2yr,fVTZbQ+P21sr5r1pr,.**#
gur+upP-75rrM+N1+Rssvpvr17+V1qr +f758p785r+s25+bowrp7+b5vr17rq+Qn7non6r6,OA+f5rr1n7uB+fA+fr6unq5v,iYQO,.**#
Qn7n+Z2qryv1t+2s+gvzr-On6rq+Zrqvn,fvz21+WA+Tvoo6B+Pu5v67vn1+O5rv7r1rqr5B+Qr11v6+g6vpu5v7?v6,fVTZbQ+P21sr5r1pr,.**#
gur+6r1625+63rp758zM+7rpu12y2t!B+75r1q6B+n1q+5r48v5rzr176,fnz8ry+Znqqr1B+jrv+U21tB+W26r3u+ZA+Uryyr567rv1,fVTZbQ+erp25q,",__;"
V175n-g5n16np7v21+cn5nyyryv6z+v1+7ur+Zn33v1t+2s+n1+bowrp7+Z2qry+72+n+eryn7v21ny+Z8y7v-c52pr6625+f!67rz,Z2v5n+PA+a255vrB+Un16-Wö5t+fpurxB+Zvpunry+e!6,iYQO,.**%
Z8y7v-gnoyr+W2v16+gu528tu+Ov7zn33rq+W2v1+V1qvpr6,T2r7?+T5nrsrB+cn75vpx+RA+b'arvy,fVTZbQ+erp25q,.**$
Rssvpvr17+P21p855r1p!+P21752y+s25+O52nqpn67+R19v521zr176,N59v1q+av7u5nxn6u!n3B+enwr1q5n1+ZA+fv9n6n1xn5n1B+Wn!n9ry+fun1z8tn681qn5nzB+X5v7uv+enznz5v7unz,fVTZbQ+P21sr5r1pr,.***
TRaRflfM+N+f!67rz+s25+Rssvpvr17+f3n7vny+d8r5!+c52pr66v1t,gu2zn6+O5v1xu2ssB+Un16-cr7r5+X5vrtryB+enys+fpu1rvqr5B+Or51un5q+frrtr5,fVTZbQ+P21sr5r1pr,.**#
cYNfgVPM+erq8pv1t+d8r5!+b37vzv?n7v21+b9r5urnq6+7u528tu+cyn1+erp!pyv1t,Wn!n17+eA+Un5v76nB+ivou87v+fA+fr1tn5,fVTZbQ+P21sr5r1pr,",__;"
V1s2fyr87uM+frzn17vp+V17rt5n7v21+2s+V1s25zn7v21+v1+b3r1+n1q+Q!1nzvp+R19v521zr176+(R 3r5vr1pr+cn3r5),Tnyr+Zn57v1B+en!+furnB+g2zn6?+X6vr?!xB+e2or572+WA+On!n5q2+W5AB+Zn5vn1+UA+a2qv1rB+jvyyvnz+O2u5r5B+iv38y+Xn6u!n3B+PA+h11vx5v6u1n1B+evpun5q+fA+O5vprB+Z26sr4+en6uvqB+Nz!+h158uB+Noqry6nynz+UrynyB+N1q5?rw+Pvpu2pxvB+Zn5rx+e86v1xvr0vp?B+Qn55ryy+j2ryxB+Wr55!+S20yr5,fVTZbQ+P21sr5r1pr,.**^
Zn33v1t+Qn7n+v1+crr5-72-crr5+f!67rz6M+frzn17vp6+n1q+Nyt25v7uzvp+V668r6,er1ér+WA+Zvyyr5B+N1n67n6v26+Xrzr176vr76vqv6B+Zn5pry2+N5r1n6,fVTZbQ+P21sr5r1pr,",__;"
Qn7non6r+Zn1ntrzr17+f!67rz6+n1q+7ur+V17r51r7,f86n1+Znynvxn,iYQO,.**%
V1p5rzr17ny+h3qn7r6+2s+V19r57rq+Yv676+s25+gr 7+Q2p8zr17+er75vr9ny,Urp725+Tn5pvn-Z2yv1nB+N17u21!+g2zn6vpB+X857+NA+fu2r16,fVTZbQ+P21sr5r1pr,.**#
Rssvpvr17+f833257+s25+V17r5np7v9r+fr59vpr+v1+Z8y7v-er62y87v21+ibQ+f!67rz6,Yrn1n+T2y8opuvxB+Xry9v1+X02x-jnv+Yn0B+W2u1+PA+fA+Y8v,iYQO+WA,.***
Qr6p5vov1t+frzv6758p785rq+Qn7n,Y8pn+Pn5qryyv,fVTZbQ+erp25q,",__."
gur+T5vqM+N1+N33yvpn7v21+2s+7ur+frzn17vp+jro,Pn52yr+NA+T2oyrB+Qn9vq+Qr+e285r,fVTZbQ+erp25q,",__,"
c52pr66v1t+bowrp7-b5vr17rq+d8r5vr6+0v7u+V19r57voyr+Yn7r+O281q+S81p7v216,g25r+ev6puB+f7nssn1+Sy2qv1,iYQO,.**$
Qr6p5v37v21+y2tvp6+s25+6rzn17vp+48r5!+237vzv?n7v21+v1+2owrp7-25vr17rq+qn7non6r+6!67rz6,Pyn8qv2+fn5725vB+f21vn+Or5tnzn6puvB+Q2zr1vp2+Or1r9r17n12,NPZ+g5n16A+Qn7non6r+f!67A,",__;"
Vz3529v1t+Nppr66+72+R19v521zr17ny+Qn7n+h6v1t+P217r 7+V1s25zn7v21,N17u21!+g2zn6vpB+R5vp+fvz21,fVTZbQ+erp25q,.**^
Py867r5v1t+grpu1v48r6+s25+Zv1vzv?v1t+R 7r51ny+cn7u+Yr1t7u,NA+NA+Qv0n1B+fA+f8qn56un1B+fn1wrr9n+en1rB+fA+fr6unq5v,iYQO,.**%
Rssvpvr17+n1q+g5n163n5r17+N33yvpn7v21+erp29r5!+v1+Pyvr17-fr59r5+V1s25zn7v21+f!67rz6,Qn9vq+OA+Y2zr7B+Tr5un5q+jrvx8z,fVTZbQ+P21sr5r1pr,.**&
N1+R rp87v21+Z2qry+s25+Yvzv7rq+Nzovt8v7!+e8yr6+n1q+V76+N33yvpn7v21+72+Qr5v9rq+Qn7n+h3qn7r,V-Zv1+NA+Pur1B+Qr11v6+ZpYr2qB+evpun5q+U8yy,NPZ+g5n16A+Qn7non6r+f!67A,.**$
V1p5rzr17ny+qn7n+f758p785r6+n1q+Nyt25v7uz6+s25+Q!1nzvp+d8r5!+V17r5snpr6,Or1+fu1rvqr5zn1B+evpun5q+OrvtryB+Rtrzr1+gn1v1,fVTZbQ+erp25q,.**%
Qr6vt1+n1q+Vz3yrzr17n7v21+2s+eZc+-+N+iv578ny+Ryrp7521vp+Zn5xr7+cynpr,j2ystn1t+Xyn6B+f86n11r+O2yyB+Or51n5q+On77ntyv1,fVTZbQ+erp25q,.**&
Z29v1t+83+7ur+s22q+punv1M+f833257v1t+R-P2zzr5pr+N33yvpn7v216+21+Qn7non6r6,N1n17+Wuv1t5n1,fVTZbQ+erp25q,",___"
V1qr v1t+Z8y7vzrqvn+Qn7non6r6+(g8725vny),Pu5v6726+Sny287626,fVTZbQ+P21sr5r1pr,.**$
b37vzv?n7v21+2s+d8r5vr6+0v7u+h6r5-Qrsv1rq+c5rqvpn7r6,X!86r2x+fuvzB+f85nwv7+Pun8qu85v,NPZ+g5n16A+Qn7non6r+f!67A,.***
h13npxv1t+gur+frzn17vp6+2s+f285pr+n1q+h6ntr+g2+cr5s25z+frzn17vp+erp21pvyvn7v21+V1+Yn5tr-fpnyr+V1s25zn7v21+f!67rz6,Xr1+fzv7uB+Yr2+bo567,fVTZbQ+erp25q,.***
eRiVRjM+N+erny+gvzr+iv578ny+jnyx7u528tu+f!67rz,lv v1+e8n1B+muv!21t+U8n1tB+Xvn1-Yrr+gn1B+Wn621+Puv21uB+Yvqn1+fu28,fVTZbQ+P21sr5r1pr,",__."
Rssvpvr17+n1q+Rssrp7v9r+Py867r5v1t+Zr7u2q6+s25+f3n7vny+Qn7n+Zv1v1t,en!z21q+gA+atB+Wvn0rv+Un1,iYQO,.**#
fyrr3r56+n1q+j25xnu2yvp6M+Pnpuv1t+f75n7rtvr6+v1+Z2ovyr+R19v521zr176,g2zn6?+Vzvryv16xvB+Qn1vry+On5on5á,iYQO+WA,.**$
b1+7ur+Qv6p29r5!+2s+V17r5r67v1t+cn77r516+v1+N662pvn7v21+e8yr6,f5vqun5+enzn60nz!B+fnzrr5+Znunwn1B+No5nunz+fvyor56pun7?,iYQO,.**&
O2772z-h3+P2z387n7v21+2s+f3n56r+n1q+Vpror5t+PhOR6,Xr9v1+fA+Or!r5B+entu8+enznx5v6u1n1,fVTZbQ+P21sr5r1pr,.***
er6rn5pu+cr563rp7v9r6+s25+gvzr+fr5vr6+Zn1ntrzr17+f!67rz6,Q85v+fpuzvq7B+N1tryvxn+X27?+Qv775vpuB+jr51r5+Q5r!r5,fVTZbQ+erp25q,.**#
d8r5!v1t+kZY+ivr06+2s+eryn7v21ny+Qn7n,Wr55!+Xvr51n1B+Wn!n9ry+fun1z8tn681qn5nzB+Pn7nyv1n+Sn1B+R8tr1r+WA+furxv7nB+W2u1+S81qr5o85x,iYQO,",__."
erny-gvzr+Qn7non6r+-+fvzvyn5v7!+frzn17vp6+n1q+er6285pr+fpurq8yv1t,grv-jrv+X82B+Ny2!6v86+XA+Z2x,fVTZbQ+erp25q,.**%
gur+c!5nzvq-grpu1v48rM+g20n5q6+O5rnxv1t+7ur+P856r+2s+Qvzr16v21nyv7!,Pu5v67vn1+OöuzB+Un16-cr7r5+X5vrtryB+f7rsn1+Or5pu72yq,fVTZbQ+P21sr5r1pr,.**&
fu87q201B+O8qtr7B+n1q+S81qv1t,kvn2yrv+dvn1,fVTZbQ+erp25q,.**%
R55n78zM+N+Qn7non6r+Z2qry+s25+bowrp7+Q!1nzvp6,Zvxr+cA+cn3n?2ty28B+Or51q+WA+X5äzr5,iYQO+WA,.**^
f75rnz+c52pr66v1t+2s+kcn7u+d8r5vr6+0v7u+c5rqvpn7r6,N6uv6u+X8zn5+T837nB+Qn1+f8pv8,fVTZbQ+P21sr5r1pr,",__;"
QYSZM+N+g5n16np7v21ny+er6285pr+Zn1ntr5,U8v-V+U6vn2B+V1qr53ny+an5n1t,fVTZbQ+P21sr5r1pr,",___"
P2y25v1t+N0n!+P2zz81vpn7v21+v1+cn5nyyry+d8r5!+b37vzv?n7v21,enwrr9+Z270n1vB+jn4n5+Un6n1,iYQO,.**$
N+er48v5rzr17-On6rq+N3352npu+72+Qn7n+Z2qryv1t+n1q+er-R1tv1rr5v1t,Pu5v67vn1+gA+enzvyyr5B+Nyvpr+UA+Z817?,iYQO,.**#
b37vzv?v1t+Qv6w81p7v9r+d8r5vr6+0v7u+R 3r16v9r+c5rqvpn7r6,Nys216+Xrz3r5B+T8vq2+Z2r5x277rB+Zvpunry+f7rv1o5811B+Xyn86+crv7u1r5,fVTZbQ+P21sr5r1pr,.**#
"P21pr378ny+Z2qryv1t+n1q+f3rpvsvpn7v21+Tr1r5n7v21+s25+O,O+O86v1r66+c52pr66+on6rq+21+rokZY",U!281tQ2+Xvz,fVTZbQ+erp25q,",__,"
Q!1nzvp+er6285pr+O52xr5v1t+s25+Z8y7v-h6r5+d8r5!+R rp87v21,Qvn1r+YA+Qn9v621B+T2r7?+T5nrsr,fVTZbQ+P21sr5r1pr,.**$
Qr9ry23v1t+n1+V1qr v1t+fpurzr+s25+kZY+Q2p8zr17+P2yyrp7v21+86v1t+7ur+b5npyr&v+R 7r16vovyv7!+S5nzr025x,lv1t+U8B+gvz27u!+Pu25znB+av381+Ntn50nyB+frrzn+f81qn5nB+Wntn11n7un1+f5v1v9n6n1,iYQO,",__."
kcReNagbM+Zvqqyr0n5r+s25+c8oyv6uv1t+bowrp7-eryn7v21ny+Qn7n+n6+kZY+Q2p8zr176,Zvpunry+WA+Pn5r!B+f8oo8+aA+f8o5nzn1vn1B+R8tr1r+WA+furxv7nB+Wr55!+Xvr51n1B+Wn!n9ry+fun1z8tn681qn5nz,iYQO,",___"
S25zny+N63rp76+2s+P21p855r1p!+P21752y+v1+Y21t-Q85n7v21+g5n16np7v21+f!67rz6+h6v1t+7ur+ag/ci+Z2qry,Ur15!+SA+X257uB+T5rt25!+QA+f3rrtyr,NPZ+g5n16A+Qn7non6r+f!67A,.**#
kzq9g22yM+9v68ny+v17r5np7v9r+qn7n+r 3y25n7v21+n1q+75r1q+qv6p29r5!+2s+uvtu-qvzr16v21ny+qn7n+6r76,Ryxr+NA+e81qr167rv1r5B+c81v7+eA+Q26uvB+Wv1t+ln1tB+Zn77ur0+bA+jn5q,fVTZbQ+P21sr5r1pr,",__,"
N+O5vrs+f859r!+2s+jro+Qn7n+R 75np7v21+g22y6,Or57uvr5+NA+evorv52-ar72B+Nyor572+UA+SA+Ynr1qr5B+Ny7vt5n1+f2n5r6+qn+fvy9nB+W8yvn1n+fA+grv rv5n,fVTZbQ+erp25q,",__,"
erny+j25yq+er48v5rzr176+s25+Qrpv6v21+f833257+-+Vz3yvpn7v216+s25+eQOZf,fn1w8+XA+On16ny,fVTZbQ+P21sr5r1pr,.**$
fnsry!+n1q+Rssvpvr17y!+h3qn7v1t+ersr5r1pr6+Q85v1t+b1-yv1r+er25tn1v?n7v21,Or77!+fny?or5tB+Pur1q21t+m28,iYQO,.**&
d8r5!v1t+NgfdY+qn7non6r6+0v7u+7rz325ny+y2tvp,Wn1+Pu2zvpxvB+Qn9vq+g2zn1B+Zvpunry+UA+Oöuyr1,NPZ+g5n16A+Qn7non6r+f!67A,",__."
N+f!67rz+s25+jn7r5zn5xv1t+eryn7v21ny+Qn7non6r6,cr7r5+WA+Unn6B+enxr6u+Nt5n0nyB+Wr55!+Xvr51n1,fVTZbQ+P21sr5r1pr,",__;"
gur+R92y87v21+2s+7ur+jro+n1q+Vz3yvpn7v216+s25+n1+V1p5rzr17ny+P5n0yr5,W81tu22+Pu2B+Urp725+Tn5pvn-Z2yv1n,iYQO,",___"
ev33yr+W2v16+s25+b1yv1r+Ntt5rtn7v21,cr7r5+WA+Unn6B+W26r3u+ZA+Uryyr567rv1,fVTZbQ+P21sr5r1pr,.***
Z8pu+Nq2+No287+fun5rq-a27uv1t,Zvpunry+TA+a25zn1B+cr7r5+gun1v6puB+gu2zn6+m85rx,fVTZbQ+erp25q,.**%
V1qr v1t+9r5!+uvtu-qvzr16v21ny+63n56r+n1q+48n6v-63n56r+9rp7256+s25+6vzvyn5v7!+6rn5pur6,kvn2!n1t+frn1+jn1tB+Pun1t?u28+jn1t,iYQO+WA,",__."
f725v1t+frzv6758p785rq+Qn7n+0v7u+fgbeRQ,Nyv1+Qr876puB+Zn5!+SA+Sr51n1qr?B+Qn1+f8pv8,fVTZbQ+P21sr5r1pr,.***
Qrpyn5n7v9r+h3qn7r6+2s+eryn7v21ny+Qn7non6r6,jrvq21t+Pur1,NPZ+g5n16A+Qn7non6r+f!67A,.**$
N+g5n16np7v21+er3yvpn7v21+fpurzr+s25+n+er3yvpn7rq+Qn7non6r+0v7u+a2qr+N87212z!,Qn9vq+jnv-Y2x+Pur81tB+Nqn+jnv-Purr+S8,iYQO,.**#
h6v1t+ir56v216+v1+h3qn7r+g5n16np7v216M+N33yvpn7v21+72+V17rt5v7!+Purpxv1t,Qvzv75v+g2zo52ssB+R5vp+fvz21B+S5n1ç2v6+Yyv5on7,iYQO,.**^
O281qrq+Vt125n1prM+N+grpu1v48r+s25+V1p5rn6v1t+P21p855r1p!+v1+n+er3yvpn7rq+f!67rz,N57u85+WA+Or5167rv1B+an5n!n1n1+X5v6u1nx8zn5,NPZ+g5n16A+Qn7non6r+f!67A,.**#
N+Qn7n+jn5ru286v1t+N5puv7rp785r+s25+R1noyv1t+fr59vpr+c529v6v21v1t+c52pr66,ln11v6+X27vqv6,iYQO,",__."
ceRQNgbeM+N1+be-QOZf+0v7u+R1un1prq+Qn7n+g!3r6,c5n9rr1+fr6unq5vB+Zn5x+cn6xv1,fVTZbQ+P21sr5r1pr,.**^
"gur+e2yr+2s+O,O+R1tv1r6+v1+O,O+V17rt5n7v21+N5puv7rp785r6",Pu5v6723u+O866yr5,fVTZbQ+erp25q,",__,"
Zv1rfr7(7z)M+N+f!67rz+s25+Uvtu-R1q+Qn7n+Zv1v1t+n1q+iv68nyv?n7v21,:,iYQO,.**%
fpurznfdY+-+N+Yn1t8ntr+s25+V17r523r5novyv7!+v1+eryn7v21ny+Z8y7v-Qn7non6r+f!67rz6,Sr5rvq221+fnq5vB+Ynx6+iA+fA+Ynx6uzn1n1B+V!r5+aA+f8o5nzn1vn1,iYQO,.**%
P267+Z2qry6+Qb+Zn77r5M+c529vqv1t+P267+V1s25zn7v21+s25+Qv9r56r+Qn7n+f285pr6+v1+n+Srqr5n7rq+f!67rz,Zn5!+g25x+e27uB+Yn85n+ZA+Unn6B+Sn7zn+b?pn1,iYQO,.***
e8yr+Yn1t8ntr6+n1q+V17r51ny+Nytro5n6+s25+e8yr-On6rq+b37vzv?r56,Zv7pu+Pur51vnpxB+f7n1yr!+OA+mq21vx,fVTZbQ+P21sr5r1pr,.**%
R67vzn7v1t+Ny3un18zr5vp+fryrp7v9v7!+v1+7ur+c5r6r1pr+2s+jvyqpn5q6,Onynx5v6u1n+eA+V!r5B+Wrss5r!+fp277+iv77r5B+cA+X5v6u1n1,fVTZbQ+P21sr5r1pr,.**%
P21752y+f75n7rtvr6+s25+P2z3yr +eryn7v21ny+d8r5!+c52pr66v1t+v1+fun5rq+a27uv1t+f!67rz6,Yv21ry+O581vrB+Un5nyq+X26pu,fVTZbQ+erp25q,.**%
ZRgh+bowrp7-b5vr17rq+QOZf,Pr7v1+b?xn1B+Prz+R95r1qvyrxB+l8x6ry+fn!tv1B+Vyxr5+Ny7v17n6B+V6znvyprz+O8qnx+N53v1n5B+Zruzr7+Ny7v1ryB+gn16ry+bxn!B+Vyxr5+Q85862!B+N68zn1+Q2tnp,fVTZbQ+P21sr5r1pr,.**#
j25x6u23+er3257M+gur+Sv567+V17r51n7v21ny+j25x6u23+21+Np7v9r+n1q+erny-gvzr+Qn7non6r+f!67rz6+(NegQO-*$),Zvxnry+Or51q76621B+Wö5tr1+Un16621,fVTZbQ+erp25q,.**%
gur+d8r5!+O!+Vzntr+P217r17+(dOVP)+f!67rz,Qr1v6+YrrB+jn!1r+avoynpxB+Wnzr6+YA+Uns1r5B+Q5nt87v1+cr7x29vpB+Z!521+Syvpx1r5B+W21n7un1+N6uyr!,fVTZbQ+P21sr5r1pr,.**$
R67vzn7v1t+P2z3vyn7v21+gvzr+2s+n+d8r5!+b37vzv?r5,Qr1tsr1t+Tn2B+Rvyrr1+gvr1+Yv1B+W81+en2B+Vuno+SA+Vy!n6B+T8!+ZA+Y2uzn1,fVTZbQ+P21sr5r1pr,",__;"
"QO,+d8r5!+cn5nyyryv6zM+f7ntv1t+n1q+Vz3yrzr17n7v21",l81+jn1t,iYQO,.**$
T8r67+Rqv725vny,Ny21+lA+Unyr9!,iYQO+WA,",__,"
f758p785r6+s25+Zn1v38yn7v1t+c52326rq+h3qn7r6+v1+bowrp7-b5vr17rq+Qn7non6r6,evpun5q+U8yyB+Z2unzzrq+e83n0nyynB+Zvpunry+Q2ur57!,fVTZbQ+P21sr5r1pr,.**%
R1un1pv1t+Qn7non6r+P255rp71r66M+n+f7n7v67vpny+N3352npu,jr1-Puv+U28B+mu21t!n1t+mun1t,fVTZbQ+P21sr5r1pr,.**$
QOfvzM+N+fvz8yn7v21+g22y+s25+c5rqvp7v1t+Qn7non6r+cr5s25zn1pr,P5nvt+j21tB+Zn5x+f72x53B+Zvxr+Yrsyr5,fVTZbQ+P21sr5r1pr,.**%
f833257v1t+rssvpvr17+z8y7vzrqvn+qn7non6r+r 3y25n7v21,XA+fryç8x+Pn1qn1B+l26uv125v+Un5nB+X!2wv+Uv5n7nB+jr1-f!n1+Yv,iYQO+WA,",__."
jun7+Un33r16+Q85v1t+n+W2v1:+Qv66rp7v1t+Pch+n1q+Zrz25!+b37vzv?n7v21+Rssrp76,f7rsn1+Zn1rt2yqB+Zn57v1+YA+Xr567r1B+cr7r5+NA+O21p?,iYQO,",___"
Q!1nzvp+cv3ryv1r+fpurq8yv1t+s25+Vz3529v1t+V17r5np7v9r+d8r5!+cr5s25zn1pr,g2ytn+h5un1B+Zvpunry+WA+S5n1xyv1,iYQO,",__."
Sv1qv1t+V17r16v21ny+X120yrqtr+2s+Qv67n1pr-On6rq+b87yvr56,en!z21q+gA+atB+Rq0v1+ZA+X1255,iYQO,.***
NeVRf/PfNM+N+Zr7u2q+s25+Qn7non6r+erp29r5!+v1+Pyvr17-fr59r5+N5puv7rp785r6,PA+Z2un1B+V1qr53ny+an5n1t,fVTZbQ+P21sr5r1pr,.**#
Qrpv6v21+gnoyr6M+fpnynoyr+Pyn66vsvpn7v21+R 3y25v1t+eQOZf+Pn3novyv7vr6,U21t!n1+Yv8B+U21tw81+Y8,iYQO,",___"
QOYrn51M+N+f!67rz+c52727!3r+s25+X120yrqtr+Qv6p29r5!+v1+eryn7v21ny+Qn7non6r6,l8r+U8n1tB+ln1q21t+PnvB+l21twvn1+S8B+avpx+Pr5p21rB+Wvn0rv+Un1,fVTZbQ+P21sr5r1pr,.**#
Py867r5v1t+Pn7rt25vpny+Qn7nM+N1+N3352npu+On6rq+21+Q!1nzvpny+f!67rz6,Qn9vq+Tvo621B+W21+ZA+Xyrv1or5tB+c5nounxn5+entun9n1,iYQO+WA,",___"
gv7yrB+S25r025qB+c5rsnpr+72+7ur+f3rpvny+V668r+21+f3n7vny+Qn7non6r+f!67rz6B+V1qr +i2yA+;,:,iYQO+WA,.**#
eryn rq+g5n16np7v21+c52pr66v1t,Qn55ryy+j2ryxB+Z81v1qn5+cA+fv1tuB+Pu5v67v1r+g2zyv1621,fVTZbQ+P21sr5r1pr,.**#
OrffM+f725ntr+f833257+s25+V17r5np7v9r+iv68nyv?n7v21+f!67rz6,jvyyvnz+b'P211ryyB+gu2zn6+NA+S81xu286r5B+Nyr n1q526+Ovyv5v6B+R87uvzv26+cn1nt26,fVTZbQ+P21sr5r1pr,.**%
N1n72z!+2s+n+1n7v9r+kZY+on6r+zn1ntrzr17+6!67rz,gu2567r1+SvrovtB+gvyy+jr67zn11B+e2or57+fpuvryrB+T8vq2+Z2r5x277rB+Pn5y-Pu5v67vn1+Xn11rB+W8yvn+ar8zn11B+f9r1+Uryzr5,iYQO+WA,",__,"
Qryv9r5v1t+c5r6r17n7v216+s52z+Z8y7vzrqvn+fr59r56,ar9?n7+U85xn1+Onyxv5B+T8y7rxv1+Ö?62!2ty8,iYQO+WA,.**&
P2zov1n725vny+cn77r51+Qv6p29r5!+s25+fpvr17vsvp+Qn7nM+f2zr+c5ryvzv1n5!+er68y76,Xnv?u21t+mun1tB+Wn621+g621t-Yv+jn1tB+O58pr+NA+fun3v52B+gu2zn6+TA+Zn55B+T81t-jrv+Puv51B+Qr11v6+fun6un,fVTZbQ+P21sr5r1pr,.**#
P2zov1v1t+z8y7v-9v68ny+srn785r6+s25+rssvpvr17+v1qr v1t+v1+n+yn5tr+vzntr+qn7non6r,d8n1+mA+fur1tB+N11r+UA+UA+at8B+e21+YrvB+Q8+dA+U8!1u,iYQO+WA,",__."
env1o20M+Qv675vo87rq+Qn7non6r+f!67rz+s25+Pyn66522z+Rq8pn7v21+n1q+R 3r5vzr17ny+er6rn5pu,Noqry6nynz+UrynyB+U8n+Yv,iYQO,",___"
Qv675vo87v1t+n+frn5pu+g5rr+Nz21t+n+T520v1t+a8zor5+2s+c52pr66256,O5vtv77r+X5öyyB+cr7r5+jvqzn!r5,fVTZbQ+P21sr5r1pr,.**#
b37vzv?v1t+2owrp7+48r5vr6+86v1t+n1+rssrp7v9r+pnyp8y86,Yr21vqn6+Srtn5n6B+Qn9vq+Znvr5,NPZ+g5n16A+Qn7non6r+f!67A,",___"
h1v +eQOZfM+gur+ar 7+Tr1r5n7v21,Ovyy+e261royn77,fVTZbQ+erp25q,.**#
erp25q-O281qn5!+Qv6p29r5!+v1+jro+Q2p8zr176,lv8-Xnv+atB+lA+fA+Wvn1tB+Qn9vq+jA+Rzoyr!,fVTZbQ+P21sr5r1pr,.***
"Vz3yrzr17n7v21+2s+g02+frzn17vp+d8r5!+b37vzv?n7v21+grpu1v48r6+v1+QO,+h1v9r56ny+Qn7non6r",XA+Or51un5q+fpuvrsr5B+S5rq+X22B+gA+lA+Pyvss+Yr81tB+Yv14v+Yv8B+Wn5rx+T5!?B+kvn2!n1+dvn1B+dv+Pur1t,iYQO,.***
Rssvpvr17+V1p5rzr17ny+Tn5ontr+P2yyrp7v21+s25+Pyvr17-fr59r5+bowrp7+Qn7non6r+f!67rz6,Yn85r17+Nz6nyrtB+byv9vr5+T58or5B+Zvpunry+WA+S5n1xyv1,iYQO,.**$
N1ny!?v1t+d8n17v7n7v9r+Qn7non6r6M+Vzntr+v6+R9r5!7uv1t,er89r1+Xn6uvB+an7un1+fA+ar7n1!nu8B+Nzvu22q+Nzv5,iYQO,",__."
kZVYYM+N1+Rssvpvr17+P2z35r6625+s25+kZY+Qn7n,Un57z87+YvrsxrB+Qn1+f8pv8,fVTZbQ+P21sr5r1pr,",___"
Q!1nzvp+Z8y7v-er6285pr+Y2nq+Onyn1pv1t+v1+cn5nyyry+Qn7non6r+f!67rz6,e2or57+Zn5rxB+R5un5q+enuz,iYQO,.**$
hov48v7286B+frys-781v1tB+fpnynoyr+fr59r56,cr7r5+ZA+f3v52,fVTZbQ+P21sr5r1pr,.**&
e21q2M+N+c52t5nzzv1t+cyn7s25z+s25+Tr1r5vp+Z2qry+Zn1ntrzr17,cuvyv3+NA+Or5167rv1B+R5un5q+enuzB+fr5tr!+Zry1vx,fVTZbQ+P21sr5r1pr,",__;"
QRiv6rM+V17rt5n7rq+d8r5!v1t+n1q+iv68nyv?n7v21+2s+Yn5tr+Qn7n6r76,Zv521+Yv91!B+entu8+enznx5v6u1n1B+Q21x2+Q21wr5x29vpB+fuvy3n+Yn0n1qrB+W866v+Z!yy!znxvB+T8n1t6u81+Pur1B+eA+Xr17+jr1tr5B+Xr9v1+fA+Or!r5,fVTZbQ+P21sr5r1pr,.**^
;Q+Tr2t5n3uvp+ar7025x+Qv63yn!6,gn2621t+UrB+f7r3ur1+TA+RvpxB+Xr11r7u+PA+P2 ,fVTZbQ+erp25q,.**%
Sn67+arn5r67+arvtuo25+frn5pu+v1+Zrqvpny+Vzntr+Qn7non6r6,mr121+c52723n3n6B+Pu5v6726+Sny287626B+Ryv27+fvrtryB+Syv3+X251B+avx2yn26+fvqv52328y26,iYQO,.**%
Q8ny-O8ssr5v1t+f75n7rtvr6+v1+bowrp7+On6r6,Nys216+Xrz3r5B+Q21nyq+X266zn11,iYQO,.**#
cr5s25zn1pr+g5nqr2ss6+s25+Pyvr17-fr59r5+d8r5!+c52pr66v1t,Q21nyq+X266zn11B+Zvpunry+WA+S5n1xyv1B+Owö51+Þó5+Wó16621,fVTZbQ+P21sr5r1pr,.**%
b1+Rssvpvr17y!+Vz3yrzr17v1t+fpurznfdY+21+n1+fdY+Qn7non6r+f!67rz,Sr5rvq221+fnq5vB+Ynx6+iA+fA+Ynx6uzn1n1B+f8oo8+aA+f8o5nzn1vn1,iYQO,.***
gur+Vz3np7+2s+Qn7non6r+er6rn5pu+21+V1q8675vny+c52q8p76+(cn1ry+f8zzn5!),Qn9vq+OA+Y2zr7B+Qn1vry+On5on5áB+W26é+NA+Oynxryr!B+Zvpunry+f721ro5nxr5B+Qn1vry+UA+Sv6uzn1,fVTZbQ+erp25q,.**#
N+Yn!r5rq+N5puv7rp785r+s25+d8r5!v1t+Q!1nzvp+jro+P217r17,Un6n1+Qn98yp8B+Zvpunry+Xvsr5B+VA+iA+enznx5v6u1n1B+W8yvn1n+S5rv5r,fVTZbQ+P21sr5r1pr,.***
N3352 vzn7r+W2v1+c52pr66v1t+b9r5+Qn7n+f75rnz6,W2un11r6+Tru5xrB+Nouv1n1qn1+Qn6B+Zv5rx+evrqr0nyq,fVTZbQ+P21sr5r1pr,",__;"
frzn17vp+V17rt5n7v21+2s+R19v521zr17ny+Z2qry6+s25+N33yvpn7v21+72+Ty2ony+V1s25zn7v21+f!67rz6+n1q+Qrpv6v21-Znxv1t,QA+fp277+Znpxn!,fVTZbQ+erp25q,.***
Y20-P267+P2z3r16n7v21-On6rq+d8r5!+c52pr66v1t,Ø!67rv1+g25owø516r1B+Ø!67rv1+T5ø9yr1B+f9rv1-byns+U9n66u29q,iYQO,.**&
Yn5tr+Qn7non6r6+s25+erz27r+fr16v1t+n1q+TVf,NA+eA+Qn6t837n,iYQO,.**%
erzv1v6pr1pr6+21+V1sy8r17vny+cn3r56,gur2q25r+W2u1621B+Nz5+Ry+NoonqvB+evpun5q+gA+f12qt5n66B+Xr11r7u+NA+e266,fVTZbQ+erp25q,",__,"
N+er63216r+72+eA+Pnz36'+N57vpyr+``Q2znv16B+eryn7v216+n1q+eryvtv286+jn56'',PA+WA+Qn7r,fVTZbQ+erp25q,.**%
S52z+Qn7n+V1qr3r1qr1pr+72+X120yrqtr+V1qr3r1qr1prM+N1+21-t2v1t+f725!,Yn85r17+ivrvyyr,iYQO,.**&
N+U!3r57r 7+d8r5!+Yn1t8ntr+s25+Vzntr6,Yv+ln1t,fVTZbQ+erp25q,.**#
fdY+Z8y7vzrqvn+n1q+N33yvpn7v21+cnpxntr6+(fdY/ZZ),Wvz+Zry721B+N1q5r0+Rv6r1or5t,fVTZbQ+erp25q,",__."
N1+Rz3v5vpny+cr5s25zn1pr+f78q!+2s+7ur+V1t5r6+frn5pu+Nppryr5n725+s25+n+Yn5tr+c523r57!+Zn1ntrzr17+Qn7non6r+f!67rz,W2u1+TA+U8tur6B+Qn9vq+NA+OryyB+fn5now27+fA+N1n1q,iYQO,.**#
Ur85v67vp+n1q+en1q2zv?rq+b37vzv?n7v21+s25+7ur+W2v1+b5qr5v1t+c52oyrz,T8vq2+Z2r5x277rB+Zvpunry+f7rv1o5811B+Nys216+Xrz3r5,iYQO+WA,.**^
Ntr17-On6rq+frzn17vp+V17r523r5novyv7!+v1+V1s2fyr87u,O58pr+On5tzr!r5B+O5nq+cr55!B+Wr55!+S20yr5B+Zn5vn1+UA+a2qv1r,fVTZbQ+erp25q,.***
Py867r5v1t+o!+3n77r51+6vzvyn5v7!+v1+yn5tr+qn7n+6r76,Unv 81+jn1tB+jrv+jn1tB+cuvyv3+fA+l8B+Wv21t+ln1t,fVTZbQ+P21sr5r1pr,",__,"
Punyyr1tr6+s25+Ty2ony+V1s25zn7v21+f!67rz6,Ny21+lA+Yr9!B+Qv9r6u+f5v9n67n9nB+No5nunz+fvyor56pun7?B+Zn5vn+mrzn1x29n,iYQO,.**#
cvp2QOZfM+inyvqn7v21+n1q+R 3r5vr1pr,cuvyv33r+c8pur5nyB+Pu5v6723ur+O2ov1rn8B+Y8p+O28tn1vzB+cn75vpx+inyq85vr?B+avp2yn6+N1pvn8 ,iYQO,",__."
b1+c52pr66v1t+kZY+v1+YQNc,crq52+W26é+Zn55ó1B+Tr25t+Yn86r1,iYQO,",__."
V17r59vr0v1t+Q85v1t+n+gvtu7+W2o+Zn5xr7,mnpun5!+TA+V9r6B+dv21t+Y82,fVTZbQ+erp25q,",__,"
V1qr3r1qr1pr+v6+T22qM+Qr3r1qr1p!-On6rq+Uv672t5nz+f!1236r6+s25+Uvtu-Qvzr16v21ny+Qn7n,Nz2y+Qr6u3n1qrB+enwrr9+en672tvB+Zv126+aA+Tn52snynxv6,fVTZbQ+P21sr5r1pr,",__."
Qn7non6r+grpu1v48r6+s25+7ur+j25yq-jvqr+jroM+N+f859r!,Qn1vryn+Sy25r6p8B+Nyor572+bA+Zr1qry?21B+Ny21+lA+Yr9!,fVTZbQ+erp25q,.**&
c5263rp725M+N+P217r17-On6rq+Z8y7vzrqvn+fr59r5+s25+Zn66v9ry!+cn5nyyry+N5puv7rp785r6,TA+Yv1qr5zn1B+Nyr n1q526+Ovyv5v6B+UA+Pur1B+XA+Tn1n3n7uvB+R87uvzv26+cn1nt26B+fA+Pu22B+Qn9vq+fpu5nqr5B+jvyyvnz+b'P211ryy,fVTZbQ+P21sr5r1pr,.**%
Rssvpvr17y!+c8oyv6uv1t+eryn7v21ny+Qn7n+n6+kZY+Q2p8zr176,Or57u2yq+erv10nyqB+Wn!n9ry+fun1z8tn681qn5nzB+Zvpunry+WA+Pn5r!B+R8tr1r+WA+furxv7nB+Unzvq+cv5nur6uB+O58pr+TA+Yv1q6n!B+evz21+On55,iYQO,",___"
b37vzv?v1t+Z8y7v3yr+Qvzr16v21ny+d8r5vr6+fvz8y7n1r286y!+v1+Z8y7vqvzr16v21ny+Qn7non6r6,Wrss5r!+k8+l8B+jrvsn+Yvn1tB+Zn5vn+RA+b5y206xn,iYQO+WA,",___"
f7n7vp+N1ny!6v6+grpu1v48r6+s25+c5rqvp7v1t+7ur+Orun9v25+2s+Np7v9r+Qn7non6r+e8yr6,Nyr n1qr5+Nvxr1B+Wr11vsr5+jvq2zB+W26r3u+ZA+Uryyr567rv1,NPZ+g5n16A+Qn7non6r+f!67A,.**$
Zvp5262s7Ap2zM+N+Uvtu-fpnyr+Qn7n+Zn1ntrzr17+n1q+g5n16np7v21+c52pr66v1t+f2y87v21,fur55v+Xr11nzr5,fVTZbQ+P21sr5r1pr,.**&
P2z387v1t+Pn3novyv7vr6+2s+Zrqvn7256,Pur1+YvB+enzn1n+lr51r1vB+Wrss5r!+QA+hyyzn1B+Urp725+Tn5pvn-Z2yv1n,fVTZbQ+P21sr5r1pr,.***
fvz8y7n1r286+b37vzv?n7v21+n1q+R9ny8n7v21+2s+Z8y7v3yr+Qvzr16v21ny+d8r5vr6,Nzv7+fu8xynB+Wrss5r!+SA+an8tu721B+lvu21t+mun2B+c5n6nq+Qr6u3n1qr,fVTZbQ+P21sr5r1pr,.**&
