Hash Joins and Hash Teams in Microsoft SQL Server,"Shaun Cooper, Goetz Graefe, Ross Bunker",VLDB,1998,Hash Joins and Hash Teams in Microsoft SQL Server,"Goetz Graefe, Ross Bunker, Shaun Cooper",Very Large Data Bases,1998
A Normal Form for Precisely Characterizing Redundancy in Nested Relations,"Yiu-Kai Ng, David W. Embley, Wai Yin Mok",ACM Trans. Database Syst.,1996,A normal form for precisely characterizing redundancy in nested relations,"Wai Yin Mok, Yiu-Kai Ng, David W. Embley",ACM Transactions on Database Systems (TODS) ,1996
Rapid Bushy Join-order Optimization with Cartesian Products,"Bennet Vance, David Maier",SIGMOD Record,"1,996",Rapid bushy join-order optimization with Cartesian products,"Bennet Vance, David Maier",International Conference on Management of Data,1996
Information Management for Genome Level Bioinformatics,"Norman W. Paton, Carole A. Goble",VLDB,2001,Information Management for Genome Level Bioinformatics,"Norman W. Paton, Carole A. Goble",Very Large Data Bases,2001
A Modified Random Perturbation Method for Database Security,"Norman S. Matloff, Patrick Tendick",ACM Trans. Database Syst.,1994,A modified random perturbation method for database security,"Patrick Tendick, Norman Matloff",ACM Transactions on Database Systems (TODS) ,1994
"Data-Driven, One-To-One Web Site Generation for Data-Intensive Applications","Stefano Paraboschi, Piero Fraternali, Stefano Ceri",VLDB,1999,"Data-Driven, One-To-One Web Site Generation for Data-Intensive Applications","Stefano Ceri, Piero Fraternali, Stefano Paraboschi",Very Large Data Bases,1999
An Adaptive Data Replication Algorithm,"Ouri Wolfson, Yixiu Huang, Sushil Jajodia",ACM Trans. Database Syst.,1997,An adaptive data replication algorithm,"Ouri Wolfson, Sushil Jajodia, Yixiu Huang",ACM Transactions on Database Systems (TODS) ,1997
A New Join Algorithm,"Arnold Charles Meltzer, Dong Keun Shin",SIGMOD Record,1994,A new join algorithm,"Dong Keun Shin, Arnold Charles Meltzer",ACM SIGMOD Record ,1994
XRANK: Ranked Keyword Search over XML Documents,"Feng Shao, Lin Guo, Chavdar Botev, Jayavel Shanmugasundaram",SIGMOD Conference,2003,XRANK: ranked keyword search over XML documents,"Lin Guo, Feng Shao, Chavdar Botev, Jayavel Shanmugasundaram",International Conference on Management of Data,2003
Energy Efficient Indexing on Air,"S. Viswanathan, B. R. Badrinath, Tomasz Imielinski",SIGMOD Record,1994,,"Tomasz Imielinski, S. Viswanathan, B. R. Badrinath",International Conference on Management of Data,1994
UniSQL's Next-Generation Object-Relational Database Management System,"Phil Janus, Albert D'Andrea",SIGMOD Record,1996,UniSQL's next-generation object-relational database management system,"Albert D'Andrea, Phil Janus",ACM SIGMOD Record ,1996
Recovery Protocols for Shared Memory Database Systems,"Lory D. Molesky, Krithi Ramamritham",SIGMOD Record,"1,995",Recovery protocols for shared memory database systems,"Lory D. Molesky, Krithi Ramamritham",International Conference on Management of Data,1995
The Power of Languages for the Manipulation of Complex Values,"Serge Abiteboul, Catriel Beeri",VLDB J.,"1,995",The power of languages for the manipulation of complex values,"Serge Abiteboul, Catriel Beeri",The VLDB Journal &mdash; The International Journal on Very Large Data Bases ,1995
MOSAICO - A System for Conceptual Modeling and Rapid Prototyping of Object-Oriented Database Application,"M. Toiati, Michele Missikoff",SIGMOD Conference,1994,MOSAICO-a system for conceptual modeling and rapid prototyping of object-oriented database application,"M. Missikoff, M. Toiati",International Conference on Management of Data,1994
MindReader: Querying Databases Through Multiple Examples,"Ravishankar Subramanya, Christos Faloutsos, Yoshiharu Ishikawa",VLDB,1998,MindReader: Querying Databases Through Multiple Examples,"Yoshiharu Ishikawa, Ravishankar Subramanya, Christos Faloutsos",Very Large Data Bases,1998
Generalizing GlOSS to Vector-Space Databases and Broker Hierarchies,"Luis Gravano, Hector Garcia-Molina",VLDB,1995,Generalizing GlOSS to Vector-Space Databases and Broker Hierarchies,"Luis Gravano, Hector Garcia-Molina",Very Large Data Bases,1995
Spatial Hash-Joins,"Ming-Ling Lo, Chinya V. Ravishankar",SIGMOD Record,1996,Spatial hash-joins,"Ming-Ling Lo, Chinya V. Ravishankar",International Conference on Management of Data,1996
Transactional Client-Server Cache Consistency: Alternatives and Performance,"Michael J. Franklin, Michael J. Carey, Miron Livny",ACM Trans. Database Syst.,1997,Transactional client-server cache consistency: alternatives and performance,"Michael J. Franklin, Michael J. Carey, Miron Livny",ACM Transactions on Database Systems (TODS) ,1997
Information Gathering in the World-Wide Web: The W3QL Query Language and the W3QS System,"David Konopnicki, Oded Shmueli",ACM Trans. Database Syst.,1998,Information gathering in the World-Wide Web: the W3QL query language and the W3QS system,"David Konopnicki, Oded Shmueli",ACM Transactions on Database Systems (TODS) ,1998
Discovering all most specific sentences,"Sanjeev Saluja, Hannu Toivonen, Roni Khardon, Heikki Mannila, Ram Sewak Sharm, Dimitrios Gunopulos",ACM Trans. Database Syst.,2003,Discovering all most specific sentences,"Dimitrios Gunopulos, Roni Khardon, Heikki Mannila, Sanjeev Saluja, Hannu Toivonen, Ram Sewak Sharma",ACM Transactions on Database Systems (TODS) ,2003
Opportunities in Information Management and Assurance,Xiaolei Qian,SIGMOD Record,1997,Opportunities in information management and assurance,Xiaolei Qian,ACM SIGMOD Record ,1997
Atomicity versus Anonymity: Distributed Transactions for Electronic Commerce,J. D. Tygar,VLDB,1998,Atomicity versus Anonymity: Distributed Transactions for Electronic Commerce,J. D. Tygar,Very Large Data Bases,1998
Reminiscences on Influential Papers,"Kaladhar Voruganti, Renée J. Miller, Kenneth A. Ross, Flip Korn",SIGMOD Record,2002,Reminiscences on influential papers,Kenneth A. Ross,ACM SIGMOD Record ,2002
T2: A Customizable Parallel Database for Multi-Dimensional Data,"Alan Sussman, Anurag Acharya, Joel H. Saltz, Chialin Chang",SIGMOD Record,1998,,"Chialin Chang, Anurag Acharya, Alan Sussman, Joel Saltz",ACM SIGMOD Record ,1998
Efficient execution of joins in a star schema,Andreas Weininger,SIGMOD Conference,2002,Efficient execution of joins in a star schema,Andreas Weininger,International Conference on Management of Data,2002
A Database Perspective on Lotus Domino/Notes,C. Mohan,SIGMOD Record,1999,A database perspective on Lotus Domino/Notes,C. Mohan,International Conference on Management of Data,1999
DIRECTV and Oracle Rdb: The Challenges of VLDB Transaction Processing,William L. Gettys,SIGMOD Conference,1995,DIRECTV and Oracle Rdb: the challenge of VLDB transaction processing,William L. Gettys,International Conference on Management of Data,1995
A Goal-driven Auto-Configuration Tool for the Distributed Workflow Management System Mentor-lite,"German Shegalov, Gerhard Weikum, Wolfgang Wonner, Michael Gillmann, Jeanine Weißenfels",SIGMOD Conference,2000,A goal-driven auto-configuration tool for the distributed workflow management system mentorlite,"Michael Gillmann, Jeanine Weissenfels, German Shegalov, Wolfgang Wonner, Gerhard Weikum",International Conference on Management of Data,2000
Algorithms for Deferred View Maintenance,"Leonid Libkin, Inderpal Singh Mumick, Latha S. Colby, Howard Trickey, Timothy Griffin",SIGMOD Conference,1996,Algorithms for deferred view maintenance,"Latha S. Colby, Timothy Griffin, Leonid Libkin, Inderpal Singh Mumick, Howard Trickey",International Conference on Management of Data,1996
Improving Database Design Through the Analysis of Relationships,"Veda C. Storey, Terence M. Barron, Debabrata Dey",ACM Trans. Database Syst.,1999,Improving database design through the analysis of relationships,"Debabrata Dey, Veda C. Storey, Terence M. Barron",ACM Transactions on Database Systems (TODS) ,1999
Goal-Oriented Buffer Management Revisited,"Kurt P. Brown, Michael J. Carey, Miron Livny",SIGMOD Record,1996,Goal-oriented buffer management revisited,"Kurt P. Brown, Michael J. Carey, Miron Livny",International Conference on Management of Data,1996
QuickStore: A High Performance Mapped Object Store,"David J. DeWitt, Seth J. White",SIGMOD Conference,1994,QuickStore: a high performance mapped object store,"Seth J. White, David J. DeWitt",International Conference on Management of Data,1994
Beyond Document Similarity: Understanding Value-Based Search and Browsing Technologies,"Gerard Rodríguez-Mulà, Andreas Paepcke, Junghoo Cho, Hector Garcia-Molina",SIGMOD Record,2000,Beyond document similarity: understanding value-based search and browsing technologies,"Andreas Paepcke, Hector Garcia-Molina, Gerard Rodriguez-Mula, Junghoo Cho",ACM SIGMOD Record ,2000
"Probabilistic temporal databases, I: algebra","Alex Dekhtyar, Robert Ross, V. S. Subrahmanian",ACM Trans. Database Syst.,2001,"Probabilistic temporal databases, I: algebra","Alex Dekhtyar, Robert Ross, V. S. Subrahmanian",ACM Transactions on Database Systems (TODS) ,2001
Analysis of SIGMOD's co-authorship graph,"Mario A. Nascimento, Jörg Sander, Jeffrey Pound",SIGMOD Record,"2,003",Analysis of SIGMOD's co-authorship graph,"Mario A. Nascimento, J&#246;rg Sander, Jeffrey Pound",ACM SIGMOD Record ,2003
Transaction Timestamping in (Temporal) Databases,"Christian S. Jensen, David B. Lomet",VLDB,2001,Transaction Timestamping in (Temporal) Databases,"Christian S. Jensen, David B. Lomet",The VLDB Journal &mdash; The International Journal on Very Large Data Bases ,2001
TSQL2 Language Specification,"Wolfgang Käfer, Curtis E. Dyreson, Arie Segev, Krishna G. Kulkarni, Michael D. Soo, Don S. Batory, Ramez Elmasri, Nikos A. Lorentzos, Nick Kline, John F. Roddick, Gad Ariav, James Clifford, Richard T. Snodgrass, Suryanarayana M. Sripada, T. Y. Cliff Leung, Fabio Grandi, Ilsoo Ahn, Christian S. Jensen",SIGMOD Record,1994,TSQL2 language specification,"Richard Thomas Snodgrass, Ilsoo Ahn, Gadi Ariav, Don Batory, James Clifford, Curtis E. Dyreson, Ramez Elmasri, Fabio Grandi, Christian S. Jensen, Wolfgang K&#228;fer, Nick Kline, Krishna Kulkarni, T. Y. Cliff Leung, Nikos Lorentzos, John F. Roddick, Arie Segev, Michael D. Soo, Suryanarayana M. Sripada",ACM SIGMOD Record ,1994
Supporting Dynamic Displays Using Active Rules,"Oscar Díaz, Arturo Jaime, Ghassan al-Qaimari, Norman W. Paton",SIGMOD Record,1994,Supporting dynamic displays using active rules,"Oscar D&#237;az, Arturo Jaime, Norman W. Paton, Ghassan al-Qaimari",ACM SIGMOD Record ,1994
From Nested-Loop to Join Queries in OODB,"Peter M. G. Apers, Hennie J. Steenhagen, Henk M. Blanken, Rolf A. de By",VLDB,1994,From Nested-Loop to Join Queries in OODB,"Hennie J. Steenhagen, Peter M. G. Apers, Henk M. Blanken, Rolf A. de By",The VLDB Journal &mdash; The International Journal on Very Large Data Bases ,1994
Issues in Network Management in the Next Millennium,"Michael L. Brodie, Surajit Chaudhuri",VLDB,1999,Issues in Network Management in the Next Millennium,"Michael L. Brodie, Surajit Chaudhuri",The VLDB Journal &mdash; The International Journal on Very Large Data Bases ,1999
Review of Web caching and replication by Michael Rabinovich and Oliver Spatscheck. Addison Wesley 2002,"Qiang Wang, Brian D. Davison",SIGMOD Record,2003,Review of Web caching and replication by Michael Rabinovich and Oliver Spatscheck. Addison Wesley 2002.,"Qiang Wang, Brian D. Davison",ACM SIGMOD Record ,2003
"Developing a High Traffic, Read-Only Web Site","Ray Suorsa, John Nauman",SIGMOD Conference,1998,"Developing a high traffic, read-only Web site","John Nauman, Ray Suorsa",International Conference on Management of Data,1998
Efficient Progressive Skyline Computation,"Pin-Kwang Eng, Kian-Lee Tan, Beng Chin Ooi",VLDB,2001,Efficient Progressive Skyline Computation,"Kian-Lee Tan, Pin-Kwang Eng, Beng Chin Ooi",The VLDB Journal &mdash; The International Journal on Very Large Data Bases ,2001
Fast High-Dimensional Data Search in Incomplete Databases,"Kian-Lee Tan, Cheng Hian Goh, Beng Chin Ooi",VLDB,1998,Fast High-Dimensional Data Search in Incomplete Databases,"Beng Chin Ooi, Cheng Hian Goh, Kian-Lee Tan",The VLDB Journal &mdash; The International Journal on Very Large Data Bases ,1998
Using Formal Methods to Reason about Semantics-Based Decompositions of Transactions,"Paul Ammann, Indrakshi Ray, Sushil Jajodia",VLDB,1995,Using Formal Methods to Reason about Semantics-Based Decompositions of Transactions,"Paul Ammann, Sushil Jajodia, Indrakshi Ray",Very Large Data Bases,1995
Characterization of Database Access Pattern for Analytic Prediction of Buffer Hit Probability,"Jen-Yao Chung, Asit Dan, Philip S. Yu",VLDB J.,1995,Characterization of database access pattern for analytic prediction of buffer hit probability,"Asit Dan, Philip S. Yu, Jen Yao Chung",The VLDB Journal &mdash; The International Journal on Very Large Data Bases ,1995
DeeDS Towards a Distributed and Active Real-Time Database System,"Joakim Eriksson, Jonas Mellin, Sten Andler, Mikael Berndtsson, Bengt Eftring, Jörgen Hansson",SIGMOD Record,1996,DeeDS towards a distributed and active real-time database system,"S. F. Andler, J. Hansson, J. Eriksson, J. Mellin, M. Berndtsson, B. Eftring",ACM SIGMOD Record ,1996
Efficient and Cost-effective Techniques for Browsing and Indexing Large Video Databases,"Kien A. Hua, Jung-Hwan Oh",SIGMOD Conference,2000,Efficient and cost-effective techniques for browsing and indexing large video databases,"JungHwan Oh, Kien A. Hua",International Conference on Management of Data,2000
The Database Research Group at ETH Zurich,"Hans-Jörg Schek, Moira C. Norrie, Gerhard Weikum, Stephen Blott",SIGMOD Conference,1994,The database research group at ETH Zurich,"Moira C. Norrie, Stephen M. Blott, Hans-J&#246;rg Schek, Gerhard Weikum",ACM SIGMOD Record ,1994
Query Optimization In Compressed Database Systems,"Zhiyuan Chen, Flip Korn, Johannes Gehrke",SIGMOD Record,2001,Query optimization in compressed database systems,"Zhiyuan Chen, Johannes Gehrke, Flip Korn",International Conference on Management of Data,2001
Gigascope: A Stream Database for Network Applications,"Theodore Johnson, Charles D. Cranor, Oliver Spatscheck, Vladislav Shkapenyuk",SIGMOD Conference,2003,Gigascope: a stream database for network applications,"Chuck Cranor, Theodore Johnson, Oliver Spataschek, Vladislav Shkapenyuk",International Conference on Management of Data,2003
Broadcast Protocols to Support Efficient Retrieval from Databases by Mobile Users,"Anindya Datta, Vijay Kumar, Aslihan Celik, Debra E. VanderMeer",ACM Trans. Database Syst.,"1,999",Broadcast protocols to support efficient retrieval from databases by mobile users,"Anindya Datta, Debra E. VanderMeer, Aslihan Celik, Vijay Kumar",ACM Transactions on Database Systems (TODS) ,1999
ZOO: A Desktop Emperiment Management Environment,"Anastassia Ailamaki, Andrew Therber, Yannis E. Ioannidis, Anand Narayanan, Miron Livny",SIGMOD Record,1997,Zoo: a desktop experiment management environment,"Yannis E. Ioannidis, Miron Livny, Anastassia Ailamaki, Anand Narayanan, Andrew Therber",International Conference on Management of Data,1997
Information Systems Research at RWTH Aachen,Matthias Jarke,SIGMOD Record,1995,Information systems research at RWTH Aachen,Matthias Jarke,ACM SIGMOD Record ,1995
Maintenance of Data Cubes and Summary Tables in a Warehouse,"Inderpal Singh Mumick, Dallan Quass, Barinderpal Singh Mumick",SIGMOD Conference,1997,Maintenance of data cubes and summary tables in a warehouse,"Inderpal Singh Mumick, Dallan Quass, Barinderpal Singh Mumick",International Conference on Management of Data,1997
A Vision of Management of Complex Models,"Rachel Pottinger, Alon Y. Halevy, Philip A. Bernstein",SIGMOD Conference,2000,A vision for management of complex models,"Phillip A. Bernstein, Alon Y. Halevy, Rachel A. Pottinger",ACM SIGMOD Record ,2000
Evolvable View Environment (EVE): Non-Equivalent View Maintenance under Schema Changes,"Andreas Koeller, Amy J. Lee, Xin Zhang, Anisoara Nica, Elke A. Rundensteiner, Amber van Wyk, Yong Li",SIGMOD Record,1999,Evolvable view environment (EVE): non-equivalent view maintenance under schema changes,"E. A. Rundensteiner, A. Koeller, X. Zhang, A. J. Lee, A. Nica, A. Van Wyk, Y. Lee",International Conference on Management of Data,1999
A Case for Intelligent Disks (IDISKs),"Kimberly Keeton, Joseph M. Hellerstein, David A. Patterson",SIGMOD Record,1998,A case for intelligent disks (IDISKs),"Kimberly Keeton, David A. Patterson, Joseph M. Hellerstein",ACM SIGMOD Record ,1998
Efficient User-Adaptable Similarity Search in Large Multimedia Databases,"Thomas Seidl, Hans-Peter Kriegel",VLDB,1997,Efficient User-Adaptable Similarity Search in Large Multimedia Databases,"Thomas Seidl, Hans-Peter Kriegel",Very Large Data Bases,1997
GTE SuperPages: Using IR Techniques for Searching Complex Objects,"Steven D. Whitehead, Himanshu Sinha, Michael Murphy",VLDB,1997,GTE SuperPages: Using IR Techniques for Searching Complex Objects,"Steven D. Whitehead, Himanshu Sinha, Michael Murphy",The VLDB Journal &mdash; The International Journal on Very Large Data Bases ,1997
Optimization of Run-time Management of Data Intensive Web-sites,"Khaled Yagoub, Dan Suciu, Alon Y. Levy, Daniela Florescu",VLDB,1999,Optimization of Run-time Management of Data Intensive Web-sites,"Daniela Florescu, Alon Y. Levy, Dan Suciu, Khaled Yagoub",The VLDB Journal &mdash; The International Journal on Very Large Data Bases ,1999
Analysis of n-Dimensional Quadtrees using the Hausdorff Fractal Dimension,"Christos Faloutsos, Volker Gaede",VLDB,1996,Analysis of n-Dimensional Quadtrees using the Hausdorff Fractal Dimension,"Christos Faloutsos, Volker Gaede",The VLDB Journal &mdash; The International Journal on Very Large Data Bases ,1996
Extracting Large-Scale Knowledge Bases from the Web,"Andrew Tomkins, Prabhakar Raghavan, Ravi Kumar, Sridhar Rajagopalan",VLDB,1999,Extracting Large-Scale Knowledge Bases from the Web,"Ravi Kumar, Prabhakar Raghavan, Sridhar Rajagopalan, Andrew Tomkins",The VLDB Journal &mdash; The International Journal on Very Large Data Bases ,1999
Estimating Page Fetches for Index Scans with Finite LRU Buffers,"Arun N. Swami, K. Bernhard Schiefer",SIGMOD Record,1994,Estimating page fetches for index scans with finite LRU buffers,"Arun Swami, K. Bernhard Schiefer",International Conference on Management of Data,1994
An Early Look at XQuery,"Andrew Eisenberg, Jim Melton",SIGMOD Record,2002,An early look at XQuery,"Andrew Eisenberg, Jim Melton",ACM SIGMOD Record ,2002
The Montage Extensible DataBlade Achitecture,Michael Ubell,SIGMOD Conference,1994,The Montage extensible DataBlade architecture,Michael Ubell,International Conference on Management of Data,1994
Synchronizing a Database to Improve Freshness,"Junghoo Cho, Hector Garcia-Molina",SIGMOD Conference,2000,Synchronizing a database to improve freshness,"Junghoo Cho, Hector Garcia-Molina",International Conference on Management of Data,2000
Supporting State-Wide Immunisation Tracking Using Multi-Paradigm Workflow Technology,"Devashish Worah, Souvik Das, Ivan Shevchenko, Amit P. Sheth, John A. Miller, Chenye Lin, Devanand Palaniswami, Krys Kochut, John Lynch",VLDB,1996,,"Amit P. Sheth, Krys Kochut, John A. Miller, Devashish Worah, Souvik Das, Chenye Lin, Devanand Palaniswami, John Lynch, Ivan Shevchenko",Very Large Data Bases,1996
The Design of an Acquisitional Query Processor For Sensor Networks,"Samuel Madden, Wei Hong, Joseph M. Hellerstein, Michael J. Franklin",SIGMOD Conference,2003,The design of an acquisitional query processor for sensor networks,"Samuel Madden, Michael J. Franklin, Joseph M. Hellerstein, Wei Hong",International Conference on Management of Data,2003
Versioning and Configuration Management in an Object-Oriented Data Model,Edward Sciore,VLDB J.,1994,Versioning and configuration management in an object-oriented data model,Edward Sciore,Very Large Data Bases,1994
Using Schematically Heterogeneous Structures,Renée J. Miller,SIGMOD Conference,1998,Using schematically heterogeneous structures,Re&#233;e J. Miller,International Conference on Management of Data,1998
Partial results for online query processing,"Joseph M. Hellerstein, Vijayshankar Raman",SIGMOD Conference,2002,Partial results for online query processing,"Vijayshankar Raman, Joseph M. Hellerstein",International Conference on Management of Data,2002
Constraints for Semi-structured Data and XML,"Wenfei Fan, Peter Buneman, Scott Weinstein, Jérôme Siméon",SIGMOD Record,2001,Constraints for semistructured data and XML,"Peter Buneman, Wenfei Fan, J&#233;r&#244;me Sim&#233;on, Scott Weinstein",ACM SIGMOD Record ,2001
Distributed Hypertext Resource Discovery Through Examples,"Martin van den Berg, Soumen Chakrabarti, Byron Dom",VLDB,1999,Distributed Hypertext Resource Discovery Through Examples,"Soumen Chakrabarti, Martin van den Berg, Byron Dom",Very Large Data Bases,1999
Unbundling Active Functionality,"Hans Fritschi, Arne Koschel, Günter von Bültzingsloewen, Stella Gatziu",SIGMOD Record,1998,Unbundling active functionality,"Stella Gatziu, Arne Koschel, G&#252;nter von B&#252;ltzingsloewen, Hans Fritschi",ACM SIGMOD Record ,1998
Database Performance in the Real World - TPC-D and SAP R/3 (Experience Paper),"Jochen Doppelhammer, Donald Kossmann, Thomas Höppler, Alfons Kemper",SIGMOD Conference,1997,Database performance in the real world: TPC-D and SAP R/3,"Joachen Doppelhammer, Thomas H&#246;ppler, Alfons Kemper, Donald Kossmann",International Conference on Management of Data,1997
Temporal Database System Implementations,Michael H. Böhlen,SIGMOD Conference,1995,Temporal database system implementations,Michael H. B&#246;hlen,ACM SIGMOD Record ,1995
Agent-Oriented software engineering report on the 4th AOSE workshop (AOSE 2003),Paolo Giorgini,SIGMOD Record,2003,Agent-Oriented software engineering report on the 4th AOSE workshop (AOSE 2003),Paolo Giorgini,ACM SIGMOD Record ,2003
A Toolkit for Negotiation Support Interfaces to Multi-Dimensional Data,"Matthias Jarke, Stephan Jacobs, Michael Gebhardt",SIGMOD Conference,1997,A toolkit for negotiation support interfaces to multi-dimensional data,"Michael Gebhardt, Matthias Jarke, Stephan Jacobs",International Conference on Management of Data,1997
Incremental Maintenance of Recursive Views Using Relational Calculus/SQL,"Jianwen Su, Guozhu Dong",SIGMOD Record,"2,000",Incremental maintenance of recursive views using relational calculus/SQL,"Guozhu Dong, Jianwen Su",ACM SIGMOD Record ,2000
A Query Language for a Web-Site Management System,"Dan Suciu, Daniela Florescu, Alon Y. Levy, Mary F. Fernandez",SIGMOD Record,1997,A query language for a Web-site management system,"Mary Fernandez, Daniela Florescu, Alon Levy, Dan Suciu",ACM SIGMOD Record ,1997
Iterative spatial join,"Hanan Samet, Edwin H. Jacox",ACM Trans. Database Syst.,2003,Iterative spatial join,"Edwin H. Jacox, Hanan Samet",ACM Transactions on Database Systems (TODS) ,2003
Mining long sequential patterns in a noisy environment,"Wei Wang, Philip S. Yu, Jiong Yang, Jiawei Han",SIGMOD Conference,2002,Mining long sequential patterns in a noisy environment,"Jiong Yang, Wei Wang, Philip S. Yu, Jiawei Han",International Conference on Management of Data,2002
Report on Second International Workshop on Advanced Issues of E-Commerce and Web-based Information Systems,"Philip S. Yu, Kun-Lung Wu",SIGMOD Record,2000,Report on second international workshop on advanced issues of E-commerce and Web-based information systems,"Kun-Lung Wu, Philip S. Yu",ACM SIGMOD Record ,2000
Energy-performance trade-offs for spatial access methods on memory-resident data,"Mahmut T. Kandemir, Ning An, Mary Jane Irwin, Anand Sivasubramaniam, Sudhanva Gurumurthi, Narayanan Vijaykrishnan",VLDB J.,2002,Energy-performance trade-offs for spatial access methods on memory-resident data,"Ning An, Sudhanva Gurumurthi, Anand Sivasubramaniam, Narayanan Vijaykrishnan, Mahmut Kandemir, Mary Jane Irwin",The VLDB Journal &mdash; The International Journal on Very Large Data Bases ,2002
Image Mining in IRIS: Integrated Retinal Information System,"Kheng Guan Goh, Wynne Hsu, Mong-Li Lee",SIGMOD Record,2000,,"Wynne Hsu, Mong Li Lee, Kheng Guan Goh",International Conference on Management of Data,2000
An XML-based Wrapper Generator for Web Information Extraction,"David Buttler, Wei Tang, Calton Pu, Wei Han, Ling Liu",SIGMOD Conference,1999,An XJML-based wrapper generator for Web information extraction,"Ling Liu, Wei Han, David Buttler, Calton Pu, Wei Tang",International Conference on Management of Data,1999
Extracting Entity Profiles from Semistructured Information Spaces,"Robert A. Nado, Scott B. Huffman",SIGMOD Record,1997,Extracting entity profiles from semistructured information spaces,"Robert A. Nado, Scott B. Huffman",ACM SIGMOD Record ,1997
Quickly Generating Billion-Record Synthetic Databases,"Susanne Englert, Jim Gray, Kenneth Baclawski, Peter J. Weinberger, Prakash Sundaresan",SIGMOD Record,1994,Quickly generating billion-record synthetic databases,"Jim Gray, Prakash Sundaresan, Susanne Englert, Ken Baclawski, Peter J. Weinberger",International Conference on Management of Data,1994
A Scalable and Highly Available Networked Database Architecture,"Angelo Pruscino, Rafiul Ahad, Roger Bamford",VLDB,1999,A Scalable and Highly Available Networked Database Architecture,"Roger Bamford, Rafiul Ahad, Angelo Pruscino",The VLDB Journal &mdash; The International Journal on Very Large Data Bases ,1999
Preference formulas in relational queries,Jan Chomicki,ACM Trans. Database Syst.,2003,Preference formulas in relational queries,Jan Chomicki,ACM Transactions on Database Systems (TODS) ,2003
"Toto, We're Not in Kansas Anymore: On Transitioning from Research to the Real (Invited Industrial Talk)",Michael J. Carey,VLDB,2000,"Toto, We're Not in Kansas Anymore: On Transitioning from Research to the Real (Invited Industrial Talk)",Michael J. Carey,The VLDB Journal &mdash; The International Journal on Very Large Data Bases ,2000
Implementation of Magic-sets in a Relational Database System,"Inderpal Singh Mumick, Hamid Pirahesh",SIGMOD Conference,1994,Implementation of magic-sets in a relational database system,"Inderpal Singh Mumick, Hamid Pirahesh",International Conference on Management of Data,1994
Mining Insurance Data at Swiss Life,"Jörg-Uwe Kietz, Ulrich Reimer, Martin Staudt",VLDB,1997,Mining Insurance Data at Swiss Life,"J&#246;rg-Uwe Kietz, Ulrich Reimer, Martin Staudt",Very Large Data Bases,1997
Evolution of Groupware for Business Applications: A Database Perspective on Lotus Domino/Notes,"C. Mohan, S. Watts, Ron Barber, Amit Somani, Markos Zaharioudakis",VLDB,2000,Evolution of Groupware for Business Applications: A Database Perspective on Lotus Domino/Notes,"C. Mohan, Ron Barber, S. Watts, A. Somani, Markos Zaharioudakis",The VLDB Journal &mdash; The International Journal on Very Large Data Bases ,2000
Cumulative Updates,"Beat Wüthrich, Suryanarayana M. Sripada",VLDB,1994,,"Suryanarayana M. Sripada, Beat W&#252;thrich",Very Large Data Bases,1994
"Ratio Rules: A New Paradigm for Fast, Quantifiable Data Mining","Yannis Kotidis, Christos Faloutsos, Flip Korn, Alexandros Labrinidis",VLDB,1998,"Ratio Rules: A New Paradigm for Fast, Quantifiable Data Mining","Flip Korn, Alexandros Labrinidis, Yannis Kotidis, Christos Faloutsos",Very Large Data Bases,1998
Maintenance of Implication Integrity Constraints Under Updates to Constraints,"Naci Ishakbeyoglu, Z. Meral Özsoyoglu",VLDB J.,1998,Maintenance of implication integrity constraints under updates to constraints,"Naci S. Ishakbeyoglu, Z. Meral Ozsoyoglu",The VLDB Journal &mdash; The International Journal on Very Large Data Bases ,1998
Geo/Environmental and Medical Data Management in the RasDaMan System,"Norbert Widmann, Paula Furtado, Peter Baumann, Roland Ritsch",VLDB,1997,Geo/Environmental and Medical Data Management in the RasDaMan System,"Peter Baumann, Paula Furtado, Roland Ritsch, Norbert Widmann",Very Large Data Bases,1997
A Logical View of Structured Files,"Tova Milo, Serge Abiteboul, Sophie Cluet",VLDB J.,1998,A logical view of structured files,"Serge Abiteboul, Sophie Cluet, Tova Milo",The VLDB Journal &mdash; The International Journal on Very Large Data Bases ,1998
The Algres Testbed of CHIMERA: An Active Object-Oriented Database System,"Giuseppe Psaila, Stefano Ceri, Stefano Paraboschi, Piero Fraternali",SIGMOD Record,"1,995",The Algres testbed of CHIMERA: an active object-oriented database system,"Stefano Ceri, Piero Fraternali, Stefano Paraboschi, Giuseppe Psaila",International Conference on Management of Data,1995
An Online Video Placement Policy based on Bandwith to Space Ratio (BSR),"Dinkar Sitaram, Asit Dan",SIGMOD Conference,"1,995",An online video placement policy based on bandwidth to space ratio (BSR),"Asit Dan, Dinkar Sitaram",International Conference on Management of Data,1995
A Query Language and Optimization Techniques for Unstructured Data,"Gerd G. Hillebrand, Peter Buneman, Susan B. Davidson, Dan Suciu",SIGMOD Conference,1996,A query language and optimization techniques for unstructured data,"Peter Buneman, Susan Davidson, Gerd Hillebrand, Dan Suciu",International Conference on Management of Data,1996
Building a Laboratory Information System Around a C++-Based Object-Oriented DBMS,"Nathan Goodman, Steve Rozen, Lincoln Stein",VLDB,1994,Building a Laboratory Information System Around a C++-Based Object-Oriented DBMS,"Nathan Goodman, Steve Rozen, Lincoln Stein",The VLDB Journal &mdash; The International Journal on Very Large Data Bases ,1994
An Efficient Method for Checking Object-Oriented Database Schema Correctness,"Michele Missikoff, Anna Formica, Hans Dietmar Gröger",ACM Trans. Database Syst.,1998,,"A. Formica, H. D. Groger, M. Missikoff",ACM Transactions on Database Systems (TODS) ,1998
Model-Based Information Integration in a Neuroscience Mediator System,"Bertram Ludäscher, Amarnath Gupta, Maryann E. Martone",VLDB,"2,000",Model-Based Information Integration in a Neuroscience Mediator System,"Bertram Lud&#228;scher, Amarnath Gupta, Maryann E. Martone",Very Large Data Bases,2000
The Zero Latency Enterprise,Dave Liles,VLDB,2000,The Zero Latency Enterprise,Dave Liles,Very Large Data Bases,2000
Hilbert R-tree: An Improved R-tree using Fractals,"Ibrahim Kamel, Christos Faloutsos",VLDB,1994,Hilbert R-tree: An Improved R-tree using Fractals,"Ibrahim Kamel, Christos Faloutsos",The VLDB Journal &mdash; The International Journal on Very Large Data Bases ,1994
R-Tree Based Indexing of Now-Relative Bitemporal Data,"Simonas Saltenis, Christian S. Jensen, Giedrius Slivinskas, Rasa Bliujute",VLDB,1998,R-Tree Based Indexing of Now-Relative Bitemporal Data,"Rasa Bliujute, Christian S. Jensen, Simonas Saltenis, Giedrius Slivinskas",The VLDB Journal &mdash; The International Journal on Very Large Data Bases ,1998
Managing Memory for Real-Time Queries,"Miron Livny, Michael J. Carey, HweeHwa Pang",SIGMOD Conference,1994,Managing memory for real-time queries,"Hwee Hwa Pang, Michael J. Carey, Miron Livny",International Conference on Management of Data,1994
Semantic Integration of Semistructured and Structured Data Sources,"Sonia Bergamaschi, Maurizio Vincini, Silvana Castano",SIGMOD Record,"1,999",Semantic integration of semistructured and structured data sources,"S. Bergamaschi, S. Castano, M. Vincini",ACM SIGMOD Record ,1999
An Asymptotically Optimal Multiversion B-Tree,"Thomas Ohler, Peter Widmayer, Bruno Becker, Stephan Gschwind, Bernhard Seeger",VLDB J.,1996,An asymptotically optimal multiversion B-tree,"Bruno Becker, Stephan Gschwind, Thomas Ohler, Bernhard Seeger, Peter Widmayer",The VLDB Journal &mdash; The International Journal on Very Large Data Bases ,1996
Foreword by the VLDB '98 PC Chairmen: Best Papers of VLDB '98,"Oded Shmueli, Jennifer Widom",VLDB J.,2000,Foreword by the VLDB '98 PC Chairmen,"O. Shmueli, J. Widom",The VLDB Journal &mdash; The International Journal on Very Large Data Bases ,2000
An Efficient Algorithm for Mining Association Rules in Large Databases,"Edward Omiecinski, Shamkant B. Navathe, Ashok Savasere",VLDB,1995,An Efficient Algorithm for Mining Association Rules in Large Databases,"Ashoka Savasere, Edward Omiecinski, Shamkant B. Navathe",Very Large Data Bases,1995
Handling Very Large Databases with Informix Extended Parallel Server,Andreas Weininger,SIGMOD Conference,2000,Handling very large databases with informix extended parallel server,Andreas Weininger,International Conference on Management of Data,2000
Advances in Databases and Information Systems (ADBIS),"Albertas Caplinskas, Johann Eder, Olegas Vasilecas",SIGMOD Conference,2002,Advances in databases and information systems: report of 5th East European Conference ADBIS'2001,"Albertas Caplinskas, Johann Eder, Olegas Vasilecas",ACM SIGMOD Record ,2002
Focused Crawling Using Context Graphs,"Frans Coetzee, Steve Lawrence, Michelangelo Diligenti, Marco Gori, C. Lee Giles",VLDB,2000,Focused Crawling Using Context Graphs,"Michelangelo Diligenti, Frans Coetzee, Steve Lawrence, C. Lee Giles, Marco Gori",Very Large Data Bases,2000
Leveraging The Information Asset,Janet Perna,SIGMOD Conference,1995,Leveraging the information asset,Janet Perna,International Conference on Management of Data,1995
Changing the Rules: Transformations for Rule-Based Optimizers,"Mitch Cherniack, Stanley B. Zdonik",SIGMOD Conference,1998,Changing the rules: transformations for rule-based optimizers,"Mitch Cherniack, Stan Zdonik",International Conference on Management of Data,1998
Repositories and Object Oriented Databases,Philip A. Bernstein,SIGMOD Record,1998,Repositories and object oriented databases,Philip A. Bernstein,ACM SIGMOD Record ,1998
A Scalable Architecture for Autonomous Heterogeneous Database Interactions,"Athman Bouguettaya, Steven Milliner, Mike P. Papazoglou",VLDB,1995,A Scalable Architecture for Autonomous Heterogeneous Database Interactions,"Steven Milliner, Athman Bouguettaya, Mike P. Papazoglou",The VLDB Journal &mdash; The International Journal on Very Large Data Bases ,1995
Automata Theory for XML Researchers,Frank Neven,SIGMOD Record,2002,Automata theory for XML researchers,Frank Neven,ACM SIGMOD Record ,2002
Space-Efficient Online Computation of Quantile Summaries,"Sanjeev Khanna, Michael Greenwald",SIGMOD Conference,2001,Space-efficient online computation of quantile summaries,"Michael Greenwald, Sanjeev Khanna",International Conference on Management of Data,2001
Semantic Compression and Pattern Extraction with Fascicles,"J. Madar, Raymond T. Ng, H. V. Jagadish",VLDB,"1,999",Semantic Compression and Pattern Extraction with Fascicles,"H. V. Jagadish, J. Madar, Raymond T. Ng",The VLDB Journal &mdash; The International Journal on Very Large Data Bases ,1999
FeedbackBypass: A New Approach to Interactive Similarity Query Processing,"Paolo Ciaccia, Florian Waas, Ilaria Bartolini",VLDB,2001,FeedbackBypass: A New Approach to Interactive Similarity Query Processing,"Ilaria Bartolini, Paolo Ciaccia, Florian Waas",Very Large Data Bases,2001
Edgar F. Codd: a tribute and personal memoir,C. J. Date,SIGMOD Record,2003,Edgar F. Codd: a tribute and personal memoir,C. J. Date,ACM SIGMOD Record ,2003
A Database Index to Large Biological Sequences,"Robert W. Irving, Ela Hunt, Malcolm P. Atkinson",VLDB,2001,A Database Index to Large Biological Sequences,"Ela Hunt, Malcolm P. Atkinson, Robert W. Irving",Very Large Data Bases,2001
Index Configuration in Object-Oriented Databases,Elisa Bertino,VLDB J.,1994,Index configuration in object-oriented databases,Elisa Bertino,The VLDB Journal &mdash; The International Journal on Very Large Data Bases ,1994
Providing Database-like Access to the Web Using Queries Based on Textual Similarity,William W. Cohen,SIGMOD Conference,1998,Providing database-like access to the Web using queries based on textual similarity,William W. Cohen,International Conference on Management of Data,1998
Object Fusion in Mediator Systems,"Yannis Papakonstantinou, Hector Garcia-Molina, Serge Abiteboul",VLDB,1996,Object Fusion in Mediator Systems,"Yannis Papakonstantinou, Serge Abiteboul, Hector Garcia-Molina",Very Large Data Bases,1996
Approximate Similarity Retrieval with M-Trees,"Fausto Rabitti, Giuseppe Amato, Pavel Zezula, Pasquale Savino",VLDB J.,1998,Approximate similarity retrieval with M-trees,"Pavel Zezula, Pasquale Savino, Giuseppe Amato, Fausto Rabitti",Very Large Data Bases,1998
A Predicate-based Caching Scheme for Client-Server Database Architectures,"Julie Basu, Arthur M. Keller",VLDB J.,1996,A predicate-based caching scheme for client-server database architectures,"Arthur M. Keller, Julie Basu",The VLDB Journal &mdash; The International Journal on Very Large Data Bases ,1996
Research Issues in Active Database Systems: Report from the Closing Panel at RIDE-ADS '94,Jennifer Widom,SIGMOD Record,1994,Research issues in active database systems: report from the closing panel at RIDE-ADS '94,Jennifer Widom,ACM SIGMOD Record ,1994
ROLEX: Relational On-Line Exchange with XML,"Pradeep Shenoy, Xin Dong, Henry F. Korth, Philip Bohannon, P. P. S. Narayan, Chengkai Li, Sumit Ganguly",SIGMOD Record,2003,ROLEX: relational on-line exchange with XML,"Philip Bohannon, Xin (Luna) Dong, Sumit Ganguly, Henry F. Korth, Chengkai Li, P. P. S. Narayan, Pradeep Shenoy",International Conference on Management of Data,2003
Integrating Symbolic Images into a Multimedia Database System Using Classification and Abstraction Approaches,"Hanan Samet, Aya Soffer",VLDB J.,1998,Integrating symbolic images into a multimedia database system using classification and abstraction approaches,"Aya Soffer, Hanan Samet",The VLDB Journal &mdash; The International Journal on Very Large Data Bases ,1998
Sequence Query Processing,"Raghu Ramakrishnan, Miron Livny, Praveen Seshadri",SIGMOD Conference,1994,,"Praveen Seshadri, Miron Livny, Raghu Ramakrishnan",International Conference on Management of Data,1994
"Improving Business Process Quality through Exception Understanding, Prediction, and Prevention","Fabio Casati, Daniela Grigori, Umeshwar Dayal, Ming-Chien Shan",VLDB,2001,"Improving Business Process Quality through Exception Understanding, Prediction, and Prevention","Daniela Grigori, Fabio Casati, Umeshwar Dayal, Ming-Chien Shan",Very Large Data Bases,2001
ZOO : A Desktop Experiment Management Environment,"Miron Livny, Yannis E. Ioannidis, Nagavamsi Ponnekanti, Shivani Gupta",VLDB,1996,ZOO: A Desktop Experiment Management Environment,"Yannis E. Ioannidis, Miron Livny, S. Gupta, Nagavamsi Ponnekanti",Very Large Data Bases,1996
Towards an Infrastructure for Temporal Databases: Report of an Invitational ARPA/NSF Workshop,"Ramez Elmasri, Richard T. Snodgrass, Babis Theodoulidis, Inderpal Singh Mumick, Arie Segev, M. Tamer Özsu, Umeshwar Dayal, Niki Pissinou, Barbara Pernici",SIGMOD Conference,1994,Towards an infrastructure for temporal databases: report of an invitational ARPA/NSF workshop,"Niki Pissinou, Richard Thomas Snodgrass, Ramez Elmasri, Inderpal S. Mumick, Tamer &#214;zsu, Barbara Pernici, Arie Segev, Babis Theodoulidis, Umeshwar Dayal",ACM SIGMOD Record ,1994
Searching for dependencies at multiple abstraction levels,"Jef Wijsen, Toon Calders, Raymond T. Ng",ACM Trans. Database Syst.,2002,Searching for dependencies at multiple abstraction levels,"Toon Calders, Raymond T. Ng, Jef Wijsen",ACM Transactions on Database Systems (TODS) ,2002
Buffering and Read-Ahead Strategies for External Mergesort,"Per-Åke Larson, Weiye Zhang",VLDB,1998,Buffering and Read-Ahead Strategies for External Mergesort,"Weiye Zhang, Per-&#197;ke Larson",The VLDB Journal &mdash; The International Journal on Very Large Data Bases ,1998
The DEDALE System for Complex Spatial Queries,"Luc Segoufin, Philippe Rigaux, Stéphane Grumbach",SIGMOD Conference,1998,,"St&#233;phane Grumbach, Philippe Rigaux, Luc Segoufin",International Conference on Management of Data,1998
Data streams: fresh current or stagnant backwater? (panel),"Joseph M. Hellerstein, Jennifer Widom",SIGMOD Conference,2002,Data streams: fresh current or stagnant backwater? (panel),"Joseph M. Hellerstein, Jennifer Widom",International Conference on Management of Data,2002
Offering a Precision-Performance Tradeoff for Aggregation Queries over Replicated Data,"Jennifer Widom, Chris Olston",VLDB,2000,Offering a Precision-Performance Tradeoff for Aggregation Queries over Replicated Data,"Chris Olston, Jennifer Widom",The VLDB Journal &mdash; The International Journal on Very Large Data Bases ,2000
Locating and accessing data repositories with WebSemantics,"George A. Mihaila, Louiqa Raschid, Anthony Tomasic",VLDB J.,2002,Locating and accessing data repositories with WebSemantics,"George A. Mihaila, Louiqa Raschid, Anthony Tomasic",The VLDB Journal &mdash; The International Journal on Very Large Data Bases ,2002
Improving Performance in Replicated Databases through Relaxed Coherency,"Rainer Gallersdörfer, Matthias Nicola",VLDB,1995,Improving Performance in Replicated Databases through Relaxed Coherency,"Rainer Gallersd&#246;rfer, Matthias Nicola",The VLDB Journal &mdash; The International Journal on Very Large Data Bases ,1995
"PM3: An Orthogonal Persistent Systems Programming Language - Design, Implementation, Performance","Antony L. Hosking, Jiawan Chen",VLDB,1999,"PM3: An Orthogonal Persistent Systems Programming Language - Design, Implementation, Performance","Antony L. Hosking, Jiawan Chen",The VLDB Journal &mdash; The International Journal on Very Large Data Bases ,1999
A Scalable Algorithm for Answering Queries Using Views,"Rachel Pottinger, Alon Y. Levy",VLDB,2000,A Scalable Algorithm for Answering Queries Using Views,"Rachel Pottinger, Alon Y. Levy",Very Large Data Bases,2000
Including Group-By in Query Optimization,"Surajit Chaudhuri, Kyuseok Shim",VLDB,1994,Including Group-By in Query Optimization,"Surajit Chaudhuri, Kyuseok Shim",Very Large Data Bases,1994
"Ordering Information, Conference Organizers, Program Committees, Additional Reviewers, Additional Demonstrations Reviewers, Sponsors, VLDB Endowment, Preface, Foreword",?,VLDB,2000,"Ordering Information, Conference Organizers, Program Committees, Additional Reviewers, Additional Demonstrations Reviewers, Sponsors, VLDB Endowment, Preface, Foreword",,The VLDB Journal &mdash; The International Journal on Very Large Data Bases ,2000
The Case for Enhanced Abstract Data Types,"Raghu Ramakrishnan, Miron Livny, Praveen Seshadri",VLDB,1997,The Case for Enhanced Abstract Data Types,"Praveen Seshadri, Miron Livny, Raghu Ramakrishnan",Very Large Data Bases,1997
NAOS - Efficient and Modular Reactive Capabilities in an Object-Oriented Database System,"Thierry Coupaye, T. Svensen, Christine Collet",VLDB,1994,NAOS - Efficient and Modular Reactive Capabilities in an Object-Oriented Database System,"Christine Collet, Thierry Coupaye, T. Svensen",Very Large Data Bases,1994
Indexing Multiple Sets,"Christoph Kilger, Guido Moerkotte",VLDB,1994,Indexing Multiple Sets,"Christoph Kilger, Guido Moerkotte",The VLDB Journal &mdash; The International Journal on Very Large Data Bases ,1994
Spreadsheets in RDBMS for OLAP,"Nathan Folkert, Abhinav Gupta, Andrew Witkowski, Lei Sheng, Sankar Subramanian, Srikanth Bellamkonda, Gregory Dorman, Tolga Bozkaya",SIGMOD Conference,2003,Spreadsheets in RDBMS for OLAP,"Andrew Witkowski, Srikanth Bellamkonda, Tolga Bozkaya, Gregory Dorman, Nathan Folkert, Abhinav Gupta, Lei Shen, Sankar Subramanian",International Conference on Management of Data,2003
XSB as a Deductive Database,"Terrance Swift, Konstantinos F. Sagonas, David Scott Warren",SIGMOD Record,1994,XSB as a deductive database,"Konstantinos Sagonas, Terrance Swift, David S. Warren",International Conference on Management of Data,1994
Contrast Plots and P-Sphere Trees: Space vs. Time in Nearest Neighbour Searches,"Jonathan Goldstein, Raghu Ramakrishnan",VLDB,2000,Contrast Plots and P-Sphere Trees: Space vs. Time in Nearest Neighbour Searches,"Jonathan Goldstein, Raghu Ramakrishnan",The VLDB Journal &mdash; The International Journal on Very Large Data Bases ,2000
Data Warehousing and Business Intelligence for E-Commerce - Book Review,Frank G. Goethals,SIGMOD Record,2002,Data warehousing and business intelligence for e-commerce: by Alan R. Simon & Steven L. Shaffer,Frank G. Goethals,ACM SIGMOD Record ,2002
Performance Measurements of Compressed Bitmap Indices,Theodore Johnson,VLDB,1999,Performance Measurements of Compressed Bitmap Indices,Theodore Johnson,Very Large Data Bases,1999
The Aggregate Data Problem: A System for their Definition and Management,"Leonardo Tininini, Antonia Bezenchek, Maurizio Rafanelli",SIGMOD Conference,1996,,"M. Rafanelli, A. Bezenchek, L. Tininini",ACM SIGMOD Record ,1996
Research Activities in Database Management and Information Retrieval at the University of Illinois at Chicago,"A. Prasad Sistla, Isabel F. Cruz, Ashfaq A. Khokhar, Clement T. Yu, Bing Liu, Ouri Wolfson",SIGMOD Record,"2,002",Research activities in database management and information retrieval at University of Illinois at Chicago,"Isabel Cruz, Ashfaq Khokhar, Bing Liu, Prasad Sistla, Ouri Wolfson, Clement Yu",ACM SIGMOD Record ,2002
Modelling temporal thematic map contents,"Elaheh Pourabbas, Alberto d'Onofrio",SIGMOD Record,2003,Modelling temporal thematic map contents,"Alberto d'Onofrio, Elaheh Pourabbas",ACM SIGMOD Record ,2003
Sampling-Based Estimation of the Number of Distinct Values of an Attribute,"Peter J. Haas, Lynne Stokes, S. Seshadri, Jeffrey F. Naughton",VLDB,1995,Sampling-Based Estimation of the Number of Distinct Values of an Attribute,"Peter J. Haas, Jeffrey F. Naughton, S. Seshadri, Lynne Stokes",Very Large Data Bases,1995
Bit-Sliced Index Arithmetic,"Elizabeth J. O'Neil, Denis Rinfret, Patrick E. O'Neil",SIGMOD Conference,2001,Bit-sliced index arithmetic,"Denis Rinfret, Patrick O'Neil, Elizabeth O'Neil",International Conference on Management of Data,2001
Automated Resolution of Semantic Heterogeneity in Multidatabases,"A. R. Hurson, Simin H. Pakzad, M. W. Bright",ACM Trans. Database Syst.,1994,Automated resolution of semantic heterogeneity in multidatabases,"M. W. Bright, A. R. Hurson, S. Pakzad",ACM Transactions on Database Systems (TODS) ,1994
A Workflow-based Electronic Marketplace on the Web,"Ibrahim Cingil, Nazife Dimililer, Nesime Tatbul, Ilker Durusoy, Asuman Dogac, Pinar Koksal, Sena Nural Arpinar",SIGMOD Conference,1998,A workflow-based electronic marketplace on the Web,"Asuman Dogac, Ilker Durusoy, Sena Arpinar, Nesime Tatbul, Pinar Koksal, Ibrahim Cingil, Nazife Dimililer",ACM SIGMOD Record ,1998
ADEPT: An Agent-Based Approach to Business Process Management,"Timothy J. Norman, Nicholas R. Jennings, Peyman Faratin",SIGMOD Record,1998,ADEPT: an agent-based approach to business process management,"N. R. Jennings, T. J. Norman, P. Faratin",ACM SIGMOD Record ,1998
Generalised Hash Teams for Join and Group-by,"Donald Kossmann, Alfons Kemper, Christian Wiesner",VLDB,1999,Generalised Hash Teams for Join and Group-by,"Alfons Kemper, Donald Kossmann, Christian Wiesner",Very Large Data Bases,1999
Research Issues in Federated Database Systems: Report of EFDBS '97 Workshop,"Fèlix Saltor, Mark Roantree, Mark W. W. Vermeer, Wilhelm Hasselbring, Martin Schönhoff, Markus Strässler, Barry Eaglestone, Stefan Conrad",SIGMOD Record,1997,Research issues in federated database systems: report of EFDBS '97 workshop,"S. Conrad, B. Eaglestone, W. Hasselbring, M. Roantree, M. Sch&#246;hoff, M. Str&#228;ssler, M. Vermeer, F. Saltor",ACM SIGMOD Record ,1997
The Structured Information Manager: A Database System for SGML Documents,Ron Sacks-Davis,VLDB,1996,The Structured Information Manager: A Database System for SGML Documents,Ron Sacks-Davis,The VLDB Journal &mdash; The International Journal on Very Large Data Bases ,1996
Query Optimization at the Crossroads (Panel),Surajit Chaudhuri,SIGMOD Conference,1997,Query optimization at the crossroads,Surajit Chaudhuri,International Conference on Management of Data,1997
Information Integration: The MOMIS Project Demonstration,"Michele Melchiori, Silvana Castano, G. Malvezzi, Domenico Beneventano, R. Guidetti, Alberto Corni, Sonia Bergamaschi, Maurizio Vincini",VLDB,2000,Information Integration: The MOMIS Project Demonstration,"Domenico Beneventano, Sonia Bergamaschi, Silvana Castano, Alberto Corni, R. Guidetti, G. Malvezzi, Michele Melchiori, Maurizio Vincini",The VLDB Journal &mdash; The International Journal on Very Large Data Bases ,2000
Containment Join Size Estimation: Models and Methods,"Haifeng Jiang, Hongjun Lu, Wei Wang, Jeffrey Xu Yu",SIGMOD Conference,2003,Containment join size estimation: models and methods,"Wei Wang, Haifeng Jiang, Hongjun Lu, Jeffrey Xu Yu",International Conference on Management of Data,2003
Query Optimization by Predicate Move-Around,"Inderpal Singh Mumick, Alon Y. Levy, Yehoshua Sagiv",VLDB,1994,Query Optimization by Predicate Move-Around,"Alon Y. Levy, Inderpal Singh Mumick, Yehoshua Sagiv",Very Large Data Bases,1994
Efficient Management of Multiversion Documents by Object Referencing,"Vassilis J. Tsotras, Carlo Zaniolo, Shu-Yao Chien",VLDB,2001,Efficient Management of Multiversion Documents by Object Referencing,"Shu-Yao Chien, Vassilis J. Tsotras, Carlo Zaniolo",Very Large Data Bases,2001
Understanding the global semantics of referential actions using logic rules,"Wolfgang May, Bertram Ludäscher",ACM Trans. Database Syst.,2002,Understanding the global semantics of referential actions using logic rules,"Wolfgang May, Bertram Lud&#228;scher",ACM Transactions on Database Systems (TODS) ,2002
Answering Complex SQL Queries Using Automatic Summary Tables,"Roberta Cochrane, Hamid Pirahesh, Monica Urata, Markos Zaharioudakis, George Lapis",SIGMOD Conference,2000,Answering complex SQL queries using automatic summary tables,"Markos Zaharioudakis, Roberta Cochrane, George Lapis, Hamid Pirahesh, Monica Urata",International Conference on Management of Data,2000
Scientific Databases - State of the Art and Future Directions,"Yannis E. Ioannidis, Maria Zemankova",VLDB,1994,Scientific Databases - State of the Art and Future Directions,"Maria Zemankova, Yannis E. Ioannidis",Very Large Data Bases,1994
Time-parameterized queries in spatio-temporal databases,"Dimitris Papadias, Yufei Tao",SIGMOD Conference,2002,Time-parameterized queries in spatio-temporal databases,"Yufei Tao, Dimitris Papadias",International Conference on Management of Data,2002
Panel: Querying Networked Databases,"Divesh Srivastava, Nick Koudas",SIGMOD Record,2003,Panel: querying networked databases,"Nick Koudas, Divesh Srivastava",International Conference on Management of Data,2003
Homer: a Model-Based CASE Tool for Data-Intensive Web Sites,"Paolo Atzeni, Paolo Merialdo, Marco Pecorone, Marco Magnante, Giansalvatore Mecca",SIGMOD Conference,2000,HOMER: a model-based CASE tool for data-intensive Web sites,"Paolo Merialdo, Paolo Atzeni, Marco Magnante, Giansalvatore Mecca, Marco Pecorone",International Conference on Management of Data,2000
Generalized Search Trees for Database Systems,"Jeffrey F. Naughton, Avi Pfeffer, Joseph M. Hellerstein",VLDB,1995,Generalized Search Trees for Database Systems,"Joseph M. Hellerstein, Jeffrey F. Naughton, Avi Pfeffer",Very Large Data Bases,1995
Cost models for overlapping and multiversion structures,"Yufei Tao, Jun Zhang, Dimitris Papadias",ACM Trans. Database Syst.,2002,Cost models for overlapping and multiversion structures,"Yufei Tao, Dimitris Papadias, Jun Zhang",ACM Transactions on Database Systems (TODS) ,2002
Accessing a Relational Database through an Object-Oriented Database Interface,"Jack A. Orenstein, D. N. Kamber",VLDB,1995,Accessing a Relational Database through an Object-Oriented Database Interface,"Jack A. Orenstein, D. N. Kamber",The VLDB Journal &mdash; The International Journal on Very Large Data Bases ,1995
Applications of the JAVA Programming Language to Database Management,"V. Wiktor Marek, Bradley F. Burton",SIGMOD Record,1998,Applications of JAVA programming language to database management,"Bradley F. Burton, Victor W. Marek",ACM SIGMOD Record ,1998
Medical Information Systems: Characterization and Challenges,"Lynn L. Peterson, Jorge C. G. Ramirez, Lon A. Smith",SIGMOD Record,1994,Medical information systems: characterization and challenges,"Jorge C. G. Ramirez, Lon A. Smith, Lynn L. Peterson",ACM SIGMOD Record ,1994
Fast Computation of Sparse Datacubes,"Divesh Srivastava, Kenneth A. Ross",VLDB,1997,,"Kenneth A. Ross, Divesh Srivastava",Very Large Data Bases,1997
Mediator Languages - a Proposal for a Standard,"Peter Buneman, Louiqa Raschid, Jeffrey D. Ullman",SIGMOD Record,1997,"Mediator languages-a proposal for a standard: report of an I3/POB working group held at the University of Maryland, April 12 and 13, 1996","Peter Buneman, Louiqa Raschid, Jeffrey Ullman",ACM SIGMOD Record ,1997
Containment of Conjunctive Queries: Beyond Relations as Sets,"Raghu Ramakrishnan, Yannis E. Ioannidis",ACM Trans. Database Syst.,1995,Containment of conjunctive queries: beyond relations as sets,"Yannis E. Ioannidis, Raghu Ramakrishnan",ACM Transactions on Database Systems (TODS) ,1995
Dynamic Itemset Counting and Implication Rules for Market Basket Data,"Shalom Tsur, Rajeev Motwani, Sergey Brin, Jeffrey D. Ullman",SIGMOD Conference,1997,Dynamic itemset counting and implication rules for market basket data,"Sergey Brin, Rajeev Motwani, Jeffrey D. Ullman, Shalom Tsur",International Conference on Management of Data,1997
GHOST: Fine Granularity Buffering of Indexes,"Cheng Hian Goh, Kian-Lee Tan, Beng Chin Ooi, D. Sim",VLDB,1999,GHOST: Fine Granularity Buffering of Indexes,"Cheng Hian Goh, Beng Chin Ooi, D. Sim, Kian-Lee Tan",Very Large Data Bases,1999
Extracting Structured Data from Web Pages,"Arvind Arasu, Hector Garcia-Molina",SIGMOD Record,2003,Extracting structured data from Web pages,"Arvind Arasu, Hector Garcia-Molina, Stanford University",International Conference on Management of Data,2003
Guest editorial,Malcolm P. Atkinson,VLDB J.,2000,Guest editorial,Malcolm P. Atkinson,Very Large Data Bases,2000
Dynamic Memory Adjustment for External Mergesort,"Weiye Zhang, Per-Åke Larson",VLDB,1997,Dynamic Memory Adjustment for External Mergesort,"Weiye Zhang, Per-&#197;ke Larson",The VLDB Journal &mdash; The International Journal on Very Large Data Bases ,1997
Efficient evaluation of queries in a mediator for WebSources,"Tolga Urhan, Laura Bright, Vladimir Zadorozhny, Maria-Esther Vidal, Louiqa Raschid",SIGMOD Conference,2002,Efficient evaluation of queries in a mediator for WebSources,"Vladimir Zadorozhny, Louiqa Raschid, Maria Esther Vidal, Tolga Urhan, Laura Bright",International Conference on Management of Data,2002
Versions and Workspaces in Microsoft Repository,"Shankar Pal, Thomas Bergstraesser, Philip A. Bernstein, David Shutt",SIGMOD Conference,1999,,"Thomas Bergstraesser, Philip A. Bernstein, Shankar Pal, David Shutt",International Conference on Management of Data,1999
A Framework for Expressing and Combining Preferences,"Edward L. Wimmers, Rakesh Agrawal",SIGMOD Conference,2000,A framework for expressing and combining preferences,"Rakesh Agrawal, Edward L. Wimmers",International Conference on Management of Data,2000
Enhanced Abstract Data Types in Object-Relational Databases,Praveen Seshadri,VLDB J.,1998,Enhanced abstract data types in object-relational databases,Praveen Seshadri,Very Large Data Bases,1998
View Maintenance in a Warehousing Environment,"Jennifer Widom, Hector Garcia-Molina, Yue Zhuge, Joachim Hammer",SIGMOD Conference,1995,View maintenance in a warehousing environment,"Yue Zhuge, H&#233;ctor Garc&#237;a-Molina, Joachim Hammer, Jennifer Widom",International Conference on Management of Data,1995
Concurrency in the Data Warehouse,Richard Taylor,VLDB,2000,Concurrency in the Data Warehouse,Richard Taylor,The VLDB Journal &mdash; The International Journal on Very Large Data Bases ,2000
Coalescing in Temporal Databases,"Michael D. Soo, Richard T. Snodgrass, Michael H. Böhlen",VLDB,1996,Coalescing in Temporal Databases,"Michael H. B&#246;hlen, Richard Thomas Snodgrass, Michael D. Soo",The VLDB Journal &mdash; The International Journal on Very Large Data Bases ,1996
Outlier Detection for High Dimensional Data,"Charu C. Aggarwal, Philip S. Yu",SIGMOD Conference,2001,Outlier detection for high dimensional data,"Charu C. Aggarwal, Philip S. Yu",International Conference on Management of Data,2001
The XPS Approach to Loading and Unloading Terabyte Databases,Sanket Atal,VLDB,1996,The XPS Approach to Loading and Unloading Terabyte Databases,Sanket Atal,The VLDB Journal &mdash; The International Journal on Very Large Data Bases ,1996
A Theory of Redo Recovery,"Mark R. Tuttle, David B. Lomet",SIGMOD Conference,2003,A theory of redo recovery,"David Lomet, Mark Tuttle",International Conference on Management of Data,2003
"O-O, What's Happening to DB2?","Richard Swagerman, Nelson Mendonça Mattos, Michael J. Carey, Srinivasa Narayanan, Bennet Vance, Doug Doole, Serge Rielau, Donald D. Chamberlin",SIGMOD Record,1999,"O-O, what's happening to DB2?","M. Carey, D. Chamberlin, D. Doole, S. Rielau, N. Mattos, S. Narayanan, B. Vance, R. Swagerman",International Conference on Management of Data,1999
Online Dynamic Reordering for Interactive Data Processing,"Bhaskaran Raman, Joseph M. Hellerstein, Vijayshankar Raman",VLDB,1999,Online Dynamic Reordering for Interactive Data Processing,"Vijayshankar Raman, Bhaskaran Raman, Joseph M. Hellerstein",Very Large Data Bases,1999
A Survey and Critique of Advanced Transaction Models,C. Mohan,SIGMOD Conference,1994,A survey and critique of advanced transaction models,C. Mohan,International Conference on Management of Data,1994
Dynamic Service Matchmaking Among Agents in Open Information Environments,"Matthias Klusch, Katia P. Sycara, Seth Widoff, Jianguo Lu",SIGMOD Conference,1999,Dynamic service matchmaking among agents in open information environments,"Katia Sycara, Matthias Klusch, Seth Widoff, Jianguo Lu",ACM SIGMOD Record ,1999
A TSQL2 Tutorial,"James Clifford, Ramez Elmasri, Michael D. Soo, Wolfgang Käfer, Nick Kline, Arie Segev, Suryanarayana M. Sripada, Fabio Grandi, John F. Roddick, Richard T. Snodgrass, Christian S. Jensen, Nikos A. Lorentzos, Ilsoo Ahn, Gad Ariav, Don S. Batory, T. Y. Cliff Leung, Curtis E. Dyreson, Krishna G. Kulkarni",SIGMOD Record,1994,A TSQL2 tutorial,"Richard Thomas Snodgrass, Ilsoo Ahn, Gad Ariav, Don Batory, James Clifford, Curtis E. Dyreson, Ramez Elmasri, Fabio Grandi, Christian S. Jensen, Wolfgang K&#228;fer, Nick Kline, Krishna Kulkarni, T. Y. Cliff Leung, Nikos Lorentzos, John F. Roddick, Arie Segev, Michael D. Soo, Suryanarayana M. Sripada",ACM SIGMOD Record ,1994
To Table or Not to Table: a Hypertabular Answer,"Giuseppe Santucci, Laura Tarantino",SIGMOD Record,1996,To table or not to table: a hypertabular answer,"Giuseppe Santucci, Laura Tarantino",ACM SIGMOD Record ,1996
Bitmap Index Design and Evaluation,"Yannis E. Ioannidis, Chee Yong Chan",SIGMOD Conference,1998,Bitmap index design and evaluation,"Chee-Yong Chan, Yannis E. Ioannidis",International Conference on Management of Data,1998
The Need for Distributed Asynchronous Transactions,"Lyman Do, Prabhu Ram, Pamela Drew",SIGMOD Conference,1999,The need for distributed asynchronous transactions,"Lyman Do, Prabhu Ram, Pamela Drew",International Conference on Management of Data,1999
Estimating Page Fetches for Index Scans with Finite LRU Buffers,"K. Bernhard Schiefer, Arun N. Swami",VLDB J.,1995,Estimating page fetches for index scans with finite LRU buffers,"Arun Swami, K. Bernhard Schiefer",The VLDB Journal &mdash; The International Journal on Very Large Data Bases ,1995
Query Optimization for XML,"Jason McHugh, Jennifer Widom",VLDB,1999,Query Optimization for XML,"Jason McHugh, Jennifer Widom",Very Large Data Bases,1999
Transactional Information Systems - Book Review,Marc H. Scholl,SIGMOD Record,2001,"Transactional information systems: theory, algorithms, and the practice of concurrency control and recovery",Marc H. Scholl,ACM SIGMOD Record ,2001
SHORE: Combining the Best Features of OODBMS and File Systems,Shore Team,SIGMOD Record,1995,Shore: combining the best features of OODBMS and file systems,CORPORATE The SHORE Team,International Conference on Management of Data,1995
Comparing Hierarchical Data in External Memory,Sudarshan S. Chawathe,VLDB,1999,Comparing Hierarchical Data in External Memory,Sudarshan S. Chawathe,The VLDB Journal &mdash; The International Journal on Very Large Data Bases ,1999
On Computing Correlated Aggregates Over Continual Data Streams,"Divesh Srivastava, Flip Korn, Johannes Gehrke",SIGMOD Record,2001,On computing correlated aggregates over continual data streams,"Johannes Gehrke, Flip Korn, Divesh Srivastava",International Conference on Management of Data,2001
The Network is the Database: Data Management for Highly Distributed Systems,"Michael J. Wynblatt, Julio C. Navas",SIGMOD Conference,2001,The network is the database: data management for highly distributed systems,"Julio C. Navas, Michael Wynblatt",International Conference on Management of Data,2001
"Data Management: Lasting Impact of the Wild Wild, Wild, Web",Reed M. Meseck,SIGMOD Conference,2001,"Data management: lasting impact on wild, wild, web",Reed M. Meseck,International Conference on Management of Data,2001
Join Algorithm Costs Revisited,"Kotagiri Ramamohanarao, Evan P. Harris",VLDB J.,1996,Join algorithm costs revisited,"Evan P. Harris, Kotagiri Ramamohanarao",Very Large Data Bases,1996
Similarity-Based Queries for Time Series Data,"Alberto O. Mendelzon, Davood Rafiei",SIGMOD Conference,1997,Similarity-based queries for time series data,"Davood Rafiei, Alberto Mendelzon",International Conference on Management of Data,1997
Query Decomposition and View Maintenance for Query Languages for Unstructured Data,Dan Suciu,VLDB,1996,Query Decomposition and View Maintenance for Query Languages for Unstructured Data,Dan Suciu,Very Large Data Bases,1996
The IDEA Web Lab,"Piero Fraternali, Stefano Paraboschi, Stefano Ceri",SIGMOD Conference,1998,The IDEA Web lab,"Stefano Ceri, Piero Fraternali, Stefano Paraboschi",International Conference on Management of Data,1998
On the computation of relational view complements,"Gottfried Vossen, Jens Lechtenbörger",ACM Trans. Database Syst.,"2,003",On the computation of relational view complements,"Jens Lechtenb&#246;rger, Gottfried Vossen",ACM Transactions on Database Systems (TODS) ,2003
Best-effort cache synchronization with source cooperation,"Chris Olston, Jennifer Widom",SIGMOD Record,2002,Best-effort cache synchronization with source cooperation,"Chris Olston, Jennifer Widom",International Conference on Management of Data,2002
Data Integration and Warehousing in Telecom Italia,"Daniele Nardi, Maurizio Lenzerini, Stefano Trisolini",SIGMOD Record,1999,Data integration and warehousing in Telecom Italia,"Stefano M. Trisolini, Maurizio Lenzerini, Daniele Nardi",International Conference on Management of Data,1999
Journal relevance,Richard T. Snodgrass,SIGMOD Record,2003,Journal relevance,Richard Snodgrass,ACM SIGMOD Record ,2003
Online Scaling in a Highly Available Database,"Svein Erik Bratsberg, Rune Humborstad",VLDB,2001,Online Scaling in a Highly Available Database,"Svein Erik Bratsberg, Rune Humborstad",Very Large Data Bases,2001
Improving Timeliness in Real-Time Secure Database Systems,"Sang Hyuk Son, Rasikan David, Bhavani M. Thuraisingham",SIGMOD Conference,1996,Improving timeliness in real-time secure database systems,"Sang H. Son, Rasikan David, Bhavani Thuraisingham",ACM SIGMOD Record ,1996
Storage and Querying of E-Commerce Data,"Yirong Xu, Rakesh Agrawal, Amit Somani",VLDB,2001,Storage and Querying of E-Commerce Data,"Rakesh Agrawal, Amit Somani, Yirong Xu",Very Large Data Bases,2001
The MEDUSA Project: Autonomous Data Management in a Shared-Nothing Parallel Database Machine,"George M. Bryan, J. Geyer, Wayne E. Moore, B. J. Curry, K. W. Lodge",SIGMOD Conference,1994,The MEDUSA project: autonomous data management in a shared-nothing parallel database machine,"G. M. Bryan, W. E. Moore, B. J. Curry, K. W. Lodge, J. Geyer",International Conference on Management of Data,1994
Hot Block Clustering for Disk Arrays with Dynamic Striping,"Kazuhiko Mogi, Masaru Kitsuregawa",VLDB,1995,Hot Block Clustering for Disk Arrays with Dynamic Striping,"Kazuhiko Mogi, Masaru Kitsuregawa",Very Large Data Bases,1995
Efficient schemes for managing multiversionXML documents,"Shu-Yao Chien, Carlo Zaniolo, Vassilis J. Tsotras",VLDB J.,2002,Efficient schemes for managing multiversionXML documents,"S.-Y. Chien, V. J. Tsotras, C. Zaniolo",The VLDB Journal &mdash; The International Journal on Very Large Data Bases ,2002
Concurrency and Recovery for Index Trees,"David B. Lomet, Betty Salzberg",VLDB J.,1997,Concurrency and recovery for index trees,"David Lomet, Betty Salzberg",The VLDB Journal &mdash; The International Journal on Very Large Data Bases ,1997
Efficiently publishing relational data as XML documents,"Bruce G. Lindsay, Hamid Pirahesh, Berthold Reinwald, Michael J. Carey, Rimon Barr, Jayavel Shanmugasundaram, Eugene J. Shekita",VLDB J.,2001,Efficiently publishing relational data as XML documents,"Jayavel Shanmugasundaram, Eugene Shekita, Rimon Barr, Michael Carey, Bruce Lindsay, Hamid Pirahesh, Berthold Reinwald",The VLDB Journal &mdash; The International Journal on Very Large Data Bases ,2001
Predator: A Resource for Database Research,Praveen Seshadri,SIGMOD Record,1998,PREDATOR: a resource for database research,Praveen Seshadri,ACM SIGMOD Record ,1998
Multi-Dimensional Database Allocation for Parallel Data Warehouses,"Holger Märtens, Erhard Rahm, Thomas Stöhr",VLDB,2000,Multi-Dimensional Database Allocation for Parallel Data Warehouses,"Thomas St&#246;hr, Holger M&#228;rtens, Erhard Rahm",Very Large Data Bases,2000
Fast incremental maintenance of approximate histograms,"Viswanath Poosala, Phillip B. Gibbons, Yossi Matias",ACM Trans. Database Syst.,2002,Fast incremental maintenance of approximate histograms,"Phillip B. Gibbons, Yossi Matias, Viswanath Poosala",ACM Transactions on Database Systems (TODS) ,2002
Lore: A Database Management System for Semistructured Data,"Roy Goldman, Serge Abiteboul, Jennifer Widom, Dallan Quass, Jason McHugh",SIGMOD Record,1997,Lore: a database management system for semistructured data,"Jason McHugh, Serge Abiteboul, Roy Goldman, Dallas Quass, Jennifer Widom",ACM SIGMOD Record ,1997
A Taxonomy for Secure Object-Oriented Databases,"Sebastiaan H. von Solms, Martin S. Olivier",ACM Trans. Database Syst.,1994,A taxonomy for secure object-oriented databases,"Martin S. Olivier, Sebastiaan H. von Solms",ACM Transactions on Database Systems (TODS) ,1994
High-Concurrency Locking in R-Trees,"Douglas Banks, Marcel Kornacker",VLDB,1995,High-Concurrency Locking in R-Trees,"Marcel Kornacker, Douglas Banks",The VLDB Journal &mdash; The International Journal on Very Large Data Bases ,1995
A Monte Carlo algorithm for fast projective clustering,"Michael Jones, Pankaj K. Agarwal, T. M. Murali, Cecilia Magdalena Procopiuc",SIGMOD Record,2002,A Monte Carlo algorithm for fast projective clustering,"Cecilia M. Procopiuc, Michael Jones, Pankaj K. Agarwal, T. M. Murali",International Conference on Management of Data,2002
Updating XML,"Daniel S. Weld, Zachary G. Ives, Igor Tatarinov, Alon Y. Halevy",SIGMOD Conference,2001,Updating XML,"Igor Tatarinov, Zachary G. Ives, Alon Y. Halevy, Daniel S. Weld",International Conference on Management of Data,2001
Theory of dependence values,Rosa Meo,ACM Trans. Database Syst.,2000,Theory of dependence values,Rosa Meo,ACM Transactions on Database Systems (TODS) ,2000
Dynamic multidimensional histograms,"Piotr Indyk, Sudipto Guha, Nitin Thaper, Nick Koudas",SIGMOD Conference,2002,Dynamic multidimensional histograms,"Nitin Thaper, Sudipto Guha, Piotr Indyk, Nick Koudas",International Conference on Management of Data,2002
Learning about data integration challenges from day one,Alon Y. Halevy,SIGMOD Record,2003,Learning about data integration challenges from day one,Alon Y. Halevy,ACM SIGMOD Record ,2003
Hierarchies and Relative Operators in the OLAP Environment,"Maurizio Rafanelli, Elaheh Pourabbas",SIGMOD Record,2000,Hierarchies and relative operators in the OLAP environment,"Elaheh Pourabbas, Maurizio Rafanelli",ACM SIGMOD Record ,2000
High Level Indexing of User-Defined Types,"Brian T. Tran, Jyh-Herng Chow, Michelle Jou, Jean Grandbois, Yun Wang, You-Chin Fuh, Weidong Chen, Nelson Mendonça Mattos",VLDB,1999,High Level Indexing of User-Defined Types,"Weidong Chen, Jyh-Herng Chow, You-Chin Fuh, Jean Grandbois, Michelle Jou, Nelson Mendon&#231;a Mattos, Brian T. Tran, Yun Wang",The VLDB Journal &mdash; The International Journal on Very Large Data Bases ,1999
Contextualizing the Information Space in Federated Digital Libraries,"Jeroen Hoppenbrouwers, Mike P. Papazoglou",SIGMOD Conference,1999,Contextualizing the information space in federated digital libraries,"M. P. Papazoglou, J. Hoppenbrouwers",ACM SIGMOD Record ,1999
PicoDBMS: Scaling down database techniques for the smartcard,"Patrick Valduriez, Philippe Pucheral, Christophe Bobineau, Luc Bouganim",VLDB J.,2001,,"Philippe Pucheral, Luc Bouganim, Patrick Valduriez, Christophe Bobineau",The VLDB Journal &mdash; The International Journal on Very Large Data Bases ,2001
Range Queries in OLAP Data Cubes,"Ching-Tien Ho, Rakesh Agrawal, Nimrod Megiddo, Ramakrishnan Srikant",SIGMOD Conference,1997,Range queries in OLAP data cubes,"Ching-Tien Ho, Rakesh Agrawal, Nimrod Megiddo, Ramakrishnan Srikant",International Conference on Management of Data,1997
An Open Storage System for Abstract Objects,"Lukas Relly, Stephen Blott, Hans-Jörg Schek",SIGMOD Conference,1996,An open abstract-object storage system,"Stephen Blott, Lukas Relly, Hans-J&#246;rg Schek",International Conference on Management of Data,1996
A Data Model and Data Structures for Moving Objects Databases,"Markus Schneider, Enrico Nardelli, Luca Forlizzi, Ralf Hartmut Güting",SIGMOD Conference,2000,A data model and data structures for moving objects databases,"Luca Forlizzi, Ralf Hartmut G&#252;ting, Enrico Nardelli, Markus Schneider",International Conference on Management of Data,2000
The XXL search engine: ranked retrieval of XML data using indexes and ontologies,"Anja Theobald, Gerhard Weikum",SIGMOD Conference,2002,The XXL search engine: ranked retrieval of XML data using indexes and ontologies,"Anja Theobald, Gerhard Weikum",International Conference on Management of Data,2002
amdb: An Access Method Debugging Tool,"Joseph M. Hellerstein, Mehul A. Shah, Marcel Kornacker",SIGMOD Conference,1998,AMDB: an access method debugging tool,"Marcel Kornacker, Mehul Shah, Joseph M. Hellerstein",International Conference on Management of Data,1998
Aurora: A Data Stream Management System,"Nesime Tatbul, Daniel J. Abadi, C. Erwin, Anurag Maskey, Mitch Cherniack, Alex Rasin, Christian Convey, A. Singer, Eduardo F. Galvez, R. Yan, Ugur Çetintemel, Ying Xing, Stanley B. Zdonik, Michael Stonebraker, Donald Carney, M. Hatoun",SIGMOD Conference,2003,,"D. Abadi, D. Carney, U. &#199;etintemel, M. Cherniack, C. Convey, C. Erwin, E. Galvez, M. Hatoun, A. Maskey, A. Rasin, A. Singer, M. Stonebraker, N. Tatbul, Y. Xing, R. Yan, S. Zdonik",International Conference on Management of Data,2003
WWW-UDK: A Web-based Environmental Meta-Information System,"Rudolf Legat, Arne Koschel, Andree Keitel, Ralf Kramer, Claudia Rolker, Ralf Nikolai, Peter C. Lockemann, Konrad Zirm",SIGMOD Conference,"1,997",,"Ralf Kramer, Ralf Nicholai, Arne Koschel, Claudia Rolker, Peter Lockemann, Andree Keitel, Rudolf Legat, Konrad Tirm",ACM SIGMOD Record ,1997
Operating System Extensions for the Teradata Parallel VLDB,"Sorana Rabinovici, John Catozzi",VLDB,2001,Operating System Extensions for the Teradata Parallel VLDB,"John Catozzi, Sorana Rabinovici",Very Large Data Bases,2001
Approximate Computation of Multidimensional Aggregates of Sparse Data Using Wavelets,"Min Wang, Jeffrey Scott Vitter",SIGMOD Conference,1999,Approximate computation of multidimensional aggregates of sparse data using wavelets,"Jeffrey Scott Vitter, Min Wang",International Conference on Management of Data,1999
An Introduction to Spatial Database Systems,Ralf Hartmut Güting,VLDB J.,1994,An introduction to spatial database systems,Ralf Hartmut G&#252;ting,The VLDB Journal &mdash; The International Journal on Very Large Data Bases ,1994
How System 11 SQL Server Became Fast,T. K. Rengarajan,VLDB,1996,How System 11 SQL Server Became Fast,T. K. Rengarajan,Very Large Data Bases,1996
Deadlock Detection in Distributed Database Systems: A New Algorithm and a Comparative Performance Analysis,"Alfons Kemper, Ehud Gudes, Natalija Krivokapic",VLDB J.,1999,Deadlock detection in distributed database systems: a new algorithm and a comparative performance analysis,"Natalija Krivokapi&#263;, Alfons Kemper, Ehud Gudes",The VLDB Journal &mdash; The International Journal on Very Large Data Bases ,1999
Relational data sharing in peer-based data management systems,"Beng Chin Ooi, Yanfeng Shu, Kian-Lee Tan",SIGMOD Conference,2003,Relational data sharing in peer-based data management systems,"Beng Chin Ooi, Yanfeng Shu, Kian-Lee Tan",ACM SIGMOD Record ,2003
Your Mediators Need Data Conversion!,"Sophie Cluet, Katarzyna Smaga, Jérôme Siméon, Claude Delobel",SIGMOD Conference,1998,Your mediators need data conversion!,"Sophie Cluet, Claude Delobel, J&#233;r&#466;me Sim&#233;on, Katarzyna Smaga",International Conference on Management of Data,1998
Efficient similarity search for market basket data,"Alexandros Nanopoulos, Yannis Manolopoulos",VLDB J.,2002,Efficient similarity search for market basket data,"Alexandros Nanopoulos, Yannis Manolopoulos",Very Large Data Bases,2002
Real Business Processing Meets the Web,James Chong,SIGMOD Conference,1998,,James Chong,International Conference on Management of Data,1998
A Database Approach to Quality of Service Specification in Video Databases,"Mohand-Said Hacid, Elisa Bertino, Ahmed K. Elmagarmid",SIGMOD Record,2003,A database approach to quality of service specification in video databases,"Elisa Bertino, Ahmed K. Elmagarmid, Mohand-Sa&#239;d Hacid",ACM SIGMOD Record ,2003
Type-Checking OQL Queries In the ODMG Type Systems,Suad Alagic,ACM Trans. Database Syst.,1999,Type-checking OQL queries in the ODMG type systems,Suad Alag&#237;c,ACM Transactions on Database Systems (TODS) ,1999
