id,source,sched_dep_time,sched_arr_time
1,ua,2:55 PM,4:53 PM
2,airtravelcenter,,
3,myrateplan,,
4,helloflight,,
5,flytecomm,,
6,flights,,
7,businesstravellogue,,
8,flylouisville,,
9,flightstats,2:55 PM,4:53 PM
10,quicktrip,2:55 PM,4:53 PM
11,flightview,,
12,panynj,,
13,gofox,,
14,foxbusiness,,
15,allegiantair,,
16,boston,,
17,travelocity,2:55 PM,4:53 PM
18,orbitz,2:55 PM,4:53 PM
19,weather,2:55 PM,4:53 PM
20,usatoday,,
21,ua,8:41 AM,9:54 AM
22,flightexplorer,,
23,airtravelcenter,,
24,myrateplan,,
25,helloflight,,
26,flytecomm,,
27,flightaware,8:41 AM,9:34 AM
28,wunderground,8:41 AM,9:34 AM
29,flights,,
30,businesstravellogue,,
31,flylouisville,,
32,flightstats,8:41 AM,9:54 AM
33,quicktrip,8:41 AM,9:54 AM
34,flightview,,
35,panynj,,
36,gofox,,
37,foxbusiness,,
38,allegiantair,,
39,boston,,
40,travelocity,,
41,orbitz,8:41 AM,9:54 AM
42,weather,8:41 AM,9:54 AM
43,ifly,8:41 AM,9:54 AM
44,usatoday,8:41 AM,9:54 AM
45,mytripandmore,8:41 AM,9:54 AM
46,flightwise,8:41 AM,9:34 AM
47,flightarrival,8:41 AM,9:54 AM
48,aa,1:30 PM,3:50 PM
49,flightexplorer,1:30 PM,3:50 PM
50,airtravelcenter,,
51,myrateplan,,
52,helloflight,,
53,flytecomm,,
54,flightaware,1:30 PM,3:30 PM
55,wunderground,1:30 PM,3:50 PM
56,flights,1:30 PM,3:50 PM
57,businesstravellogue,1:30 PM,3:50 PM
58,flylouisville,1:30 PM,3:50 PM
59,world-flight-tracker,1:30 PM,3:50 PM
60,flightview,1:30 PM,3:50 PM
61,panynj,1:30 PM,3:50 PM
62,gofox,1:30 PM,3:50 PM
63,foxbusiness,1:30 PM,3:50 PM
64,allegiantair,1:30 PM,3:50 PM
65,boston,1:30 PM,3:50 PM
66,travelocity,1:30 PM,3:50 PM
67,orbitz,1:30 PM,3:50 PM
68,weather,1:30 PM,3:50 PM
69,mytripandmore,1:30 PM,3:50 PM
70,ua,12:30 PM,3:19 PM
71,ua,12:30 PM,3:19 PM
72,flightexplorer,,
73,flightexplorer,,
74,airtravelcenter,,
75,airtravelcenter,,
76,myrateplan,,
77,myrateplan,,
78,helloflight,,
79,helloflight,,
80,flytecomm,,
81,flytecomm,,
82,flightaware,12:30 PM,2:48 PM
83,flightaware,12:30 PM,2:48 PM
84,wunderground,12:30 PM,2:48 PM
85,wunderground,12:30 PM,2:48 PM
86,flights,,
87,flights,,
88,businesstravellogue,,
89,businesstravellogue,,
90,flylouisville,,
91,flylouisville,,
92,flightstats,12:30 PM,3:19 PM
93,quicktrip,12:30 PM,3:19 PM
94,flightview,,
95,flightview,,
96,panynj,,
97,panynj,,
98,gofox,,
99,gofox,,
100,foxbusiness,,
101,foxbusiness,,
102,allegiantair,,
103,allegiantair,,
104,boston,,
105,boston,,
106,orbitz,12:30 PM,3:19 PM
107,orbitz,12:30 PM,3:03 PM
108,iad,12:30 PM,
109,usatoday,,
110,mytripandmore,12:30 PM,3:03 PM
111,flightarrival,,
112,aa,8:20 PM,9:20 PM
113,airtravelcenter,,
114,myrateplan,,
115,helloflight,,
116,flytecomm,,
117,flightaware,8:20 PM,9:10 PM
118,wunderground,8:20 PM,9:10 PM
119,flights,,
120,businesstravellogue,,
121,flylouisville,,
122,flightstats,8:20 PM,9:20 PM
123,quicktrip,8:20 PM,9:20 PM
124,flightview,,
125,panynj,,
126,gofox,,
127,foxbusiness,,
128,allegiantair,,
129,boston,,
130,travelocity,8:20 PM,9:20 PM
131,orbitz,8:20 PM,9:18 PM
132,weather,8:20 PM,9:20 PM
133,ifly,8:20 PM,9:20 PM
134,mytripandmore,8:20 PM,9:18 PM
135,flightarrival,8:20 PM,9:20 PM
136,aa,7:10 AM,3:30 PM
137,flightexplorer,,
138,airtravelcenter,,
139,myrateplan,,
140,helloflight,,
141,flytecomm,,
142,flightaware,7:10 AM,2:52 PM
143,wunderground,7:10 AM,2:52 PM
144,flights,7:10 AM,3:30 PM
145,businesstravellogue,7:10 AM,3:30 PM
146,flylouisville,7:10 AM,3:30 PM
147,flightstats,7:10 AM,3:30 PM
148,quicktrip,7:10 AM,3:30 PM
149,world-flight-tracker,7:10 AM,3:30 PM
150,flightview,7:10 AM,3:30 PM
151,panynj,7:10 AM,3:30 PM
152,gofox,7:10 AM,3:30 PM
153,foxbusiness,7:10 AM,3:30 PM
154,allegiantair,7:10 AM,3:30 PM
155,boston,7:10 AM,3:30 PM
156,travelocity,7:10 AM,3:30 PM
157,orbitz,7:10 AM,3:30 PM
158,weather,7:10 AM,3:30 PM
159,flightarrival,7:10 AM,3:30 PM
160,aa,7:00 AM,9:55 AM
161,flightexplorer,,
162,airtravelcenter,,
163,myrateplan,,
164,helloflight,,
165,flytecomm,,
166,flightaware,7:00 AM,9:45 AM
167,wunderground,7:00 AM,9:45 AM
168,flights,7:00 AM,9:55 AM
169,businesstravellogue,7:00 AM,9:55 AM
170,flylouisville,7:00 AM,9:55 AM
171,flightstats,7:00 AM,9:55 AM
172,quicktrip,7:00 AM,9:55 AM
173,world-flight-tracker,7:00 AM,9:55 AM
174,flightview,7:00 AM,9:55 AM
175,panynj,7:00 AM,9:55 AM
176,gofox,7:00 AM,9:55 AM
177,foxbusiness,7:00 AM,9:55 AM
178,allegiantair,7:00 AM,9:55 AM
179,boston,7:00 AM,9:55 AM
180,travelocity,7:00 AM,9:55 AM
181,orbitz,7:00 AM,9:55 AM
182,weather,7:00 AM,9:55 AM
183,ifly,7:00 AM,9:55 AM
184,usatoday,7:00 AM,9:55 AM
185,mytripandmore,7:00 AM,9:55 AM
186,flightarrival,7:00 AM,9:55 AM
187,aa,6:00 AM,7:30 AM
188,flightexplorer,,
189,airtravelcenter,,
190,myrateplan,,
191,helloflight,,
192,flytecomm,,
193,flightaware,6:00 AM,6:50 AM
194,wunderground,6:00 AM,6:50 AM
195,flights,6:00 AM,7:30 AM
196,businesstravellogue,6:00 AM,7:30 AM
197,flylouisville,6:00 AM,7:30 AM
198,flightstats,6:00 AM,7:30 AM
199,quicktrip,6:00 AM,7:30 AM
200,world-flight-tracker,6:00 AM,7:30 AM
201,flightview,6:00 AM,7:30 AM
202,panynj,6:00 AM,7:30 AM
203,gofox,6:00 AM,7:30 AM
204,foxbusiness,6:00 AM,7:30 AM
205,allegiantair,6:00 AM,7:30 AM
206,boston,6:00 AM,7:30 AM
207,travelocity,6:00 AM,7:30 AM
208,orbitz,6:00 AM,7:30 AM
209,weather,6:00 AM,7:30 AM
210,ord,6:00 AM,7:30 AM
211,ifly,6:00 AM,7:30 AM
212,mytripandmore,6:00 AM,7:30 AM
213,flightwise,6:00 AM,6:50 AM
214,aa,6:40 AM,9:25 AM
215,airtravelcenter,,
216,myrateplan,,
217,helloflight,,
218,flytecomm,,
219,flightaware,6:40 AM,8:54 AM
220,wunderground,6:40 AM,8:54 AM
221,flights,6:40 AM,9:25 AM
222,businesstravellogue,6:40 AM,9:25 AM
223,flylouisville,6:40 AM,9:25 AM
224,flightstats,6:40 AM,9:25 AM
225,quicktrip,6:40 AM,9:25 AM
226,world-flight-tracker,6:40 AM,9:25 AM
227,flightview,6:40 AM,9:25 AM
228,panynj,6:40 AM,9:25 AM
229,gofox,6:40 AM,9:25 AM
230,foxbusiness,6:40 AM,9:25 AM
231,allegiantair,6:40 AM,9:25 AM
232,boston,6:40 AM,9:25 AM
233,travelocity,6:40 AM,9:25 AM
234,orbitz,6:40 AM,9:25 AM
235,weather,6:40 AM,9:25 AM
236,usatoday,6:40 AM,9:25 AM
237,aa,4:55 PM,8:05 AM
238,flightexplorer,,
239,airtravelcenter,,
240,myrateplan,,
241,helloflight,,
242,flytecomm,,
243,flightaware,4:55 PM,7:38 PM
244,wunderground,4:55 PM,7:38 PM
245,flights,,
246,businesstravellogue,,
247,flylouisville,,
248,flightstats,4:55 PM,8:05 PM
249,quicktrip,4:55 PM,8:05 PM
250,flightview,,
251,panynj,,
252,gofox,,
253,foxbusiness,,
254,allegiantair,,
255,boston,,
256,orbitz,4:55 PM,8:05 PM
257,mytripandmore,4:55 PM,8:05 PM
258,ua,8:55 AM,11:45 AM
259,airtravelcenter,8:55 AM,11:45 AM
260,myrateplan,8:55 AM,11:45 AM
261,helloflight,8:55 AM,11:45 AM
262,flytecomm,8:55 AM,11:45 AM
263,flights,,
264,businesstravellogue,,
265,flylouisville,,
266,flightview,,
267,panynj,,
268,gofox,,
269,foxbusiness,,
270,allegiantair,,
271,boston,,
272,orbitz,8:55 AM,12:05 PM
273,usatoday,,
274,flightarrival,,
275,aa,6:30 PM,7:25 PM
276,flightexplorer,6:30 PM,7:25 PM
277,airtravelcenter,6:30 PM,
278,myrateplan,,
279,helloflight,,
280,flytecomm,,
281,flightaware,6:30 PM,7:08 PM
282,wunderground,6:30 PM,7:08 PM
283,flights,6:30 PM,7:25 PM
284,businesstravellogue,6:30 PM,7:25 PM
285,flylouisville,6:30 PM,7:25 PM
286,flightstats,6:30 PM,7:25 PM
287,quicktrip,6:30 PM,7:25 PM
288,world-flight-tracker,6:30 PM,7:25 PM
289,flightview,6:30 PM,7:25 PM
290,panynj,6:30 PM,7:25 PM
291,gofox,6:30 PM,7:25 PM
292,foxbusiness,6:30 PM,7:25 PM
293,allegiantair,6:30 PM,7:25 PM
294,boston,6:30 PM,7:25 PM
295,travelocity,6:30 PM,7:25 PM
296,orbitz,6:30 PM,7:25 PM
297,weather,6:30 PM,7:25 PM
298,mco,,7:25 PM
299,usatoday,6:30 PM,7:25 PM
300,mytripandmore,6:30 PM,7:25 PM
301,flightwise,6:30 PM,7:08 PM
302,flightarrival,6:30 PM,7:25 PM
303,ua,9:05 AM,11:53 AM
304,airtravelcenter,9:05 AM,11:53 AM
305,myrateplan,9:05 AM,11:53 AM
306,helloflight,9:05 AM,11:53 AM
307,flytecomm,9:05 AM,11:53 AM
308,flights,,
309,businesstravellogue,,
310,flylouisville,,
311,flightview,,
312,panynj,,
313,gofox,,
314,foxbusiness,,
315,allegiantair,,
316,boston,,
317,travelocity,9:05 AM,11:53 AM
318,orbitz,9:05 AM,11:53 AM
319,weather,9:05 AM,11:53 AM
320,usatoday,9:05 AM,11:53 AM
321,mytripandmore,9:05 AM,11:53 AM
322,flightarrival,9:05 AM,11:53 AM
323,ua,11:05 AM,4:57 PM
324,airtravelcenter,,
325,myrateplan,,
326,helloflight,,
327,flytecomm,,
328,flightaware,11:05 AM,4:37 PM
329,wunderground,11:05 AM,4:37 PM
330,flights,11:05 AM,4:57 PM
331,businesstravellogue,11:05 AM,4:57 PM
332,flylouisville,11:05 AM,4:57 PM
333,flightstats,11:05 AM,4:57 PM
334,quicktrip,11:05 AM,4:57 PM
335,world-flight-tracker,11:05 AM,4:57 PM
336,flightview,11:05 AM,4:57 PM
337,panynj,11:05 AM,4:57 PM
338,gofox,11:05 AM,4:57 PM
339,foxbusiness,11:05 AM,4:57 PM
340,allegiantair,11:05 AM,4:57 PM
341,boston,11:05 AM,4:57 PM
342,travelocity,11:05 AM,4:57 PM
343,orbitz,11:05 AM,4:57 PM
344,weather,11:05 AM,4:57 PM
345,usatoday,11:05 AM,4:57 PM
346,mytripandmore,11:05 AM,4:57 PM
347,flightwise,11:05 AM,4:37 PM
348,ua,11:55 AM,6:17 PM
349,airtravelcenter,,
350,myrateplan,,
351,helloflight,,
352,flytecomm,,
353,flightaware,11:55 AM,6:07 PM
354,wunderground,11:55 AM,6:07 PM
355,flights,11:55 AM,6:17 PM
356,businesstravellogue,11:55 AM,6:17 PM
357,flylouisville,11:55 AM,6:17 PM
358,flightstats,11:55 AM,6:17 PM
359,quicktrip,11:55 AM,6:17 PM
360,world-flight-tracker,11:55 AM,6:17 PM
361,flightview,11:55 AM,6:17 PM
362,panynj,11:55 AM,6:17 PM
363,gofox,11:55 AM,6:17 PM
364,foxbusiness,11:55 AM,6:17 PM
365,allegiantair,11:55 AM,6:17 PM
366,boston,11:55 AM,6:17 PM
367,travelocity,11:55 AM,6:17 PM
368,orbitz,11:55 AM,6:17 PM
369,weather,11:55 AM,6:17 PM
370,ifly,11:55 AM,6:17 PM
371,aa,11:25 AM,5:25 PM
372,flightexplorer,,
373,airtravelcenter,,
374,myrateplan,,
375,helloflight,,
376,flytecomm,,
377,flights,,
378,businesstravellogue,,
379,flylouisville,,
380,flightview,,
381,panynj,,
382,gofox,,
383,foxbusiness,,
384,allegiantair,,
385,boston,,
386,travelocity,11:25 AM,5:25 PM
387,orbitz,11:25 AM,5:25 PM
388,weather,11:25 AM,5:25 PM
389,ord,11:25 AM,5:25 PM
390,usatoday,11:25 AM,5:25 PM
391,mytripandmore,11:25 AM,5:25 PM
392,flightarrival,11:25 AM,5:25 PM
393,CO,11:40 AM,1:17 PM
394,flightexplorer,,
395,airtravelcenter,11:40 AM,1:17 PM
396,myrateplan,11:40 AM,1:17 PM
397,helloflight,11:40 AM,1:17 PM
398,flytecomm,11:40 AM,1:17 PM
399,flightaware,11:40 AM,12:51 PM
400,wunderground,11:40 AM,12:51 PM
401,flights,,
402,businesstravellogue,,
403,flylouisville,,
404,flightstats,11:40 AM,1:17 PM
405,quicktrip,11:40 AM,1:17 PM
406,flightview,,
407,panynj,,
408,gofox,,
409,foxbusiness,,
410,allegiantair,,
411,boston,,
412,orbitz,11:40 AM,1:17 PM
413,den,,1:17 PM
414,mytripandmore,11:40 AM,1:17 PM
415,ua,12:00 AM,1:45 PM
416,airtravelcenter,,
417,myrateplan,,
418,helloflight,,
419,flytecomm,,
420,flightaware,12:00 PM,1:35 PM
421,wunderground,12:00 PM,1:35 PM
422,flights,12:00 PM,1:45 PM
423,businesstravellogue,12:00 PM,1:45 PM
424,flylouisville,12:00 PM,1:45 PM
425,flightstats,12:00 PM,1:45 PM
426,quicktrip,12:00 PM,1:45 PM
427,world-flight-tracker,12:00 PM,1:45 PM
428,flightview,12:00 PM,1:45 PM
429,panynj,12:00 PM,1:45 PM
430,gofox,12:00 PM,1:45 PM
431,foxbusiness,12:00 PM,1:45 PM
432,allegiantair,12:00 PM,1:45 PM
433,boston,12:00 PM,1:45 PM
434,travelocity,12:00 PM,1:45 PM
435,orbitz,12:00 PM,1:45 PM
436,weather,12:00 PM,1:45 PM
437,usatoday,12:00 PM,1:45 PM
438,mytripandmore,12:00 PM,1:45 PM
439,ua,"Thu, Dec 1 10:39 AM",11:19 AM
440,flightexplorer,,
441,airtravelcenter,,
442,myrateplan,,
443,helloflight,,
444,flytecomm,,
445,flights,,
446,businesstravellogue,,
447,flylouisville,,
448,flightview,,
449,panynj,,
450,gofox,,
451,foxbusiness,,
452,allegiantair,,
453,boston,,
454,orbitz,10:39 AM,11:19 AM
455,weather,10:39 AM,11:19 AM
456,mytripandmore,10:39 AM,11:19 AM
457,CO,12:30 AM,5:35 PM
458,flightexplorer,,
459,airtravelcenter,12:30 AM,5:35 PM
460,myrateplan,12:30 AM,5:35 PM
461,helloflight,12:30 AM,5:35 PM
462,flytecomm,12:30 AM,5:35 PM
463,flights,12:30 AM,
464,businesstravellogue,,
465,flylouisville,,
466,flightstats,12:30 AM,5:35 PM
467,quicktrip,12:30 AM,5:35 PM
468,flightview,,
469,panynj,,
470,gofox,,
471,foxbusiness,,
472,allegiantair,,
473,boston,,
474,orbitz,12:30 AM,5:35 PM
475,weather,12:30 AM,5:35 PM
476,ifly,12:30 AM,5:35 PM
477,mytripandmore,12:30 AM,5:35 PM
478,flightarrival,12:30 AM,5:35 PM
479,aa,1:00 PM,2:35 PM
480,flightexplorer,,
481,airtravelcenter,,
482,myrateplan,,
483,helloflight,,
484,flytecomm,,
485,flightaware,1:00 PM,2:14 PM
486,wunderground,1:00 PM,2:14 PM
487,flights,1:00 PM,2:35 PM
488,businesstravellogue,1:00 PM,2:35 PM
489,flylouisville,1:00 PM,2:35 PM
490,flightstats,1:00 PM,2:35 PM
491,quicktrip,1:00 PM,2:35 PM
492,world-flight-tracker,1:00 PM,2:35 PM
493,flightview,1:00 PM,2:35 PM
494,panynj,1:00 PM,2:35 PM
495,gofox,1:00 PM,2:35 PM
496,foxbusiness,1:00 PM,2:35 PM
497,allegiantair,1:00 PM,2:35 PM
498,boston,1:00 PM,2:35 PM
499,travelocity,1:00 PM,2:35 PM
500,orbitz,1:00 PM,2:35 PM
501,weather,1:00 PM,2:35 PM
502,dfw,1:00 PM,
503,flightarrival,1:00 PM,2:35 PM
504,aa,6:00 AM,9:20 AM
505,flightexplorer,,
506,airtravelcenter,,
507,myrateplan,,
508,helloflight,,
509,flytecomm,,
510,flightaware,6:00 AM,8:51 AM
511,wunderground,6:00 AM,8:51 AM
512,flights,6:00 AM,9:20 AM
513,businesstravellogue,6:00 AM,9:20 AM
514,flylouisville,6:00 AM,9:20 AM
515,flightstats,6:00 AM,9:20 AM
516,quicktrip,6:00 AM,9:20 AM
517,world-flight-tracker,6:00 AM,9:20 AM
518,flightview,6:00 AM,9:20 AM
519,panynj,6:00 AM,9:20 AM
520,gofox,6:00 AM,9:20 AM
521,foxbusiness,6:00 AM,9:20 AM
522,allegiantair,6:00 AM,9:20 AM
523,boston,6:00 AM,9:20 AM
524,travelocity,6:00 AM,9:20 AM
525,orbitz,6:00 AM,9:20 AM
526,weather,6:00 AM,9:20 AM
527,mia,,9:20 AM
528,usatoday,6:00 AM,9:20 AM
529,mytripandmore,6:00 AM,9:20 AM
530,flightarrival,6:00 AM,9:20 AM
531,ua,3:50 PM,6:23 PM
532,airtravelcenter,,
533,myrateplan,,
534,helloflight,,
535,flytecomm,,
536,flightaware,3:50 PM,6:00 PM
537,wunderground,3:50 PM,6:00 PM
538,flights,3:50 PM,6:23 PM
539,businesstravellogue,3:50 PM,6:23 PM
540,flylouisville,3:50 PM,6:23 PM
541,flightstats,3:50 PM,6:23 PM
542,quicktrip,3:50 PM,6:23 PM
543,world-flight-tracker,3:50 PM,6:23 PM
544,flightview,3:50 PM,6:23 PM
545,panynj,3:50 PM,6:23 PM
546,gofox,3:50 PM,6:23 PM
547,foxbusiness,3:50 PM,6:23 PM
548,allegiantair,3:50 PM,6:23 PM
549,boston,3:50 PM,6:23 PM
550,travelocity,3:50 PM,6:23 PM
551,orbitz,3:50 PM,6:23 PM
552,weather,3:50 PM,6:23 PM
553,ifly,3:50 PM,6:23 PM
554,flightarrival,3:50 PM,6:23 PM
555,ua,3:27 PM,5:05 PM
556,airtravelcenter,,
557,myrateplan,,
558,helloflight,,
559,flytecomm,,
560,flights,3:27 PM,5:05 PM
561,businesstravellogue,3:27 PM,5:05 PM
562,flylouisville,3:27 PM,5:05 PM
563,flightstats,3:27 PM,5:05 PM
564,quicktrip,3:27 PM,5:05 PM
565,world-flight-tracker,3:27 PM,5:05 PM
566,flightview,3:27 PM,5:05 PM
567,panynj,3:27 PM,5:05 PM
568,gofox,3:27 PM,5:05 PM
569,foxbusiness,3:27 PM,5:05 PM
570,allegiantair,3:27 PM,5:05 PM
571,boston,3:27 PM,5:05 PM
572,travelocity,3:27 PM,5:05 PM
573,orbitz,3:27 PM,5:05 PM
574,weather,3:27 PM,5:05 PM
575,mytripandmore,3:27 PM,5:05 PM
576,ua,7:05 AM,10:31 AM
577,airtravelcenter,,
578,myrateplan,,
579,helloflight,,
580,flytecomm,,
581,flights,,
582,businesstravellogue,,
583,flylouisville,,
584,flightstats,7:05 AM,10:31 AM
585,quicktrip,7:05 AM,10:31 AM
586,flightview,,
587,panynj,,
588,gofox,,
589,foxbusiness,,
590,allegiantair,,
591,boston,,
592,travelocity,7:05 AM,10:31 AM
593,orbitz,7:05 AM,10:31 AM
594,weather,7:05 AM,10:31 AM
595,mytripandmore,7:05 AM,10:31 AM
596,flightarrival,,
597,aa,1:05 PM,2:35 PM
598,flightexplorer,,
599,airtravelcenter,,
600,myrateplan,,
601,helloflight,,
602,flytecomm,,
603,flightaware,1:05 PM,2:17 PM
604,wunderground,1:05 PM,2:17 PM
605,flights,1:05 PM,2:35 PM
606,businesstravellogue,1:05 PM,2:35 PM
607,flylouisville,1:05 PM,2:35 PM
608,flightstats,1:05 PM,2:35 PM
609,quicktrip,1:05 PM,2:35 PM
610,world-flight-tracker,1:05 PM,2:35 PM
611,flightview,1:05 PM,2:35 PM
612,panynj,1:05 PM,2:35 PM
613,gofox,1:05 PM,2:35 PM
614,foxbusiness,1:05 PM,2:35 PM
615,allegiantair,1:05 PM,2:35 PM
616,boston,1:05 PM,2:35 PM
617,travelocity,1:05 PM,2:35 PM
618,orbitz,1:05 PM,2:35 PM
619,weather,1:05 PM,2:35 PM
620,den,,2:35 PM
621,ord,1:05 PM,2:35 PM
622,ifly,1:05 PM,2:35 PM
623,usatoday,1:05 PM,2:35 PM
624,flightwise,1:05 PM,2:17 PM
625,ua,2:30 PM,7:03 PM
626,airtravelcenter,2:30 PM,7:03 PM
627,myrateplan,2:30 PM,7:03 PM
628,helloflight,2:30 PM,7:03 PM
629,flytecomm,2:30 PM,7:03 PM
630,flights,,
631,businesstravellogue,,
632,flylouisville,,
633,flightstats,2:30 PM,7:03 PM
634,quicktrip,2:30 PM,7:03 PM
635,flightview,,
636,panynj,,
637,gofox,,
638,foxbusiness,,
639,allegiantair,,
640,boston,,
641,travelocity,2:30 PM,7:03 PM
642,orbitz,2:30 PM,7:03 PM
643,weather,2:30 PM,7:03 PM
644,ifly,2:30 PM,7:03 PM
645,CO,5:30 PM,6:40 PM
646,flightexplorer,5:30 PM,6:17 PM
647,flightexplorer,5:30 PM,6:40 PM
648,airtravelcenter,,
649,myrateplan,,
650,helloflight,,
651,flytecomm,,
652,flightaware,5:30 PM,6:15 PM
653,wunderground,5:30 PM,6:15 PM
654,flights,5:30 PM,6:40 PM
655,flights,5:30 PM,6:40 PM
656,businesstravellogue,5:30 PM,6:40 PM
657,businesstravellogue,5:30 PM,6:40 PM
658,flylouisville,5:30 PM,6:40 PM
659,flylouisville,5:30 PM,6:40 PM
660,flightstats,5:30 PM,6:40 PM
661,quicktrip,5:30 PM,6:40 PM
662,flightview,6:00 PM,7:10 PM
663,flightview,5:30 PM,6:40 PM
664,panynj,6:00 PM,7:10 PM
665,panynj,5:30 PM,6:40 PM
666,gofox,6:00 PM,7:10 PM
667,gofox,5:30 PM,6:40 PM
668,foxbusiness,6:00 PM,7:10 PM
669,foxbusiness,5:30 PM,6:40 PM
670,allegiantair,6:00 PM,7:10 PM
671,allegiantair,5:30 PM,6:40 PM
672,boston,5:30 PM,6:40 PM
673,boston,5:30 PM,6:09 PM
674,orbitz,5:30 PM,6:40 PM
675,usatoday,5:30 PM,6:09 PM
676,flightarrival,5:30 PM,6:09 PM
677,ua,12:57 PM,5:15 PM
678,ua,12:57 PM,5:15 PM
679,flightexplorer,,
680,flightexplorer,1:09 PM,4:52 PM
681,airtravelcenter,,
682,airtravelcenter,,
683,myrateplan,,
684,myrateplan,,
685,helloflight,,
686,helloflight,,
687,flytecomm,,
688,flytecomm,,
689,flights,12:57 PM,5:15 PM
690,flights,,
691,businesstravellogue,12:57 PM,5:15 PM
692,businesstravellogue,,
693,flylouisville,12:57 PM,5:15 PM
694,flylouisville,,
695,flightstats,12:57 PM,5:15 PM
696,quicktrip,12:57 PM,5:15 PM
697,flightview,12:57 PM,4:59 PM
698,flightview,,
699,panynj,12:57 PM,4:59 PM
700,panynj,,
701,gofox,12:57 PM,4:59 PM
702,gofox,,
703,foxbusiness,12:57 PM,4:59 PM
704,foxbusiness,,
705,allegiantair,12:57 PM,4:59 PM
706,allegiantair,,
707,boston,,
708,boston,12:57 PM,4:52 PM
709,orbitz,12:57 PM,4:43 PM
710,orbitz,12:57 PM,5:15 PM
711,ord,12:57 PM,5:15 PM
712,usatoday,12:57 PM,4:52 PM
713,aa,10:40 AM,2:45 PM
714,flightexplorer,,
715,airtravelcenter,,
716,myrateplan,,
717,helloflight,,
718,flytecomm,,
719,flightaware,10:40 AM,2:10 PM
720,wunderground,10:40 AM,2:10 PM
721,flights,10:40 AM,2:45 PM
722,businesstravellogue,10:40 AM,2:45 PM
723,flylouisville,10:40 AM,2:45 PM
724,flightstats,10:40 AM,2:45 PM
725,quicktrip,10:40 AM,2:45 PM
726,world-flight-tracker,10:40 AM,2:45 PM
727,flightview,10:40 AM,2:45 PM
728,panynj,10:40 AM,2:45 PM
729,gofox,10:40 AM,2:45 PM
730,foxbusiness,10:40 AM,2:45 PM
731,allegiantair,10:40 AM,2:45 PM
732,boston,10:40 AM,2:45 PM
733,travelocity,10:40 AM,2:45 PM
734,orbitz,10:40 AM,2:45 PM
735,weather,10:40 AM,2:45 PM
736,ord,10:40 AM,2:45 PM
737,mia,,2:45 PM
738,ifly,10:40 AM,2:45 PM
739,usatoday,10:40 AM,2:45 PM
740,flightarrival,10:40 AM,2:45 PM
741,CO,2:30 PM,7:03 PM
742,airtravelcenter,2:30 PM,7:03 PM
743,myrateplan,2:30 PM,7:03 PM
744,helloflight,2:30 PM,7:03 PM
745,flytecomm,2:30 PM,7:03 PM
746,flights,,
747,businesstravellogue,,
748,flylouisville,,
749,flightstats,2:30 PM,7:03 PM
750,quicktrip,2:30 PM,7:03 PM
751,flightview,,
752,panynj,,
753,gofox,,
754,foxbusiness,,
755,allegiantair,,
756,boston,,
757,travelocity,2:30 PM,7:03 PM
758,orbitz,2:30 PM,7:03 PM
759,weather,2:30 PM,7:03 PM
760,mytripandmore,2:30 PM,7:03 PM
761,flightarrival,2:30 PM,7:03 PM
762,aa,7:10 AM,10:45 AM
763,flightexplorer,,
764,airtravelcenter,,
765,myrateplan,,
766,helloflight,,
767,flytecomm,,
768,flightaware,7:10 AM,10:09 AM
769,wunderground,7:10 AM,10:09 AM
770,flights,7:10 AM,10:45 AM
771,businesstravellogue,7:10 AM,10:45 AM
772,flylouisville,7:10 AM,10:45 AM
773,flightstats,7:10 AM,10:45 AM
774,quicktrip,7:10 AM,10:45 AM
775,world-flight-tracker,7:10 AM,10:45 AM
776,flightview,7:10 AM,10:45 AM
777,panynj,7:10 AM,10:45 AM
778,gofox,7:10 AM,10:45 AM
779,foxbusiness,7:10 AM,10:45 AM
780,allegiantair,7:10 AM,10:45 AM
781,boston,7:10 AM,10:45 AM
782,travelocity,7:10 AM,10:45 AM
783,orbitz,7:10 AM,10:45 AM
784,weather,7:10 AM,10:45 AM
785,sfo,,10:45 AM
786,ifly,7:10 AM,10:45 AM
787,usatoday,7:10 AM,10:45 AM
788,mytripandmore,7:10 AM,10:45 AM
789,flightwise,7:10 AM,10:09 AM
790,flightarrival,7:10 AM,10:45 AM
791,CO,2:55 PM,4:49 PM
792,airtravelcenter,2:55 PM,4:49 PM
793,myrateplan,2:55 PM,4:49 PM
794,helloflight,2:55 PM,4:49 PM
795,flytecomm,2:55 PM,4:49 PM
796,flights,,
797,businesstravellogue,,
798,flylouisville,,
799,flightstats,2:55 PM,4:49 PM
800,quicktrip,2:55 PM,4:49 PM
801,flightview,,
802,panynj,,
803,gofox,,
804,foxbusiness,,
805,allegiantair,,
806,boston,,
807,travelocity,2:55 PM,4:49 PM
808,orbitz,2:55 PM,4:49 PM
809,weather,2:55 PM,4:49 PM
810,mytripandmore,2:55 PM,4:49 PM
811,flightarrival,,
812,aa,9:00 PM,12:15 AM
813,flightexplorer,,
814,flightexplorer,9:00 PM,12:15 AM
815,airtravelcenter,,
816,myrateplan,,
817,helloflight,,
818,flytecomm,,
819,flightaware,9:00 PM,12:05 AM
820,wunderground,9:00 PM,12:05 AM
821,flights,9:00 PM,12:15 AM
822,businesstravellogue,9:00 PM,12:15 AM
823,flylouisville,9:00 PM,12:15 AM
824,flightstats,9:00 PM,12:15 AM
825,quicktrip,9:00 PM,12:15 AM
826,world-flight-tracker,9:00 PM,12:15 AM
827,flightview,9:00 PM,12:15 AM
828,panynj,9:00 PM,12:15 AM
829,gofox,9:00 PM,12:15 AM
830,foxbusiness,9:00 PM,12:15 AM
831,allegiantair,9:00 PM,12:15 AM
832,boston,9:00 PM,12:15 AM
833,travelocity,9:00 PM,12:15 AM
834,orbitz,9:00 PM,12:15 AM
835,weather,9:00 PM,12:15 AM
836,den,,12:15 AM
837,ifly,9:00 PM,12:15 AM
838,mytripandmore,9:00 PM,12:15 AM
839,aa,7:55 AM,11:05 AM
840,flightexplorer,,
841,airtravelcenter,,
842,myrateplan,,
843,helloflight,,
844,flytecomm,,
845,flightaware,7:55 AM,10:55 AM
846,wunderground,7:55 AM,10:55 AM
847,flights,7:55 AM,11:05 AM
848,businesstravellogue,7:55 AM,11:05 AM
849,flylouisville,7:55 AM,11:05 AM
850,flightstats,7:55 AM,11:05 AM
851,quicktrip,7:55 AM,11:05 AM
852,world-flight-tracker,7:55 AM,11:05 AM
853,flightview,7:55 AM,11:05 AM
854,panynj,7:55 AM,11:05 AM
855,gofox,7:55 AM,11:05 AM
856,foxbusiness,7:55 AM,11:05 AM
857,allegiantair,7:55 AM,11:05 AM
858,boston,7:55 AM,11:05 AM
859,travelocity,7:55 AM,11:05 AM
860,orbitz,7:55 AM,11:05 AM
861,weather,7:55 AM,11:05 AM
862,usatoday,7:55 AM,11:05 AM
863,flightarrival,7:55 AM,11:05 AM
864,aa,2:35 PM,4:05 PM
865,flightexplorer,,
866,airtravelcenter,,
867,myrateplan,,
868,helloflight,,
869,flytecomm,,
870,flightaware,2:35 PM,3:55 PM
871,wunderground,2:35 PM,3:55 PM
872,flights,2:35 PM,4:05 PM
873,businesstravellogue,2:35 PM,4:05 PM
874,flylouisville,2:35 PM,4:05 PM
875,flightstats,2:35 PM,4:05 PM
876,quicktrip,2:35 PM,4:05 PM
877,world-flight-tracker,2:35 PM,4:05 PM
878,flightview,2:35 PM,4:05 PM
879,panynj,2:35 PM,4:05 PM
880,gofox,2:35 PM,4:05 PM
881,foxbusiness,2:35 PM,4:05 PM
882,allegiantair,2:35 PM,4:05 PM
883,boston,2:35 PM,4:05 PM
884,travelocity,2:35 PM,4:05 PM
885,orbitz,2:35 PM,4:05 PM
886,weather,2:35 PM,4:05 PM
887,ord,2:35 PM,4:05 PM
888,phl,2:35 PM,
889,ifly,2:35 PM,4:05 PM
890,usatoday,2:35 PM,4:05 PM
891,ua,1:33 PM,4:31 PM
892,flightexplorer,,
893,airtravelcenter,,
894,myrateplan,,
895,helloflight,,
896,flytecomm,,
897,flightaware,1:33 PM,4:20 PM
898,wunderground,1:33 PM,4:20 PM
899,flights,1:33 PM,4:31 PM
900,businesstravellogue,1:33 PM,4:31 PM
901,flylouisville,1:33 PM,4:31 PM
902,flightstats,1:33 PM,4:31 PM
903,quicktrip,1:33 PM,4:31 PM
904,world-flight-tracker,1:33 PM,4:31 PM
905,flightview,1:33 PM,4:31 PM
906,panynj,1:33 PM,4:31 PM
907,gofox,1:33 PM,4:31 PM
908,foxbusiness,1:33 PM,4:31 PM
909,allegiantair,1:33 PM,4:31 PM
910,boston,1:33 PM,4:31 PM
911,travelocity,,4:31 PM
912,orbitz,1:33 PM,4:31 PM
913,weather,1:33 PM,4:31 PM
914,ord,1:33 PM,4:31 PM
915,phl,,4:31 PM
916,ifly,1:33 PM,4:31 PM
917,usatoday,1:33 PM,4:31 PM
918,flightwise,1:33 PM,4:20 PM
919,flightarrival,1:33 PM,4:31 PM
920,ua,7:35 AM,9:43 AM
921,flightexplorer,,
922,airtravelcenter,,
923,myrateplan,,
924,helloflight,,
925,flytecomm,,
926,flights,,
927,businesstravellogue,,
928,flylouisville,,
929,flightview,,
930,panynj,,
931,gofox,,
932,foxbusiness,,
933,allegiantair,,
934,boston,,
935,travelocity,,
936,orbitz,7:35 AM,9:43 AM
937,weather,7:35 AM,9:43 AM
938,usatoday,,
939,mytripandmore,,
940,flightarrival,7:35 AM,9:43 AM
941,aa,10:40 AM,12:55 PM
942,flightexplorer,,
943,airtravelcenter,,
944,myrateplan,,
945,helloflight,,
946,flytecomm,,
947,flightaware,10:40 AM,12:45 PM
948,wunderground,10:40 AM,12:45 PM
949,flights,10:40 AM,12:55 PM
950,businesstravellogue,10:40 AM,12:55 PM
951,flylouisville,10:40 AM,12:55 PM
952,flightstats,10:40 AM,12:55 PM
953,quicktrip,10:40 AM,12:55 PM
954,world-flight-tracker,10:40 AM,12:55 PM
955,flightview,10:40 AM,12:55 PM
956,panynj,10:40 AM,12:55 PM
957,gofox,10:40 AM,12:55 PM
958,foxbusiness,10:40 AM,12:55 PM
959,allegiantair,10:40 AM,12:55 PM
960,boston,10:40 AM,12:55 PM
961,travelocity,10:40 AM,12:55 PM
962,orbitz,10:40 AM,12:55 PM
963,weather,10:40 AM,12:55 PM
964,ord,10:40 AM,12:55 PM
965,flightarrival,10:40 AM,12:55 PM
966,ua,8:00 AM,11:55 AM
967,flightexplorer,,
968,airtravelcenter,,
969,myrateplan,,
970,helloflight,,
971,flytecomm,,
972,flights,8:00 AM,11:55 AM
973,businesstravellogue,8:00 AM,11:55 AM
974,flylouisville,8:00 AM,11:55 AM
975,flightstats,8:00 AM,11:55 AM
976,quicktrip,8:00 AM,11:55 AM
977,world-flight-tracker,8:00 AM,11:55 AM
978,flightview,8:00 AM,11:55 AM
979,panynj,8:00 AM,11:55 AM
980,gofox,8:00 AM,11:55 AM
981,foxbusiness,8:00 AM,11:55 AM
982,allegiantair,8:00 AM,11:55 AM
983,boston,8:00 AM,11:55 AM
984,travelocity,,11:55 AM
985,orbitz,8:19 AM,11:55 AM
986,weather,8:00 AM,11:55 AM
987,sfo,,11:55 AM
988,aa,7:15 AM,11:35 AM
989,flightexplorer,,
990,airtravelcenter,,
991,myrateplan,,
992,helloflight,,
993,flytecomm,,
994,flightaware,7:15 AM,10:57 AM
995,wunderground,7:15 AM,10:57 AM
996,flights,7:15 AM,11:35 AM
997,businesstravellogue,7:15 AM,11:35 AM
998,flylouisville,7:15 AM,11:35 AM
999,flightstats,7:15 AM,11:35 AM
1000,quicktrip,7:15 AM,11:35 AM
1001,world-flight-tracker,7:15 AM,11:35 AM
1002,flightview,7:15 AM,11:35 AM
1003,panynj,7:15 AM,11:35 AM
1004,gofox,7:15 AM,11:35 AM
1005,foxbusiness,7:15 AM,11:35 AM
1006,allegiantair,7:15 AM,11:35 AM
1007,boston,7:15 AM,11:35 AM
1008,travelocity,7:15 AM,11:35 AM
1009,orbitz,7:15 AM,11:35 AM
1010,weather,7:15 AM,11:35 AM
1011,ord,7:15 AM,11:35 AM
1012,usatoday,7:15 AM,11:35 AM
1013,flightarrival,7:15 AM,11:35 AM
1014,CO,2:53 PM,4:48 PM
1015,airtravelcenter,2:53 PM,4:48 PM
1016,myrateplan,2:53 PM,4:48 PM
1017,helloflight,2:53 PM,4:48 PM
1018,flytecomm,2:53 PM,4:48 PM
1019,flights,,
1020,businesstravellogue,,
1021,flylouisville,,
1022,flightstats,2:53 PM,4:48 PM
1023,quicktrip,2:53 PM,4:48 PM
1024,flightview,,
1025,panynj,,
1026,gofox,,
1027,foxbusiness,,
1028,allegiantair,,
1029,boston,,
1030,travelocity,2:53 PM,4:48 PM
1031,orbitz,2:53 PM,4:48 PM
1032,weather,2:53 PM,4:48 PM
1033,ifly,2:53 PM,4:48 PM
1034,usatoday,,
1035,mytripandmore,2:53 PM,4:48 PM
1036,aa,,9:45 PM
1037,flightexplorer,,
1038,airtravelcenter,,
1039,myrateplan,,
1040,helloflight,,
1041,flytecomm,,
1042,flightaware,8:00 PM,9:25 PM
1043,wunderground,8:00 PM,9:25 PM
1044,flights,8:00 PM,9:45 PM
1045,businesstravellogue,8:00 PM,9:45 PM
1046,flylouisville,8:00 PM,9:45 PM
1047,flightstats,8:00 PM,9:45 PM
1048,quicktrip,8:00 PM,9:45 PM
1049,world-flight-tracker,8:00 PM,9:45 PM
1050,flightview,8:00 PM,9:45 PM
1051,panynj,8:00 PM,9:45 PM
1052,gofox,8:00 PM,9:45 PM
1053,foxbusiness,8:00 PM,9:45 PM
1054,allegiantair,8:00 PM,9:45 PM
1055,boston,8:00 PM,9:45 PM
1056,travelocity,8:00 PM,9:45 PM
1057,orbitz,8:00 PM,9:45 PM
1058,weather,8:00 PM,9:45 PM
1059,ord,8:00 PM,9:45 PM
1060,mco,8:00 PM,
1061,usatoday,8:00 PM,9:45 PM
1062,mytripandmore,8:00 PM,9:45 PM
1063,flightarrival,8:00 PM,9:45 PM
1064,aa,11:35 AM,2:25 PM
1065,flightexplorer,,
1066,airtravelcenter,,
1067,myrateplan,,
1068,helloflight,,
1069,flytecomm,,
1070,flightaware,11:35 AM,1:57 PM
1071,wunderground,11:35 AM,1:57 PM
1072,flights,11:35 AM,2:25 PM
1073,businesstravellogue,11:35 AM,2:25 PM
1074,flylouisville,11:35 AM,2:25 PM
1075,flightstats,11:35 AM,2:25 PM
1076,quicktrip,11:35 AM,2:25 PM
1077,world-flight-tracker,11:35 AM,2:25 PM
1078,flightview,11:35 AM,2:25 PM
1079,panynj,11:35 AM,2:25 PM
1080,gofox,11:35 AM,2:25 PM
1081,foxbusiness,11:35 AM,2:25 PM
1082,allegiantair,11:35 AM,2:25 PM
1083,boston,11:35 AM,2:25 PM
1084,travelocity,11:35 AM,2:25 PM
1085,orbitz,11:35 AM,2:25 PM
1086,weather,11:35 AM,2:25 PM
1087,mytripandmore,11:35 AM,2:25 PM
1088,flightarrival,11:35 AM,2:25 PM
1089,ua,6:00 AM,7:23 AM
1090,flightexplorer,,
1091,airtravelcenter,,
1092,myrateplan,,
1093,helloflight,,
1094,flytecomm,,
1095,flights,,
1096,businesstravellogue,,
1097,flylouisville,,
1098,flightstats,6:00 AM,7:23 AM
1099,quicktrip,6:00 AM,7:23 AM
1100,flightview,,
1101,panynj,,
1102,gofox,,
1103,foxbusiness,,
1104,allegiantair,,
1105,boston,,
1106,travelocity,,
1107,orbitz,6:13 AM,7:23 AM
1108,orbitz,6:14 AM,7:23 AM
1109,weather,6:00 AM,7:23 AM
1110,sfo,,7:23 AM
1111,usatoday,,
1112,flightarrival,6:00 AM,7:23 AM
1113,CO,7:10 AM,8:56 PM
1114,airtravelcenter,7:10 AM,8:56 PM
1115,myrateplan,7:10 AM,8:56 PM
1116,helloflight,7:10 AM,8:56 PM
1117,flytecomm,7:10 AM,8:56 PM
1118,flightaware,7:27 PM,8:46 PM
1119,wunderground,7:27 PM,8:46 PM
1120,flights,,
1121,businesstravellogue,,
1122,flylouisville,,
1123,flightstats,7:10 PM,8:56 PM
1124,quicktrip,7:10 PM,8:56 PM
1125,flightview,,
1126,panynj,,
1127,gofox,,
1128,foxbusiness,,
1129,allegiantair,,
1130,boston,,
1131,orbitz,7:10 PM,10:48 PM
1132,mytripandmore,7:10 PM,10:48 PM
1133,flightwise,7:27 PM,8:46 PM
1134,ua,8:29 PM,9:24 AM
1135,flightexplorer,,
1136,airtravelcenter,,
1137,myrateplan,,
1138,helloflight,,
1139,flytecomm,,
1140,flights,,
1141,businesstravellogue,,
1142,flylouisville,,
1143,flightstats,8:29 PM,9:24 AM
1144,quicktrip,8:29 PM,9:24 AM
1145,flightview,,
1146,panynj,,
1147,gofox,,
1148,foxbusiness,,
1149,allegiantair,,
1150,boston,,
1151,travelocity,,
1152,weather,8:29 PM,9:24 AM
1153,phl,,9:24 AM
1154,ifly,8:29 PM,9:24 AM
1155,usatoday,8:29 PM,9:24 AM
1156,flightarrival,8:29 PM,9:24 AM
1157,aa,7:25 AM,11:10 AM
1158,flightexplorer,,
1159,airtravelcenter,,
1160,myrateplan,,
1161,helloflight,,
1162,flytecomm,,
1163,flightaware,7:25 AM,10:43 AM
1164,wunderground,7:25 AM,10:43 AM
1165,flights,7:25 AM,11:10 AM
1166,businesstravellogue,7:25 AM,11:10 AM
1167,flylouisville,7:25 AM,11:10 AM
1168,flightstats,7:25 AM,11:10 AM
1169,quicktrip,7:25 AM,11:10 AM
1170,world-flight-tracker,7:25 AM,11:10 AM
1171,flightview,7:25 AM,11:10 AM
1172,panynj,7:25 AM,11:10 AM
1173,gofox,7:25 AM,11:10 AM
1174,foxbusiness,7:25 AM,11:10 AM
1175,allegiantair,7:25 AM,11:10 AM
1176,boston,7:25 AM,11:10 AM
1177,travelocity,7:25 AM,11:10 AM
1178,orbitz,7:25 AM,11:10 AM
1179,weather,7:25 AM,11:10 AM
1180,mia,,11:10 AM
1181,mytripandmore,7:25 AM,11:10 AM
1182,flightwise,7:25 AM,10:43 AM
1183,aa,10:15 AM,12:10 PM
1184,flightexplorer,,
1185,airtravelcenter,,
1186,myrateplan,,
1187,helloflight,,
1188,flytecomm,,
1189,flightaware,10:15 AM,11:43 AM
1190,wunderground,10:15 AM,11:43 AM
1191,flights,10:15 AM,12:10 PM
1192,businesstravellogue,10:15 AM,12:10 PM
1193,flylouisville,10:15 AM,12:10 PM
1194,flightstats,10:15 AM,12:10 PM
1195,quicktrip,10:15 AM,12:10 PM
1196,world-flight-tracker,10:15 AM,12:10 PM
1197,flightview,10:15 AM,12:10 PM
1198,panynj,10:15 AM,12:10 PM
1199,gofox,10:15 AM,12:10 PM
1200,foxbusiness,10:15 AM,12:10 PM
1201,allegiantair,10:15 AM,12:10 PM
1202,boston,10:15 AM,12:10 PM
1203,travelocity,10:15 AM,12:10 PM
1204,orbitz,10:15 AM,12:10 PM
1205,weather,10:15 AM,12:10 PM
1206,usatoday,10:15 AM,12:10 PM
1207,mytripandmore,10:15 AM,12:10 PM
1208,flightarrival,10:15 AM,12:10 PM
1209,CO,10:25 AM,6:44 PM
1210,airtravelcenter,10:25 AM,6:44 PM
1211,myrateplan,10:25 AM,6:44 PM
1212,helloflight,10:25 AM,6:44 PM
1213,flytecomm,10:25 AM,6:44 PM
1214,flights,,
1215,businesstravellogue,,
1216,flylouisville,,
1217,flightstats,10:25 AM,6:44 PM
1218,quicktrip,10:25 AM,6:44 PM
1219,flightview,,
1220,panynj,,
1221,gofox,,
1222,foxbusiness,,
1223,allegiantair,,
1224,boston,,
1225,orbitz,10:25 AM,6:44 PM
1226,weather,10:25 AM,6:44 PM
1227,ifly,10:25 AM,6:44 PM
1228,usatoday,10:25 AM,6:44 PM
1229,flightarrival,10:25 AM,6:44 PM
1230,aa,4:15 PM,7:55 PM
1231,flightexplorer,,
1232,airtravelcenter,,
1233,myrateplan,,
1234,helloflight,,
1235,flytecomm,,
1236,flightaware,4:15 PM,7:26 PM
1237,wunderground,4:15 PM,7:26 PM
1238,flights,4:15 PM,7:55 PM
1239,businesstravellogue,4:15 PM,7:55 PM
1240,flylouisville,4:15 PM,7:55 PM
1241,flightstats,4:15 PM,7:55 PM
1242,quicktrip,4:15 PM,7:55 PM
1243,world-flight-tracker,4:15 PM,7:55 PM
1244,flightview,4:15 PM,7:55 PM
1245,panynj,4:15 PM,7:55 PM
1246,gofox,4:15 PM,7:55 PM
1247,foxbusiness,4:15 PM,7:55 PM
1248,allegiantair,4:15 PM,7:55 PM
1249,boston,4:15 PM,7:55 PM
1250,travelocity,4:15 PM,7:55 PM
1251,orbitz,4:15 PM,7:55 PM
1252,weather,4:15 PM,7:55 PM
1253,dfw,4:15 PM,
1254,mia,,7:55 PM
1255,usatoday,4:15 PM,7:55 PM
1256,CO,7:15 PM,12:21 AM
1257,airtravelcenter,7:15 PM,12:21 AM
1258,myrateplan,7:15 PM,12:21 AM
1259,helloflight,7:15 PM,12:21 AM
1260,flytecomm,7:15 PM,12:21 AM
1261,flightaware,7:15 PM,11:52 PM
1262,wunderground,7:15 PM,11:52 PM
1263,flights,7:15 PM,12:21 AM
1264,businesstravellogue,7:15 PM,12:21 AM
1265,flylouisville,7:15 PM,12:21 AM
1266,flightstats,7:15 PM,12:21 AM
1267,quicktrip,7:15 PM,12:21 AM
1268,world-flight-tracker,7:15 PM,12:21 AM
1269,flightview,7:15 PM,12:21 AM
1270,panynj,7:15 PM,12:21 AM
1271,gofox,7:15 PM,12:21 AM
1272,foxbusiness,7:15 PM,12:21 AM
1273,allegiantair,7:15 PM,12:21 AM
1274,boston,7:15 PM,12:21 AM
1275,travelocity,7:15 PM,12:21 AM
1276,orbitz,7:15 PM,12:21 AM
1277,weather,7:15 PM,12:21 AM
1278,ifly,7:15 PM,12:21 AM
1279,usatoday,7:15 PM,12:21 AM
1280,flightwise,7:15 PM,11:52 PM
1281,flightarrival,7:15 PM,12:21 AM
1282,CO,8:05 AM,11:35 AM
1283,flightexplorer,,
1284,airtravelcenter,8:05 AM,11:35 AM
1285,myrateplan,8:05 AM,11:35 AM
1286,helloflight,8:05 AM,11:35 AM
1287,flytecomm,8:05 AM,11:35 AM
1288,flights,,
1289,businesstravellogue,,
1290,flylouisville,,
1291,flightstats,8:05 AM,11:35 AM
1292,quicktrip,8:05 AM,11:35 AM
1293,flightview,,
1294,panynj,,
1295,gofox,,
1296,foxbusiness,,
1297,allegiantair,,
1298,boston,,
1299,travelocity,8:05 AM,11:35 AM
1300,orbitz,8:05 AM,11:35 AM
1301,weather,8:05 AM,11:35 AM
1302,flightarrival,,
1303,ua,4:00 PM,6:46 PM
1304,airtravelcenter,,
1305,myrateplan,,
1306,helloflight,,
1307,flytecomm,,
1308,flightaware,4:00 PM,6:34 PM
1309,wunderground,4:00 PM,6:34 PM
1310,flights,4:00 PM,6:46 PM
1311,businesstravellogue,4:00 PM,6:46 PM
1312,flylouisville,4:00 PM,6:46 PM
1313,flightstats,4:00 PM,6:46 PM
1314,quicktrip,4:00 PM,6:46 PM
1315,world-flight-tracker,4:00 PM,6:46 PM
1316,flightview,4:00 PM,6:46 PM
1317,panynj,4:00 PM,6:46 PM
1318,gofox,4:00 PM,6:46 PM
1319,foxbusiness,4:00 PM,6:46 PM
1320,allegiantair,4:00 PM,6:46 PM
1321,boston,4:00 PM,6:46 PM
1322,travelocity,4:00 PM,6:46 PM
1323,orbitz,4:00 PM,6:46 PM
1324,weather,4:00 PM,6:46 PM
1325,mytripandmore,4:00 PM,6:46 PM
1326,aa,6:00 AM,6:40 AM
1327,flightexplorer,,
1328,airtravelcenter,,
1329,myrateplan,,
1330,helloflight,,
1331,flytecomm,,
1332,flightaware,6:00 AM,6:30 AM
1333,wunderground,6:00 AM,6:30 AM
1334,flights,6:00 AM,6:40 AM
1335,businesstravellogue,6:00 AM,6:40 AM
1336,flylouisville,6:00 AM,6:40 AM
1337,flightstats,6:00 AM,6:40 AM
1338,quicktrip,6:00 AM,6:40 AM
1339,world-flight-tracker,6:00 AM,6:40 AM
1340,flightview,6:00 AM,6:40 AM
1341,panynj,6:00 AM,6:40 AM
1342,gofox,6:00 AM,6:40 AM
1343,foxbusiness,6:00 AM,6:40 AM
1344,allegiantair,6:00 AM,6:40 AM
1345,boston,6:00 AM,6:40 AM
1346,travelocity,6:00 AM,6:40 AM
1347,orbitz,6:00 AM,6:40 AM
1348,weather,6:00 AM,6:40 AM
1349,ifly,6:00 AM,6:40 AM
1350,usatoday,6:00 AM,6:40 AM
1351,flightwise,6:00 AM,6:30 AM
1352,flightarrival,6:00 AM,6:40 AM
1353,aa,8:25 PM,11:50 PM
1354,flightexplorer,8:25 PM,11:50 PM
1355,airtravelcenter,,
1356,myrateplan,,
1357,helloflight,,
1358,flytecomm,,
1359,flightaware,8:25 PM,11:31 PM
1360,wunderground,8:25 PM,11:31 PM
1361,flights,8:25 PM,11:50 PM
1362,businesstravellogue,8:25 PM,11:50 PM
1363,flylouisville,8:25 PM,11:50 PM
1364,flightstats,8:25 PM,11:50 PM
1365,quicktrip,8:25 PM,11:50 PM
1366,world-flight-tracker,8:25 PM,11:50 PM
1367,flightview,8:25 PM,11:50 PM
1368,panynj,8:25 PM,11:50 PM
1369,gofox,8:25 PM,11:50 PM
1370,foxbusiness,8:25 PM,11:50 PM
1371,allegiantair,8:25 PM,11:50 PM
1372,boston,8:25 PM,11:50 PM
1373,travelocity,8:25 PM,11:50 PM
1374,orbitz,8:25 PM,11:50 PM
1375,weather,8:25 PM,11:50 PM
1376,dfw,8:25 PM,
1377,mytripandmore,8:25 PM,11:50 PM
1378,flightwise,8:25 PM,11:31 PM
1379,flightarrival,8:25 PM,11:50 PM
1380,CO,8:40 AM,10:54 AM
1381,airtravelcenter,8:40 AM,10:54 AM
1382,myrateplan,8:40 AM,10:54 AM
1383,helloflight,8:40 AM,10:54 AM
1384,flytecomm,8:40 AM,10:54 AM
1385,flights,,
1386,businesstravellogue,,
1387,flylouisville,,
1388,flightstats,8:40 AM,10:54 AM
1389,quicktrip,8:40 AM,10:54 AM
1390,flightview,,
1391,panynj,,
1392,gofox,,
1393,foxbusiness,,
1394,allegiantair,,
1395,boston,,
1396,travelocity,8:40 AM,10:54 AM
1397,orbitz,8:40 AM,10:54 AM
1398,weather,8:40 AM,10:54 AM
1399,flightarrival,,
1400,aa,6:59 AM,10:34 AM
1401,flightexplorer,,
1402,airtravelcenter,,
1403,myrateplan,,
1404,helloflight,,
1405,flytecomm,,
1406,flightaware,6:59 AM,9:25 AM
1407,wunderground,6:59 AM,9:25 AM
1408,flights,6:59 AM,10:34 AM
1409,businesstravellogue,6:59 AM,10:34 AM
1410,flylouisville,6:59 AM,10:34 AM
1411,flightstats,6:59 AM,10:34 AM
1412,quicktrip,6:59 AM,10:34 AM
1413,world-flight-tracker,6:59 AM,10:34 AM
1414,flightview,6:59 AM,10:34 AM
1415,panynj,6:59 AM,10:34 AM
1416,gofox,6:59 AM,10:34 AM
1417,foxbusiness,6:59 AM,10:34 AM
1418,allegiantair,6:59 AM,10:34 AM
1419,boston,6:59 AM,10:34 AM
1420,travelocity,6:59 AM,10:34 AM
1421,orbitz,6:59 AM,10:34 AM
1422,weather,6:59 AM,10:34 AM
1423,mia,,10:34 AM
1424,mytripandmore,6:59 AM,10:34 AM
1425,aa,6:59 AM,10:40 AM
1426,airtravelcenter,,
1427,myrateplan,,
1428,helloflight,,
1429,flytecomm,,
1430,flights,,
1431,businesstravellogue,,
1432,flylouisville,,
1433,flightstats,8:35 AM,10:40 AM
1434,quicktrip,8:35 AM,10:40 AM
1435,flightview,,
1436,panynj,,
1437,gofox,,
1438,foxbusiness,,
1439,allegiantair,,
1440,boston,,
1441,travelocity,8:35 AM,10:40 AM
1442,orbitz,8:35 AM,10:40 AM
1443,weather,8:35 AM,10:40 AM
1444,ord,8:35 AM,10:40 AM
1445,ifly,8:35 AM,10:40 AM
1446,mytripandmore,8:35 AM,10:40 AM
1447,CO,6:00 AM,10:20 AM
1448,airtravelcenter,6:00 AM,10:20 AM
1449,myrateplan,6:00 AM,10:20 AM
1450,helloflight,6:00 AM,10:20 AM
1451,flytecomm,6:00 AM,10:20 AM
1452,flights,,
1453,businesstravellogue,,
1454,flylouisville,,
1455,flightstats,6:00 AM,10:20 AM
1456,quicktrip,6:00 AM,10:20 AM
1457,flightview,,
1458,panynj,,
1459,gofox,,
1460,foxbusiness,,
1461,allegiantair,,
1462,boston,,
1463,travelocity,6:00 AM,10:20 AM
1464,orbitz,6:00 AM,10:20 AM
1465,weather,6:00 AM,10:20 AM
1466,ifly,6:00 AM,10:20 AM
1467,aa,3:35 PM,4:00 PM
1468,flightexplorer,,
1469,airtravelcenter,3:35 PM,4:00 PM
1470,myrateplan,3:35 PM,4:00 PM
1471,helloflight,3:35 PM,4:00 PM
1472,flytecomm,3:35 PM,4:00 PM
1473,flightaware,3:35 PM,3:50 PM
1474,flightaware,3:35 PM,3:50 PM
1475,wunderground,3:35 PM,3:50 PM
1476,wunderground,3:35 PM,3:50 PM
1477,flights,,
1478,businesstravellogue,,
1479,flylouisville,,
1480,flightstats,3:35 PM,4:00 PM
1481,quicktrip,3:35 PM,4:00 PM
1482,flightview,,
1483,panynj,,
1484,gofox,,
1485,foxbusiness,,
1486,allegiantair,,
1487,boston,,
1488,orbitz,3:35 PM,4:00 PM
1489,ord,3:35 PM,4:00 PM
1490,usatoday,3:35 PM,4:00 PM
1491,flightwise,3:35 PM,3:50 PM
1492,aa,7:15 AM,10:35 AM
1493,flightexplorer,,
1494,airtravelcenter,,
1495,myrateplan,,
1496,helloflight,,
1497,flytecomm,,
1498,flightaware,7:15 AM,10:18 AM
1499,wunderground,7:15 AM,10:18 AM
1500,flights,7:15 AM,10:35 AM
1501,businesstravellogue,7:15 AM,10:35 AM
1502,flylouisville,7:15 AM,10:35 AM
1503,flightstats,7:15 AM,10:35 AM
1504,quicktrip,7:15 AM,10:35 AM
1505,world-flight-tracker,7:15 AM,10:35 AM
1506,flightview,7:15 AM,10:35 AM
1507,panynj,7:15 AM,10:35 AM
1508,gofox,7:15 AM,10:35 AM
1509,foxbusiness,7:15 AM,10:35 AM
1510,allegiantair,7:15 AM,10:35 AM
1511,boston,7:15 AM,10:35 AM
1512,travelocity,7:15 AM,10:35 AM
1513,orbitz,7:15 AM,10:35 AM
1514,weather,7:15 AM,10:35 AM
1515,mco,,10:35 AM
1516,ifly,7:15 AM,10:35 AM
1517,flightwise,7:15 AM,10:18 AM
1518,aa,10:40 AM,2:59 PM
1519,airtravelcenter,,
1520,myrateplan,,
1521,helloflight,,
1522,flytecomm,,
1523,flightaware,10:40 AM,2:35 PM
1524,wunderground,10:40 AM,2:35 PM
1525,flights,,
1526,businesstravellogue,,
1527,flylouisville,,
1528,flightstats,10:40 AM,2:59 PM
1529,quicktrip,10:40 AM,2:59 PM
1530,flightview,10:40 AM,2:59 PM
1531,panynj,10:40 AM,2:59 PM
1532,gofox,10:40 AM,2:59 PM
1533,foxbusiness,10:40 AM,2:59 PM
1534,allegiantair,10:40 AM,2:59 PM
1535,boston,10:40 AM,2:59 PM
1536,travelocity,10:40 AM,2:59 PM
1537,orbitz,10:40 AM,2:59 PM
1538,weather,10:40 AM,2:59 PM
1539,dfw,10:40 AM,
1540,usatoday,10:40 AM,2:59 PM
1541,flightarrival,10:40 AM,2:59 PM
1542,aa,7:10 AM,9:35 AM
1543,flightexplorer,,
1544,airtravelcenter,,
1545,myrateplan,,
1546,helloflight,,
1547,flytecomm,,
1548,flightaware,7:10 AM,9:00 AM
1549,wunderground,7:10 AM,9:00 AM
1550,flights,7:10 AM,9:35 AM
1551,businesstravellogue,7:10 AM,9:35 AM
1552,flylouisville,7:10 AM,9:35 AM
1553,flightstats,7:10 AM,9:35 AM
1554,quicktrip,7:10 AM,9:35 AM
1555,world-flight-tracker,7:10 AM,9:35 AM
1556,flightview,7:10 AM,9:35 AM
1557,panynj,7:10 AM,9:35 AM
1558,gofox,7:10 AM,9:35 AM
1559,foxbusiness,7:10 AM,9:35 AM
1560,allegiantair,7:10 AM,9:35 AM
1561,boston,7:10 AM,9:35 AM
1562,travelocity,7:10 AM,9:35 AM
1563,orbitz,7:10 AM,9:35 AM
1564,weather,7:10 AM,9:35 AM
1565,ord,7:10 AM,9:35 AM
1566,mytripandmore,7:10 AM,9:35 AM
1567,flightwise,7:10 AM,9:00 AM
1568,ua,1:55 PM,7:53 PM
1569,airtravelcenter,,
1570,myrateplan,,
1571,helloflight,,
1572,flytecomm,,
1573,flights,,
1574,businesstravellogue,,
1575,flylouisville,,
1576,flightstats,1:55 PM,7:53 PM
1577,quicktrip,1:55 PM,7:53 PM
1578,flightview,,
1579,panynj,,
1580,gofox,,
1581,foxbusiness,,
1582,allegiantair,,
1583,boston,,
1584,travelocity,,Dec 01 - Not Available
1585,orbitz,2:22 PM,7:53 PM
1586,weather,1:55 PM,7:53 PM
1587,ord,1:55 PM,7:53 PM
1588,usatoday,,
1589,aa,11:45 AM,2:00 PM
1590,flightexplorer,,
1591,airtravelcenter,,
1592,myrateplan,,
1593,helloflight,,
1594,flytecomm,,
1595,flights,,
1596,businesstravellogue,,
1597,flylouisville,,
1598,flightstats,11:45 AM,2:00 PM
1599,quicktrip,11:45 AM,2:00 PM
1600,flightview,,
1601,panynj,,
1602,gofox,,
1603,foxbusiness,,
1604,allegiantair,,
1605,boston,,
1606,travelocity,11:45 AM,2:00 PM
1607,orbitz,11:45 AM,2:00 PM
1608,weather,11:45 AM,2:00 PM
1609,ord,11:45 AM,2:00 PM
1610,mytripandmore,11:45 AM,2:00 PM
1611,flightarrival,,
1612,ua,2:30 PM,6:15 PM
1613,flightexplorer,,
1614,airtravelcenter,,
1615,myrateplan,,
1616,helloflight,,
1617,flytecomm,,
1618,flightaware,2:30 PM,5:40 PM
1619,wunderground,2:30 PM,5:40 PM
1620,flights,2:30 PM,6:15 PM
1621,businesstravellogue,2:30 PM,6:15 PM
1622,flylouisville,2:30 PM,6:15 PM
1623,flightstats,2:30 PM,6:15 PM
1624,quicktrip,2:30 PM,6:15 PM
1625,world-flight-tracker,2:30 PM,6:15 PM
1626,flightview,2:30 PM,6:15 PM
1627,panynj,2:30 PM,6:15 PM
1628,gofox,2:30 PM,6:15 PM
1629,foxbusiness,2:30 PM,6:15 PM
1630,allegiantair,2:30 PM,6:15 PM
1631,boston,2:30 PM,6:15 PM
1632,travelocity,,Dec 01 - Not Available
1633,orbitz,2:46 PM,6:15 PM
1634,weather,2:30 PM,6:15 PM
1635,sfo,,6:15 PM
1636,usatoday,2:30 PM,6:15 PM
1637,mytripandmore,,Dec 01 - Not Available
1638,flightarrival,2:30 PM,6:15 PM
1639,aa,11:50 AM,3:50 PM
1640,flightexplorer,,
1641,airtravelcenter,,
1642,myrateplan,,
1643,helloflight,,
1644,flytecomm,,
1645,flightaware,11:50 AM,3:33 PM
1646,wunderground,11:50 AM,3:33 PM
1647,flights,11:50 AM,3:50 PM
1648,businesstravellogue,11:50 AM,3:50 PM
1649,flylouisville,11:50 AM,3:50 PM
1650,flightstats,11:50 AM,3:50 PM
1651,quicktrip,11:50 AM,3:50 PM
1652,world-flight-tracker,11:50 AM,3:50 PM
1653,flightview,11:50 AM,3:50 PM
1654,panynj,11:50 AM,3:50 PM
1655,gofox,11:50 AM,3:50 PM
1656,foxbusiness,11:50 AM,3:50 PM
1657,allegiantair,11:50 AM,3:50 PM
1658,boston,11:50 AM,3:50 PM
1659,travelocity,11:50 AM,3:50 PM
1660,orbitz,11:50 AM,3:50 PM
1661,weather,11:50 AM,3:50 PM
1662,dfw,11:50 AM,
1663,phl,,3:50 PM
1664,ifly,11:50 AM,3:50 PM
1665,CO,4:00 PM,7:05 PM
1666,airtravelcenter,4:00 PM,7:05 PM
1667,myrateplan,4:00 PM,7:05 PM
1668,helloflight,4:00 PM,7:05 PM
1669,flytecomm,4:00 PM,7:05 PM
1670,flightaware,4:00 PM,6:31 PM
1671,wunderground,4:00 PM,6:31 PM
1672,flights,4:00 PM,7:05 PM
1673,businesstravellogue,4:00 PM,7:05 PM
1674,flylouisville,4:00 PM,7:05 PM
1675,flightstats,4:00 PM,7:05 PM
1676,quicktrip,4:00 PM,7:05 PM
1677,world-flight-tracker,4:00 PM,7:05 PM
1678,flightview,4:00 PM,7:05 PM
1679,panynj,4:00 PM,7:05 PM
1680,gofox,4:00 PM,7:05 PM
1681,foxbusiness,4:00 PM,7:05 PM
1682,allegiantair,4:00 PM,7:05 PM
1683,boston,4:00 PM,7:05 PM
1684,travelocity,4:00 PM,7:05 PM
1685,orbitz,4:00 PM,7:05 PM
1686,weather,4:00 PM,7:05 PM
1687,aa,4:00 PM,6:40 PM
1688,airtravelcenter,,
1689,myrateplan,,
1690,helloflight,,
1691,flytecomm,,
1692,flightaware,4:00 PM,6:00 PM
1693,wunderground,4:00 PM,6:30 PM
1694,flights,4:00 PM,6:40 PM
1695,businesstravellogue,4:00 PM,6:40 PM
1696,flylouisville,4:00 PM,6:40 PM
1697,flightstats,4:00 PM,6:40 PM
1698,quicktrip,4:00 PM,6:40 PM
1699,world-flight-tracker,4:00 PM,6:40 PM
1700,flightview,4:00 PM,6:40 PM
1701,panynj,4:00 PM,6:40 PM
1702,gofox,4:00 PM,6:40 PM
1703,foxbusiness,4:00 PM,6:40 PM
1704,allegiantair,4:00 PM,6:40 PM
1705,boston,4:00 PM,6:40 PM
1706,travelocity,4:00 PM,6:40 PM
1707,orbitz,4:00 PM,6:40 PM
1708,weather,4:00 PM,6:40 PM
1709,ord,4:00 PM,6:40 PM
1710,ifly,4:00 PM,6:40 PM
1711,usatoday,4:00 PM,6:40 PM
1712,mytripandmore,4:00 PM,6:40 PM
1713,flightwise,4:00 PM,6:30 PM
1714,flightarrival,4:00 PM,6:40 PM
1715,ua,4:25 PM,12:29 AM
1716,flightexplorer,,
1717,flightexplorer,4:25 PM,12:29 AM
1718,airtravelcenter,,
1719,myrateplan,,
1720,helloflight,,
1721,flytecomm,,
1722,flightaware,4:25 PM,12:29 AM
1723,wunderground,4:25 PM,12:29 AM
1724,flights,4:25 PM,12:29 AM
1725,businesstravellogue,4:25 PM,12:29 AM
1726,flylouisville,4:25 PM,12:29 AM
1727,flightstats,4:25 PM,12:29 AM
1728,quicktrip,4:25 PM,12:29 AM
1729,world-flight-tracker,4:25 PM,12:29 AM
1730,flightview,4:25 PM,12:29 AM
1731,panynj,4:25 PM,12:29 AM
1732,gofox,4:25 PM,12:29 AM
1733,foxbusiness,4:25 PM,12:29 AM
1734,allegiantair,4:25 PM,12:29 AM
1735,boston,4:25 PM,12:29 AM
1736,travelocity,4:25 PM,12:29 AM
1737,orbitz,4:25 PM,12:29 AM
1738,weather,4:25 PM,12:29 AM
1739,ifly,4:25 PM,12:29 AM
1740,usatoday,4:25 PM,12:29 AM
1741,mytripandmore,4:25 PM,12:29 AM
1742,flightarrival,4:25 PM,12:29 AM
1743,aa,11:55 PM,5:50 AM
1744,flightexplorer,,
1745,flightexplorer,11:55 PM,5:50 AM
1746,airtravelcenter,,
1747,myrateplan,,
1748,helloflight,,
1749,flytecomm,,
1750,flights,11:55 PM,5:50 AM
1751,businesstravellogue,11:55 PM,5:50 AM
1752,flylouisville,11:55 PM,5:50 AM
1753,flightstats,11:55 PM,5:50 AM
1754,quicktrip,11:55 PM,5:50 AM
1755,world-flight-tracker,11:55 PM,5:50 AM
1756,flightview,11:55 PM,5:50 AM
1757,panynj,11:55 PM,5:50 AM
1758,gofox,11:55 PM,5:50 AM
1759,foxbusiness,11:55 PM,5:50 AM
1760,allegiantair,11:55 PM,5:50 AM
1761,boston,,
1762,boston,11:55 PM,5:50 AM
1763,travelocity,11:55 PM,5:50 AM
1764,orbitz,11:55 PM,5:50 AM
1765,weather,11:55 PM,5:50 AM
1766,ord,11:55 PM,5:50 AM
1767,usatoday,11:55 PM,5:50 AM
1768,aa,7:10 AM,9:40 AM
1769,flightexplorer,,
1770,airtravelcenter,,
1771,myrateplan,,
1772,helloflight,,
1773,flytecomm,,
1774,flightaware,7:10 AM,9:30 AM
1775,wunderground,7:10 AM,9:30 AM
1776,flights,7:10 AM,9:40 AM
1777,businesstravellogue,7:10 AM,9:40 AM
1778,flylouisville,7:10 AM,9:40 AM
1779,flightstats,7:10 AM,9:40 AM
1780,quicktrip,7:10 AM,9:40 AM
1781,world-flight-tracker,7:10 AM,9:40 AM
1782,flightview,7:10 AM,9:40 AM
1783,panynj,7:10 AM,9:40 AM
1784,gofox,7:10 AM,9:40 AM
1785,foxbusiness,7:10 AM,9:40 AM
1786,allegiantair,7:10 AM,9:40 AM
1787,boston,7:10 AM,9:40 AM
1788,travelocity,7:10 AM,9:40 AM
1789,orbitz,7:10 AM,9:40 AM
1790,weather,7:10 AM,9:40 AM
1791,ord,7:10 AM,9:40 AM
1792,usatoday,7:10 AM,9:40 AM
1793,flightwise,7:10 AM,9:30 AM
1794,flightarrival,7:10 AM,9:40 AM
1795,aa,6:45 AM,7:45 AM
1796,flightexplorer,,
1797,airtravelcenter,,
1798,myrateplan,,
1799,helloflight,,
1800,flytecomm,,
1801,flightaware,6:45 AM,7:25 AM
1802,wunderground,6:45 AM,7:25 AM
1803,flights,6:45 AM,7:45 AM
1804,businesstravellogue,6:45 AM,7:45 AM
1805,flylouisville,6:45 AM,7:45 AM
1806,flightstats,6:45 AM,7:45 AM
1807,quicktrip,6:45 AM,7:45 AM
1808,world-flight-tracker,6:45 AM,7:45 AM
1809,flightview,6:45 AM,7:45 AM
1810,panynj,6:45 AM,7:45 AM
1811,gofox,6:45 AM,7:45 AM
1812,foxbusiness,6:45 AM,7:45 AM
1813,allegiantair,6:45 AM,7:45 AM
1814,boston,6:45 AM,7:45 AM
1815,travelocity,6:45 AM,7:45 AM
1816,orbitz,6:45 AM,7:45 AM
1817,weather,6:45 AM,7:45 AM
1818,mco,,7:45 AM
1819,usatoday,6:45 AM,7:45 AM
1820,mytripandmore,6:45 AM,7:45 AM
1821,flightarrival,6:45 AM,7:45 AM
1822,CO,9:15 AM,12:18 PM
1823,flightexplorer,,
1824,airtravelcenter,9:15 AM,12:18 PM
1825,myrateplan,9:15 AM,12:18 PM
1826,helloflight,9:15 AM,12:18 PM
1827,flytecomm,9:15 AM,12:18 PM
1828,flightaware,9:15 AM,12:08 PM
1829,wunderground,9:15 AM,12:08 PM
1830,flights,9:15 AM,12:18 PM
1831,businesstravellogue,9:15 AM,12:18 PM
1832,flylouisville,9:15 AM,12:18 PM
1833,flightstats,9:15 AM,12:18 PM
1834,quicktrip,9:15 AM,12:18 PM
1835,world-flight-tracker,9:15 AM,12:18 PM
1836,flightview,9:15 AM,12:18 PM
1837,panynj,9:15 AM,12:18 PM
1838,gofox,9:15 AM,12:18 PM
1839,foxbusiness,9:15 AM,12:18 PM
1840,allegiantair,9:15 AM,12:18 PM
1841,boston,9:15 AM,12:18 PM
1842,travelocity,9:15 AM,12:18 PM
1843,orbitz,9:15 AM,12:18 PM
1844,weather,9:15 AM,12:18 PM
1845,mco,,12:18 PM
1846,usatoday,9:15 AM,12:18 PM
1847,flightarrival,9:15 AM,12:18 PM
1848,ua,1:45 PM,8:27 AM
1849,airtravelcenter,,
1850,myrateplan,,
1851,helloflight,,
1852,flytecomm,,
1853,flights,,
1854,businesstravellogue,,
1855,flylouisville,,
1856,flightview,,
1857,panynj,,
1858,gofox,,
1859,foxbusiness,,
1860,allegiantair,,
1861,boston,,
1862,travelocity,,
1863,orbitz,1:45 PM,8:27 AM
1864,weather,1:45 PM,8:27 AM
1865,flightarrival,1:45 PM,8:27 AM
1866,ua,2:55 PM,5:00 PM
1867,airtravelcenter,,
1868,myrateplan,,
1869,helloflight,,
1870,flytecomm,,
1871,flights,,
1872,businesstravellogue,,
1873,flylouisville,,
1874,flightstats,2:55 PM,5:00 PM
1875,quicktrip,2:55 PM,5:00 PM
1876,flightview,,
1877,panynj,,
1878,gofox,,
1879,foxbusiness,,
1880,allegiantair,,
1881,boston,,
1882,travelocity,2:55 PM,5:00 PM
1883,orbitz,2:55 PM,5:00 PM
1884,weather,2:55 PM,5:00 PM
1885,ifly,2:55 PM,5:00 PM
1886,flightarrival,2:55 PM,5:00 PM
1887,ua,8:15 AM,10:06 AM
1888,airtravelcenter,,
1889,myrateplan,,
1890,helloflight,,
1891,flytecomm,,
1892,flights,,
1893,businesstravellogue,,
1894,flylouisville,,
1895,flightstats,8:15 AM,10:06 AM
1896,quicktrip,8:15 AM,10:06 AM
1897,flightview,,
1898,panynj,,
1899,gofox,,
1900,foxbusiness,,
1901,allegiantair,,
1902,boston,,
1903,travelocity,,
1904,orbitz,8:15 AM,10:06 AM
1905,weather,8:15 AM,10:06 AM
1906,usatoday,,
1907,ua,7:53 AM,1:39 PM
1908,airtravelcenter,,
1909,myrateplan,,
1910,helloflight,,
1911,flytecomm,,
1912,flights,,
1913,businesstravellogue,,
1914,flylouisville,,
1915,flightstats,7:53 AM,1:39 PM
1916,quicktrip,7:53 AM,1:39 PM
1917,flightview,,
1918,panynj,,
1919,gofox,,
1920,foxbusiness,,
1921,allegiantair,,
1922,boston,,
1923,travelocity,,
1924,orbitz,7:53 AM,1:39 PM
1925,weather,7:53 AM,1:39 PM
1926,usatoday,7:53 AM,1:39 PM
1927,flightarrival,,
1928,CO,5:25 PM,8:22 PM
1929,airtravelcenter,5:25 PM,8:22 PM
1930,myrateplan,5:25 PM,8:22 PM
1931,helloflight,5:25 PM,8:22 PM
1932,flytecomm,5:25 PM,8:22 PM
1933,flightaware,5:25 PM,8:04 PM
1934,wunderground,5:25 PM,8:04 PM
1935,flights,,
1936,businesstravellogue,,
1937,flylouisville,,
1938,flightstats,5:25 PM,8:22 PM
1939,quicktrip,5:25 PM,8:22 PM
1940,flightview,,
1941,panynj,,
1942,gofox,,
1943,foxbusiness,,
1944,allegiantair,,
1945,boston,,
1946,orbitz,5:25 PM,8:22 PM
1947,usatoday,,
1948,flightwise,5:25 PM,8:04 PM
1949,CO,11:25 AM,2:50 PM
1950,airtravelcenter,11:25 AM,2:50 PM
1951,myrateplan,11:25 AM,2:50 PM
1952,helloflight,11:25 AM,2:50 PM
1953,flytecomm,11:25 AM,2:50 PM
1954,flights,,
1955,businesstravellogue,,
1956,flylouisville,,
1957,flightstats,11:25 AM,2:50 PM
1958,quicktrip,11:25 AM,2:50 PM
1959,flightview,,
1960,panynj,,
1961,gofox,,
1962,foxbusiness,,
1963,allegiantair,,
1964,boston,,
1965,orbitz,11:25 AM,2:50 PM
1966,weather,11:25 AM,2:50 PM
1967,den,11:25 AM,
1968,ifly,11:25 AM,2:50 PM
1969,aa,12:00 PM,3:15 PM
1970,flightexplorer,,
1971,airtravelcenter,,
1972,myrateplan,,
1973,helloflight,,
1974,flytecomm,,
1975,flightaware,12:00 PM,2:47 PM
1976,wunderground,12:00 PM,2:47 PM
1977,flights,12:00 PM,3:15 PM
1978,businesstravellogue,12:00 PM,3:15 PM
1979,flylouisville,12:00 PM,3:15 PM
1980,flightstats,12:00 PM,3:15 PM
1981,quicktrip,12:00 PM,3:15 PM
1982,world-flight-tracker,12:00 PM,3:15 PM
1983,flightview,12:00 PM,3:15 PM
1984,panynj,12:00 PM,3:15 PM
1985,gofox,12:00 PM,3:15 PM
1986,foxbusiness,12:00 PM,3:15 PM
1987,allegiantair,12:00 PM,3:15 PM
1988,boston,12:00 PM,3:15 PM
1989,travelocity,12:00 PM,3:15 PM
1990,orbitz,12:00 PM,3:15 PM
1991,weather,12:00 PM,3:15 PM
1992,ifly,12:00 PM,3:15 PM
1993,flightarrival,12:00 PM,3:15 PM
1994,aa,8:35 AM,11:50 AM
1995,flightexplorer,,
1996,airtravelcenter,,
1997,myrateplan,,
1998,helloflight,,
1999,flytecomm,,
2000,flightaware,8:35 AM,11:22 AM
2001,wunderground,8:35 AM,11:22 AM
2002,flights,8:35 AM,11:50 AM
2003,businesstravellogue,8:35 AM,11:50 AM
2004,flylouisville,8:35 AM,11:50 AM
2005,flightstats,8:35 AM,11:50 AM
2006,quicktrip,8:35 AM,11:50 AM
2007,world-flight-tracker,8:35 AM,11:50 AM
2008,flightview,8:35 AM,11:50 AM
2009,panynj,8:35 AM,11:50 AM
2010,gofox,8:35 AM,11:50 AM
2011,foxbusiness,8:35 AM,11:50 AM
2012,allegiantair,8:35 AM,11:50 AM
2013,boston,8:35 AM,11:50 AM
2014,travelocity,8:35 AM,11:50 AM
2015,orbitz,8:35 AM,11:50 AM
2016,weather,8:35 AM,11:50 AM
2017,sfo,,11:50 AM
2018,ifly,8:35 AM,11:50 AM
2019,mytripandmore,8:35 AM,11:50 AM
2020,flightarrival,8:35 AM,11:50 AM
2021,CO,7:00 PM,10:15 PM
2022,flightexplorer,,
2023,airtravelcenter,7:00 PM,10:15 PM
2024,myrateplan,7:00 PM,10:15 PM
2025,helloflight,7:00 PM,10:15 PM
2026,flytecomm,7:00 PM,10:15 PM
2027,flightaware,7:00 PM,9:40 PM
2028,wunderground,7:00 PM,9:40 PM
2029,flights,,
2030,businesstravellogue,,
2031,flylouisville,,
2032,flightstats,7:00 PM,10:15 PM
2033,quicktrip,7:00 PM,10:15 PM
2034,flightview,,
2035,panynj,,
2036,gofox,,
2037,foxbusiness,,
2038,allegiantair,,
2039,boston,,
2040,orbitz,7:00 PM,10:15 PM
2041,mco,,10:15 PM
2042,usatoday,,
2043,mytripandmore,7:00 PM,10:15 PM
2044,aa,3:05 PM,6:30 PM
2045,airtravelcenter,,
2046,myrateplan,,
2047,helloflight,,
2048,flytecomm,,
2049,flightaware,3:05 PM,5:57 PM
2050,wunderground,3:05 PM,5:57 PM
2051,flights,3:05 PM,6:30 PM
2052,businesstravellogue,3:05 PM,6:30 PM
2053,flylouisville,3:05 PM,6:30 PM
2054,flightstats,3:05 PM,6:30 PM
2055,quicktrip,3:05 PM,6:30 PM
2056,world-flight-tracker,3:05 PM,6:30 PM
2057,flightview,3:05 PM,6:30 PM
2058,panynj,3:05 PM,6:30 PM
2059,gofox,3:05 PM,6:30 PM
2060,foxbusiness,3:05 PM,6:30 PM
2061,allegiantair,3:05 PM,6:30 PM
2062,boston,3:05 PM,6:30 PM
2063,travelocity,3:05 PM,6:30 PM
2064,orbitz,3:05 PM,6:30 PM
2065,weather,3:05 PM,6:30 PM
2066,sfo,,6:30 PM
2067,usatoday,3:05 PM,6:30 PM
2068,flightwise,3:05 PM,5:57 PM
2069,flightarrival,3:05 PM,6:30 PM
2070,aa,6:45 PM,9:10 PM
2071,flightexplorer,,
2072,airtravelcenter,,
2073,myrateplan,,
2074,helloflight,,
2075,flytecomm,,
2076,flightaware,6:45 PM,9:00 PM
2077,wunderground,6:45 PM,9:00 PM
2078,flights,6:45 PM,9:10 PM
2079,businesstravellogue,6:45 PM,9:10 PM
2080,flylouisville,6:45 PM,9:10 PM
2081,flightstats,6:45 PM,9:10 PM
2082,quicktrip,6:45 PM,9:10 PM
2083,world-flight-tracker,6:45 PM,9:10 PM
2084,flightview,6:45 PM,9:10 PM
2085,panynj,6:45 PM,9:10 PM
2086,gofox,6:45 PM,9:10 PM
2087,foxbusiness,6:45 PM,9:10 PM
2088,allegiantair,6:45 PM,9:10 PM
2089,boston,6:45 PM,9:10 PM
2090,travelocity,6:45 PM,9:10 PM
2091,orbitz,6:45 PM,9:10 PM
2092,weather,6:45 PM,9:10 PM
2093,ord,6:45 PM,9:10 PM
2094,usatoday,6:45 PM,9:10 PM
2095,mytripandmore,6:45 PM,9:10 PM
2096,flightwise,6:45 PM,9:00 PM
2097,flightarrival,6:45 PM,9:10 PM
2098,aa,7:30 AM,8:00 AM
2099,flightexplorer,,
2100,airtravelcenter,,
2101,myrateplan,,
2102,helloflight,,
2103,flytecomm,,
2104,flightaware,7:30 AM,7:50 AM
2105,wunderground,7:30 AM,7:50 AM
2106,flights,7:30 AM,8:00 AM
2107,businesstravellogue,7:30 AM,8:00 AM
2108,flylouisville,7:30 AM,8:00 AM
2109,flightstats,7:30 AM,8:00 AM
2110,quicktrip,7:30 AM,8:00 AM
2111,world-flight-tracker,7:30 AM,8:00 AM
2112,flightview,7:30 AM,8:00 AM
2113,panynj,7:30 AM,8:00 AM
2114,gofox,7:30 AM,8:00 AM
2115,foxbusiness,7:30 AM,8:00 AM
2116,allegiantair,7:30 AM,8:00 AM
2117,boston,7:30 AM,8:00 AM
2118,travelocity,7:30 AM,8:00 AM
2119,orbitz,7:30 AM,8:00 AM
2120,weather,7:30 AM,8:00 AM
2121,ord,7:30 AM,8:00 AM
2122,ifly,7:30 AM,8:00 AM
2123,mytripandmore,7:30 AM,8:00 AM
2124,aa,11:25 PM,6:55 AM
2125,flightexplorer,,
2126,flightexplorer,11:25 PM,6:55 AM
2127,airtravelcenter,,
2128,myrateplan,,
2129,helloflight,,
2130,flytecomm,,
2131,flightaware,11:25 PM,6:30 AM
2132,wunderground,11:25 PM,6:30 AM
2133,flights,11:25 PM,6:55 AM
2134,businesstravellogue,11:25 PM,6:55 AM
2135,flylouisville,11:25 PM,6:55 AM
2136,flightstats,11:25 PM,6:55 AM
2137,quicktrip,11:25 PM,6:55 AM
2138,world-flight-tracker,11:25 PM,6:55 AM
2139,flightview,11:25 PM,6:55 AM
2140,panynj,11:25 PM,6:55 AM
2141,gofox,11:25 PM,6:55 AM
2142,foxbusiness,11:25 PM,6:55 AM
2143,allegiantair,11:25 PM,6:55 AM
2144,boston,11:25 PM,6:55 AM
2145,travelocity,11:25 PM,6:55 AM
2146,orbitz,11:25 PM,6:55 AM
2147,weather,11:25 PM,6:55 AM
2148,mco,,6:55 AM
2149,mytripandmore,11:25 PM,6:55 AM
2150,aa,12:10 PM,2:15 PM
2151,flightexplorer,,
2152,airtravelcenter,,
2153,myrateplan,,
2154,helloflight,,
2155,flytecomm,,
2156,flightaware,12:10 PM,2:05 PM
2157,wunderground,12:10 PM,2:05 PM
2158,flights,12:10 PM,2:15 PM
2159,businesstravellogue,12:10 PM,2:15 PM
2160,flylouisville,12:10 PM,2:15 PM
2161,flightstats,12:10 PM,2:15 PM
2162,quicktrip,12:10 PM,2:15 PM
2163,world-flight-tracker,12:10 PM,2:15 PM
2164,flightview,12:10 PM,2:15 PM
2165,panynj,12:10 PM,2:15 PM
2166,gofox,12:10 PM,2:15 PM
2167,foxbusiness,12:10 PM,2:15 PM
2168,allegiantair,12:10 PM,2:15 PM
2169,boston,12:10 PM,2:15 PM
2170,travelocity,12:10 PM,2:15 PM
2171,orbitz,12:10 PM,2:15 PM
2172,weather,12:10 PM,2:15 PM
2173,usatoday,12:10 PM,2:15 PM
2174,mytripandmore,12:10 PM,2:15 PM
2175,flightarrival,12:10 PM,2:15 PM
2176,aa,12:15 PM,2:45 PM
2177,flightexplorer,,
2178,airtravelcenter,,
2179,myrateplan,,
2180,helloflight,,
2181,flytecomm,,
2182,flightaware,12:15 PM,2:35 PM
2183,wunderground,12:15 PM,2:35 PM
2184,flights,12:15 PM,2:45 PM
2185,businesstravellogue,12:15 PM,2:45 PM
2186,flylouisville,12:15 PM,2:45 PM
2187,flightstats,12:15 PM,2:45 PM
2188,quicktrip,12:15 PM,2:45 PM
2189,world-flight-tracker,12:15 PM,2:45 PM
2190,flightview,12:15 PM,2:45 PM
2191,panynj,12:15 PM,2:45 PM
2192,gofox,12:15 PM,2:45 PM
2193,foxbusiness,12:15 PM,2:45 PM
2194,allegiantair,12:15 PM,2:45 PM
2195,boston,12:15 PM,2:45 PM
2196,travelocity,12:15 PM,2:45 PM
2197,orbitz,12:15 PM,2:45 PM
2198,weather,12:15 PM,2:45 PM
2199,ord,12:15 PM,2:45 PM
2200,ifly,12:15 PM,2:45 PM
2201,usatoday,12:15 PM,2:45 PM
2202,aa,9:05 AM,12:35 PM
2203,flightexplorer,,
2204,airtravelcenter,,
2205,myrateplan,,
2206,helloflight,,
2207,flytecomm,,
2208,flightaware,9:05 AM,12:12 PM
2209,wunderground,9:05 AM,12:12 PM
2210,flights,9:05 AM,12:35 PM
2211,businesstravellogue,9:05 AM,12:35 PM
2212,flylouisville,9:05 AM,12:35 PM
2213,flightstats,9:05 AM,12:35 PM
2214,quicktrip,9:05 AM,12:35 PM
2215,world-flight-tracker,9:05 AM,12:35 PM
2216,flightview,9:05 AM,12:35 PM
2217,panynj,9:05 AM,12:35 PM
2218,gofox,9:05 AM,12:35 PM
2219,foxbusiness,9:05 AM,12:35 PM
2220,allegiantair,9:05 AM,12:35 PM
2221,boston,9:05 AM,12:35 PM
2222,travelocity,9:05 AM,12:35 PM
2223,orbitz,10:00 AM,12:35 PM
2224,weather,9:05 AM,12:35 PM
2225,ifly,9:05 AM,12:35 PM
2226,mytripandmore,9:05 AM,12:35 PM
2227,flightarrival,9:05 AM,12:35 PM
2228,aa,2:55 PM,5:55 PM
2229,airtravelcenter,,
2230,myrateplan,,
2231,helloflight,,
2232,flytecomm,,
2233,flightaware,2:55 PM,5:17 PM
2234,wunderground,2:55 PM,5:17 PM
2235,flights,2:55 PM,5:55 PM
2236,businesstravellogue,2:55 PM,5:55 PM
2237,flylouisville,2:55 PM,5:55 PM
2238,flightstats,2:55 PM,5:55 PM
2239,quicktrip,2:55 PM,5:55 PM
2240,world-flight-tracker,2:55 PM,5:55 PM
2241,flightview,2:55 PM,5:55 PM
2242,panynj,2:55 PM,5:55 PM
2243,gofox,2:55 PM,5:55 PM
2244,foxbusiness,2:55 PM,5:55 PM
2245,allegiantair,2:55 PM,5:55 PM
2246,boston,2:55 PM,5:55 PM
2247,travelocity,2:55 PM,5:55 PM
2248,orbitz,2:55 PM,5:55 PM
2249,weather,2:55 PM,5:55 PM
2250,mco,,5:55 PM
2251,ifly,2:55 PM,5:55 PM
2252,mytripandmore,2:55 PM,5:55 PM
2253,ua,11:15 AM,1:40 PM
2254,airtravelcenter,,
2255,myrateplan,,
2256,helloflight,,
2257,flytecomm,,
2258,flights,,
2259,businesstravellogue,,
2260,flylouisville,,
2261,flightstats,11:15 AM,1:40 PM
2262,quicktrip,11:15 AM,1:40 PM
2263,flightview,,
2264,panynj,,
2265,gofox,,
2266,foxbusiness,,
2267,allegiantair,,
2268,boston,,
2269,travelocity,11:15 AM,1:40 PM
2270,orbitz,11:15 AM,1:40 PM
2271,weather,11:15 AM,1:40 PM
2272,usatoday,,
2273,flightarrival,,
2274,aa,7:45 PM,10:30 PM
2275,aa,7:45 PM,10:30 PM
2276,flightexplorer,,
2277,flightexplorer,,
2278,airtravelcenter,,
2279,airtravelcenter,,
2280,myrateplan,,
2281,myrateplan,,
2282,helloflight,,
2283,helloflight,,
2284,flytecomm,,
2285,flytecomm,,
2286,flightaware,7:45 PM,10:15 PM
2287,flightaware,7:45 PM,10:15 PM
2288,wunderground,7:45 PM,10:15 PM
2289,wunderground,7:45 PM,10:15 PM
2290,flights,7:45 PM,10:30 PM
2291,businesstravellogue,7:45 PM,10:30 PM
2292,flylouisville,7:45 PM,10:30 PM
2293,flightstats,7:45 PM,10:30 PM
2294,quicktrip,7:45 PM,10:30 PM
2295,world-flight-tracker,7:45 PM,10:30 PM
2296,world-flight-tracker,7:45 PM,10:30 PM
2297,flightview,7:45 PM,10:30 PM
2298,flightview,7:45 PM,10:30 PM
2299,panynj,7:45 PM,10:30 PM
2300,panynj,7:45 PM,10:30 PM
2301,gofox,7:45 PM,10:30 PM
2302,gofox,7:45 PM,10:30 PM
2303,foxbusiness,7:45 PM,10:30 PM
2304,foxbusiness,7:45 PM,10:30 PM
2305,allegiantair,7:45 PM,10:30 PM
2306,allegiantair,7:45 PM,10:30 PM
2307,boston,7:45 PM,10:30 PM
2308,boston,7:45 PM,10:30 PM
2309,travelocity,7:45 PM,10:30 PM
2310,travelocity,7:45 PM,10:30 PM
2311,orbitz,7:45 PM,10:36 PM
2312,orbitz,7:45 PM,10:30 PM
2313,weather,7:45 PM,10:30 PM
2314,ord,7:45 PM,10:30 PM
2315,ifly,7:45 PM,10:30 PM
2316,usatoday,7:45 PM,10:30 PM
2317,mytripandmore,7:45 PM,10:30 PM
2318,CO,9:45 AM,1:16 PM
2319,airtravelcenter,9:45 AM,1:16 PM
2320,myrateplan,9:45 AM,1:16 PM
2321,helloflight,9:45 AM,1:16 PM
2322,flytecomm,9:45 AM,1:16 PM
2323,flights,,
2324,businesstravellogue,,
2325,flylouisville,,
2326,flightstats,9:45 AM,1:16 PM
2327,quicktrip,9:45 AM,1:16 PM
2328,flightview,,
2329,panynj,,
2330,gofox,,
2331,foxbusiness,,
2332,allegiantair,,
2333,boston,,
2334,orbitz,9:45 AM,1:16 PM
2335,weather,9:45 AM,1:16 PM
2336,ifly,9:45 AM,1:16 PM
2337,mytripandmore,9:45 AM,1:16 PM
2338,flightarrival,9:45 AM,1:16 PM
2339,ua,4:16 PM,7:35 PM
2340,flightexplorer,,
2341,airtravelcenter,,
2342,myrateplan,,
2343,helloflight,,
2344,flytecomm,,
2345,flights,,
2346,businesstravellogue,,
2347,flylouisville,,
2348,flightstats,4:16 PM,7:35 PM
2349,quicktrip,4:16 PM,7:35 PM
2350,flightview,,
2351,panynj,,
2352,gofox,,
2353,foxbusiness,,
2354,allegiantair,,
2355,boston,,
2356,orbitz,4:16 PM,7:35 PM
2357,weather,4:16 PM,7:35 PM
2358,den,4:16 PM,
2359,ord,4:16 PM,7:35 PM
2360,ifly,4:16 PM,7:35 PM
2361,flightarrival,,
2362,ua,11:08 PM,5:11 AM
2363,flightexplorer,,
2364,airtravelcenter,11:08 PM,5:11 AM
2365,myrateplan,11:08 PM,5:11 AM
2366,helloflight,11:08 PM,5:11 AM
2367,flytecomm,11:08 PM,5:11 AM
2368,flightaware,11:08 PM,5:08 AM
2369,wunderground,11:08 PM,5:08 AM
2370,flights,11:08 PM,5:11 AM
2371,businesstravellogue,11:08 PM,5:11 AM
2372,flylouisville,11:08 PM,5:11 AM
2373,flightstats,11:08 PM,5:11 AM
2374,quicktrip,11:08 PM,5:11 AM
2375,flightview,11:08 PM,5:11 AM
2376,panynj,11:08 PM,5:11 AM
2377,gofox,11:08 PM,5:11 AM
2378,foxbusiness,11:08 PM,5:11 AM
2379,allegiantair,11:08 PM,5:11 AM
2380,boston,11:08 PM,5:11 AM
2381,orbitz,11:08 PM,5:11 AM
2382,ord,11:08 PM,5:11 AM
2383,usatoday,11:08 PM,5:11 AM
2384,mytripandmore,11:08 PM,5:11 AM
2385,flightarrival,11:08 PM,5:11 AM
2386,ua,1:29 PM,4:17 PM
2387,flightexplorer,,
2388,airtravelcenter,1:29 PM,4:17 PM
2389,myrateplan,1:29 PM,4:17 PM
2390,helloflight,1:29 PM,4:17 PM
2391,flytecomm,1:29 PM,4:17 PM
2392,flightaware,1:29 PM,3:55 PM
2393,wunderground,1:29 PM,3:55 PM
2394,flights,,
2395,businesstravellogue,,
2396,flylouisville,,
2397,flightstats,1:29 PM,4:17 PM
2398,quicktrip,1:29 PM,4:17 PM
2399,flightview,,
2400,panynj,,
2401,gofox,,
2402,foxbusiness,,
2403,allegiantair,,
2404,boston,,
2405,orbitz,1:29 PM,4:17 PM
2406,flightarrival,1:29 PM,4:17 PM
2407,aa,10:45 AM,2:20 PM
2408,flightexplorer,,
2409,airtravelcenter,,
2410,myrateplan,,
2411,helloflight,,
2412,flytecomm,,
2413,flights,,
2414,businesstravellogue,,
2415,flylouisville,,
2416,flightview,,
2417,panynj,,
2418,gofox,,
2419,foxbusiness,,
2420,allegiantair,,
2421,boston,,
2422,travelocity,10:45 AM,2:20 PM
2423,orbitz,10:45 AM,2:20 PM
2424,weather,10:45 AM,2:20 PM
2425,usatoday,10:45 AM,2:20 PM
2426,CO,7:35 AM,9:21 AM
2427,airtravelcenter,7:35 AM,9:21 AM
2428,myrateplan,7:35 AM,9:21 AM
2429,helloflight,7:35 AM,9:21 AM
2430,flytecomm,7:35 AM,9:21 AM
2431,flightaware,7:35 AM,9:11 AM
2432,wunderground,7:35 AM,9:11 AM
2433,flights,,
2434,businesstravellogue,,
2435,flylouisville,,
2436,flightstats,7:35 AM,9:21 AM
2437,quicktrip,7:35 AM,9:21 AM
2438,flightview,,
2439,panynj,,
2440,gofox,,
2441,foxbusiness,,
2442,allegiantair,,
2443,boston,,
2444,orbitz,7:35 AM,9:21 AM
2445,flightarrival,,
