.CD,o86v1r6675n9ryy2t8r,F:.IJNZ,B:BIJcZ
..BG,uryy2syvtu7,G:AHJNZ,H:ACJNZ
..C.,o86v1r6675n9ryy2t8r,G:AHJNZ,H:ACJNZ
AIEC,25ov7?,B:IDJcZ,E:BIJcZ
GAD,48vpx75v3,H:IIJcZ,.A:.DJNZ
CGE,081qr5t5281q,.:IIJcZ,A:BDJcZ
.EI.,3n1!1w,..:CDJNZ,A:IIJcZ
.FI.,3n1!1w,C:IIJcZ,E:CIJcZ
AE.,uryy2syvtu7,G:DDJNZ,..:CDJNZ
.DA.,uryy2syvtu7,.I:CIJNZ,A:DHJcZ
.BDD,nv575n9rypr17r5,G:ADJcZ,..:DIJcZ
.BDI,86n72qn!,E:IIJNZ,E:CIJNZ
.GB,vsy!,F:IIJNZ,H:DDJNZ
.CI.,syvtu7r 3y25r5,E:DHJNZ,.I:BCJNZ
.IH.,nv575n9rypr17r5,E:IIJNZ,F:ABJNZ
.DG,0rn7ur5,F:.IJNZ,B:BIJcZ
.A.B,sy!7rp2zz,.I:ADJNZ,E:CCJcZ
AIIH,3n1!1w,G:BDJNZ,..:DIJNZ
HCC,z!5n7r3yn1,.I:CIJNZ,.A:DDJcZ
.HH.,0rn7ur5,.A:IIJcZ,B:.DJcZ
BBC,48vpx75v3,..:IDJNZ,C:DFJcZ
AADD,z!5n7r3yn1,..:.DJNZ,.:CIJcZ
.AI.,nyyrtvn17nv5,.I:.DJNZ,.A:.IJcZ
DI,nv575n9rypr17r5,.:BIJcZ,B:DIJcZ
.EFE,48vpx75v3,C:IIJcZ,F:IDJcZ
GGI,t2s2 ,A:BDJcZ,C:IDJcZ
EG,0rn7ur5,.:BIJcZ,B:DIJcZ
F.G,sy!7rp2zz,.I:CIJNZ,A:CDJcZ
..GB,nn,.I:.DJNZ,.A:.IJcZ
.FHF,nv575n9rypr17r5,E:CDJNZ,F:CDJNZ
.CHH,081qr5t5281q,F:.DJNZ,.I:BDJNZ
AIH.,25ov7?,E:CDJcZ,H:.IJcZ
.BF,syvtu7r 3y25r5,F:.IJNZ,B:BIJcZ
ABI,s2 o86v1r66,E:CIJNZ,H:ADJNZ
AIDI,081qr5t5281q,B:IDJcZ,E:BIJcZ
ABI.,t2s2 ,F:CDJcZ,.I:BIJcZ
CIF,3n1!1w,..:CIJNZ,.:.FJcZ
ABAA,sy!7rp2zz,H:CDJNZ,.:.EJcZ
.AFB,nyyrtvn17nv5,F:.DJcZ,.A:A.JNZ
ABIB,s2 o86v1r66,F:CDJcZ,.I:BIJcZ
.AFG,vsy!,F:.DJcZ,.A:A.JNZ
ABIC,s2 o86v1r66,F:CDJcZ,.I:BIJcZ
GFG,syvtu79vr0,A:BDJcZ,C:IDJcZ
C.A,25ov7?,..:CIJNZ,.:.FJcZ
AIHD,z!75v3n1qz25r,E:CDJcZ,H:.IJcZ
A.B.,syvtu7n0n5r,..:ADJcZ,E:DDJNZ
.EDH,75n9ry2pv7!,..:DIJNZ,B:DIJcZ
.IDH,25q,G:IIJcZ,H:CDJcZ
.EGB,o26721,C:IIJcZ,F:IDJcZ
.DAA,sy!7rp2zz,.I:CIJNZ,A:DHJcZ
.A.E,sy!y28v69vyyr,.I:ADJNZ,E:CCJcZ
.GHH,t2s2 ,G:.DJNZ,.I:IEJNZ
DFA,75n9ry2pv7!,B:AFJcZ,D:IDJcZ
BEA,3n1!1w,..:DDJNZ,E:.FJcZ
.GE.,o26721,.:CDJcZ,G:AFJNZ
.ACF,s2 o86v1r66,C:.DJcZ,F:DDJcZ
A.CG,zp2,..:ADJcZ,E:DDJNZ
.HIE,86n72qn!,G:.DJNZ,.I:IEJNZ
..BD,syvtu7r 3y25r5,G:AHJNZ,H:ACJNZ
.GHC,sy!y28v69vyyr,G:.DJNZ,.I:IEJNZ
ACCD,syvtu7n55v9ny,F:BDJNZ,H:A.JNZ
.FHD,nn,E:CDJNZ,F:CDJNZ
AIII,syvtu7n0n5r,G:BDJNZ,..:DIJNZ
ACAI,nyyrtvn17nv5,.I:CDJNZ,A:AIJcZ
GAH,t2s2 ,H:IIJcZ,.A:.DJNZ
HCH,syvtu76,.I:CIJNZ,.A:DDJcZ
GCH,sy!y28v69vyyr,F:DDJNZ,..:IDJNZ
AG.,syvtu7n0n5r,E:BIJcZ,F:ADJcZ
GFH,3n1!1w,A:BDJcZ,C:IDJcZ
BB.,o86v1r6675n9ryy2t8r,..:IDJNZ,C:DFJcZ
AAGC,sy!7rp2zz,F:CDJcZ,.I:BIJcZ
ABFD,syvtu79vr0,..:IGJcZ,D:..JNZ
.BEE,025yq-syvtu7-75npxr5,G:ADJcZ,..:DIJcZ
.HDI,nv575n9rypr17r5,..:ADJNZ,A:DIJcZ
ADB,s2 o86v1r66,C:DDJcZ,G:IDJcZ
.GDD,sy!y28v69vyyr,.:CDJcZ,G:AFJNZ
.C,s2 o86v1r66,A:DDJcZ,C:DBJcZ
DH.,o26721,F:IDJNZ,.I:B.JNZ
A.AB,z!75v3n1qz25r,F:BIJNZ,G:IIJNZ
.CGB,3n1!1w,B:BDJcZ,C:IIJcZ
BBH,s2 o86v1r66,..:IDJNZ,C:DFJcZ
DDD,8n,B:AFJcZ,D:IDJcZ
.CID,sy!7rp2zz,E:DHJNZ,.I:BCJNZ
CIE,syvtu79vr0,..:CIJNZ,.:.FJcZ
BBG,t2s2 ,..:IDJNZ,C:DFJcZ
AACI,025yq-syvtu7-75npxr5,A:DDJcZ,D:DDJcZ
AB.C,25q,F:CDJcZ,.I:BIJcZ
CDD,0rn7ur5,.I:BHJNZ,..:.HJNZ
.CGI,syvtu767n76,B:BDJcZ,C:IIJcZ
AA..,o86v1r6675n9ryy2t8r,H:IDJNZ,.A:BDJcZ
FH,uryy2syvtu7,.A:BIJcZ,B:.HJcZ
.I.D,nv575n9rypr17r5,A:DBJcZ,C:CGJcZ
A.AC,nn,..:ADJcZ,E:DDJNZ
HAF,o86v1r6675n9ryy2t8r,F:BDJNZ,H:CBJNZ
GDI,syvtu767n76,F:DDJNZ,..:IDJNZ
AI.E,0rn7ur5,G:BDJNZ,..:DIJNZ
.FID,o26721,C:IIJcZ,E:CIJcZ
AICF,uryy2syvtu7,B:IDJcZ,E:BIJcZ
FGD,6s2,F:.IJNZ,.I:CDJNZ
.A.I,nv575n9rypr17r5,.I:ADJNZ,E:CCJcZ
AEA,sy!7rp2zz,G:DDJNZ,..:CDJNZ
A..I,48vpx75v3,F:BIJNZ,G:IIJNZ
C.I,nyyrtvn17nv5,..:CIJNZ,.:.FJcZ
A.BE,syvtu767n76,..:ADJcZ,E:DDJNZ
.GID,sy!y28v69vyyr,E:CDJNZ,F:CDJNZ
HE.,75n9ry2pv7!,.I:CIJNZ,.A:DDJcZ
HED,syvtu7n55v9ny,.I:CIJNZ,.A:DDJcZ
BII,z!75v3n1qz25r,E:BIJcZ,F:ADJcZ
ABHB,081qr5t5281q,.:AHJcZ,C:.FJcZ
EEE,t2s2 ,D:BIJcZ,E:CIJcZ
CHG,o26721,.:IIJcZ,A:BDJcZ
FGH,syvtu70v6r,F:.IJNZ,.I:CDJNZ
DCB,025yq-syvtu7-75npxr5,B:DIJcZ,E:ABJcZ
B.G,25ov7?,H:IDJNZ,..:DBJNZ
AHG,zp2,E:BIJcZ,F:ADJcZ
.ED.,48vpx75v3,..:DIJNZ,B:DIJcZ
EIB,syvtu7n0n5r,.:IDJcZ,A:BDJcZ
.GIE,syvtu767n76,E:CDJNZ,F:CDJNZ
ABF,nn,C:DDJcZ,G:IDJcZ
.CEG,syvtu7r 3y25r5,B:BDJcZ,C:IIJcZ
BIA,syvtu7n55v9ny,E:BIJcZ,F:ADJcZ
BI,o86v1r6675n9ryy2t8r,G:C.JNZ,H:DCJNZ
.DAE,o86v1r6675n9ryy2t8r,.I:CIJNZ,A:DHJcZ
.B.H,s2 o86v1r66,C:IIJcZ,E:CEJcZ
CEG,syvtu79vr0,.A:BIJNZ,D:BDJNZ
AAFD,nn,F:CDJcZ,.I:BIJcZ
EFD,86n72qn!,D:BIJcZ,E:CIJcZ
.F.D,8n,C:ADJcZ,.A:AHJNZ
FD.,syvtu79vr0,A:BIJcZ,F:IBJcZ
GAF,syvtu79vr0,H:IIJcZ,.A:.DJNZ
ACH,48vpx75v3,C:DDJcZ,G:IDJcZ
GAA,o86v1r6675n9ryy2t8r,H:IIJcZ,.A:.DJNZ
FGG,z!75v3n1qz25r,F:.IJNZ,.I:CDJNZ
AIBE,t2s2 ,F:IIJcZ,.I:.DJcZ
.BEC,syvtu767n76,G:ADJcZ,..:DIJcZ
F.,8n,.A:BIJcZ,B:.HJcZ
.IHI,syvtu7r 3y25r5,E:IIJNZ,F:ABJNZ
...,syvtu7n55v9ny,.A:BIJcZ,B:.HJcZ
.IEA,z!75v3n1qz25r,G:IIJcZ,H:CDJcZ
.HBC,081qr5t5281q,D:ADJcZ,G:AAJcZ
.D.F,syvtu70v6r,F:.DJNZ,.I:BDJNZ
.AAF,vsy!,.I:ADJNZ,E:CCJcZ
AAEG,o26721,..:.DJNZ,.:CIJcZ
D.F,025yq-syvtu7-75npxr5,E:IIJNZ,H:AIJNZ
.FI,sy!y28v69vyyr,F:IIJNZ,H:DDJNZ
.BGA,z!5n7r3yn1,G:CIJNZ,.I:DCJNZ
.E.G,syvtu7n0n5r,A:BIJcZ,E:.DJcZ
AACE,o26721,A:DDJcZ,D:DDJcZ
.H.E,48vpx75v3,F:DBJNZ,.:BHJcZ
.AAI,3n1!1w,.I:ADJNZ,E:CCJcZ
B.E,o26721,H:IDJNZ,..:DBJNZ
.AAB,nyyrtvn17nv5,.I:ADJNZ,E:CCJcZ
AACA,3n1!1w,A:DDJcZ,D:DDJcZ
EBB,syvtu767n76,A:BIJcZ,F:IBJcZ
DD.,25ov7?,B:DIJcZ,E:ABJcZ
.DHH,48vpx75v3,..:CDJNZ,A:IIJcZ
FF,z!5n7r3yn1,.A:BIJcZ,B:.HJcZ
.DEB,25ov7?,F:.IJNZ,H:BDJNZ
.BCC,nyyrtvn17nv5,E:IIJNZ,E:CIJNZ
A.EG,nyyrtvn17nv5,.A:.IJcZ,A:.DJcZ
C.,25ov7?,G:C.JNZ,H:DCJNZ
.IFA,syvtu76,..:BDJNZ,A:ADJcZ
..AA,sy!y28v69vyyr,F:.IJcZ,G:DEJcZ
ABEC,nv575n9rypr17r5,..:IGJcZ,D:..JNZ
.BHF,25ov7?,G:CIJNZ,.I:DCJNZ
.CAA,0rn7ur5,E:DHJNZ,.I:BCJNZ
G.C,syvtu7r 3y25r5,H:IIJcZ,.A:.DJNZ
E.I,025yq-syvtu7-75npxr5,.:IDJcZ,A:BDJcZ
AI.H,z!75v3n1qz25r,G:BDJNZ,..:DIJNZ
HDE,3n1!1w,.I:CIJNZ,.A:DDJcZ
.GDH,s2 o86v1r66,.:CDJcZ,G:AFJNZ
ABF.,o86v1r6675n9ryy2t8r,..:IGJcZ,D:..JNZ
H,syvtu767n76,A:DDJcZ,C:DBJcZ
AADC,nv575n9rypr17r5,..:.DJNZ,.:CIJcZ
.HC.,3n1!1w,D:ADJcZ,G:AAJcZ
DGB,sy!y28v69vyyr,F:IDJNZ,.I:B.JNZ
.BCF,25ov7?,E:IIJNZ,E:CIJNZ
GCC,sy!7rp2zz,F:DDJNZ,..:IDJNZ
AIIE,48vpx75v3,G:BDJNZ,..:DIJNZ
.IIE,nyyrtvn17nv5,F:.DJNZ,..:BDJNZ
.BBB,081qr5t5281q,E:IIJNZ,E:CIJNZ
.AA.,t2s2 ,.I:ADJNZ,E:CCJcZ
.ACC,syvtu79vr0,C:.DJcZ,F:DDJcZ
EHC,sy!y28v69vyyr,.A:DFJcZ,D:.DJcZ
CHE,s2 o86v1r66,.:IIJcZ,A:BDJcZ
..AD,syvtu79vr0,F:.IJcZ,G:DEJcZ
AIAA,syvtu7r 3y25r5,F:IIJcZ,.I:.DJcZ
.IIC,t2s2 ,F:.DJNZ,..:BDJNZ
.GEH,uryy2syvtu7,A:DDJcZ,D:IIJcZ
.EIH,25q,..:CDJNZ,A:IIJcZ
BCG,8n,..:DDJNZ,E:.FJcZ
AHE,25ov7?,E:BIJcZ,F:ADJcZ
AAD,48vpx75v3,E:CIJNZ,H:ADJNZ
.GHB,o86v1r6675n9ryy2t8r,G:.DJNZ,.I:IEJNZ
AID,nyyrtvn17nv5,E:IIJNZ,F:BIJNZ
..EH,48vpx75v3,F:ADJNZ,..:.IJNZ
.IEE,nv575n9rypr17r5,..:BDJNZ,A:ADJcZ
A.CI,3n1!1w,..:ADJcZ,E:DDJNZ
ACE,o86v1r6675n9ryy2t8r,C:DDJcZ,G:IDJcZ
.AID,0rn7ur5,.I:.DJNZ,.A:.IJcZ
H.H,syvtu7n55v9ny,.:BBJcZ,C:B.JcZ
.FE,t2s2 ,F:IIJNZ,H:DDJNZ
G.I,z!75v3n1qz25r,A:DDJcZ,C:CHJcZ
.HBB,syvtu7n0n5r,D:ADJcZ,G:AAJcZ
BHH,syvtu7n0n5r,..:CIJNZ,.:.FJcZ
AAHF,syvtu79vr0,F:CDJcZ,.I:BIJcZ
AGE,syvtu767n76,E:BIJcZ,F:ADJcZ
.BHI,syvtu79vr0,G:CIJNZ,.I:DCJNZ
ACCA,nyyrtvn17nv5,F:BDJNZ,H:A.JNZ
AAB,sy!y28v69vyyr,E:CIJNZ,H:ADJNZ
CFF,z!75v3n1qz25r,.A:BIJNZ,D:BDJNZ
A.GB,081qr5t5281q,.A:.DJcZ,A:CDJcZ
.AHC,3n1!1w,G:IDJNZ,..:BDJNZ
...C,nv575n9rypr17r5,F:.IJcZ,G:DEJcZ
.BAG,nv575n9rypr17r5,E:IIJNZ,E:CIJNZ
AAIC,nv575n9rypr17r5,H:IDJNZ,.A:BDJcZ
DBA,nv575n9rypr17r5,B:DIJcZ,E:ABJcZ
G.F,uryy2syvtu7,H:IIJcZ,.A:.DJNZ
.HG.,48vpx75v3,.A:IIJcZ,B:.DJcZ
.CAE,nv575n9rypr17r5,G:BDJNZ,.I:CIJNZ
A..F,o26721,F:BIJNZ,G:IIJNZ
.CBA,sy!y28v69vyyr,G:BDJNZ,.I:CIJNZ
CGG,o86v1r6675n9ryy2t8r,.:IIJcZ,A:BDJcZ
..II,syvtu79vr0,E:IIJNZ,F:ABJNZ
A...,025yq-syvtu7-75npxr5,F:BIJNZ,G:IIJNZ
DCI,sy!y28v69vyyr,B:DIJcZ,E:ABJcZ
.H.F,syvtu79vr0,F:DBJNZ,.:BHJcZ
.IAI,o86v1r6675n9ryy2t8r,A:DBJcZ,C:CGJcZ
.AAE,0rn7ur5,.I:ADJNZ,E:CCJcZ
ACBG,syvtu79vr0,F:BDJNZ,H:A.JNZ
AICB,z!75v3n1qz25r,F:IIJcZ,.I:.DJcZ
FFB,syvtu767n76,F:.IJNZ,.I:CDJNZ
.BBD,o86v1r6675n9ryy2t8r,E:IIJNZ,E:CIJNZ
AIGH,o26721,E:CDJcZ,H:.IJcZ
FG.,o26721,F:.IJNZ,.I:CDJNZ
AIAI,syvtu7n55v9ny,G:BDJNZ,..:DIJNZ
.EBH,nn,..:DIJNZ,B:DIJcZ
.ADE,Pb,F:.DJcZ,.A:A.JNZ
DEG,t2s2 ,B:AFJcZ,D:IDJcZ
.GFC,syvtu767n76,A:DDJcZ,D:IIJcZ
BDD,syvtu76,..:DDJNZ,E:.FJcZ
BFF,syvtu76,..:ADJNZ,D:ADJcZ
BGE,75n9ry2pv7!,..:ADJNZ,D:ADJcZ
..GA,syvtu70v6r,F:ADJNZ,..:.IJNZ
.DCH,081qr5t5281q,F:.IJNZ,H:BDJNZ
.HIA,o26721,G:.DJNZ,.I:IEJNZ
FGE,vsy!,F:.IJNZ,.I:CDJNZ
.DEG,8n,.:DDJcZ,F:DBJcZ
.IAA,syvtu767n76,A:DBJcZ,C:CGJcZ
A.HD,o26721,.A:.DJcZ,A:CDJcZ
..AF,t2s2 ,F:.IJcZ,G:DEJcZ
.HAB,75n9ry2pv7!,F:DBJNZ,.:BHJcZ
CDI,t2s2 ,.I:BHJNZ,..:.HJNZ
FBF,zvn,.I:CIJNZ,A:CDJcZ
.GIH,syvtu79vr0,E:CDJNZ,F:CDJNZ
.HFD,syvtu7n0n5r,.A:IIJcZ,B:.DJcZ
.IA.,sy!y28v69vyyr,A:DBJcZ,C:CGJcZ
BHB,Pb,..:CIJNZ,.:.FJcZ
.AD.,25ov7?,C:.DJcZ,F:DDJcZ
CID,48vpx75v3,..:CIJNZ,.:.FJcZ
A.A.,25q,F:BIJNZ,G:IIJNZ
BHA,syvtu7n55v9ny,..:ADJNZ,D:ADJcZ
A.EI,sy!y28v69vyyr,.A:.IJcZ,A:.DJcZ
ABHE,sy!y28v69vyyr,.:AHJcZ,C:.FJcZ
AAGB,uryy2syvtu7,F:CDJcZ,.I:BIJcZ
.GAG,syvtu7n0n5r,H:.DJNZ,.A:.GJcZ
AFC,syvtu7n55v9ny,G:DDJNZ,..:CDJNZ
A.BH,syvtu79vr0,..:ADJcZ,E:DDJNZ
FB,syvtu7r 3y25r5,.A:BIJcZ,B:.HJcZ
.A..,z!5n7r3yn1,.I:ADJNZ,E:CCJcZ
GDB,syvtu79vr0,F:DDJNZ,..:IDJNZ
ACB.,syvtu7n0n5r,F:BDJNZ,H:A.JNZ
ACIC,o26721,.:AHJcZ,C:.FJcZ
GHE,sy!7rp2zz,.:BBJcZ,C:B.JcZ
FC.,Pb,A:BIJcZ,F:IBJcZ
.FIA,t2s2 ,C:IIJcZ,E:CIJcZ
.ABI,nn,C:.DJcZ,F:DDJcZ
GB.,nyyrtvn17nv5,H:IIJcZ,.A:.DJNZ
HFA,syvtu76,G:IIJNZ,..:DDJNZ
.GIC,o86v1r6675n9ryy2t8r,E:CDJNZ,F:CDJNZ
AGA,081qr5t5281q,E:BIJcZ,F:ADJcZ
A.FB,86n72qn!,.A:.IJcZ,A:.DJcZ
.A.,sy!y28v69vyyr,G:AIJcZ,H:AIJcZ
GE.,0rn7ur5,F:DDJNZ,..:IDJNZ
EED,3n1!1w,D:BIJcZ,E:CIJcZ
CGF,syvtu76,.:IIJcZ,A:BDJcZ
C.F,z!5n7r3yn1,.A:IIJNZ,.:CDJcZ
ABCE,o86v1r6675n9ryy2t8r,C:.EJcZ,F:BDJcZ
AFF,nv575n9rypr17r5,E:BIJcZ,F:ADJcZ
.IDG,0rn7ur5,G:IIJcZ,H:CDJcZ
.CDI,uryy2syvtu7,E:IIJNZ,.I:AIJNZ
.HFI,syvtu7r 3y25r5,.A:IIJcZ,B:.DJcZ
BGI,syvtu79vr0,..:ADJNZ,D:ADJcZ
AAA,o86v1r6675n9ryy2t8r,E:CIJNZ,H:ADJNZ
.CBI,syvtu76,G:BDJNZ,.I:CIJNZ
.DDB,syvtu767n76,F:.IJNZ,H:BDJNZ
.I.G,sy!7rp2zz,A:DBJcZ,C:CGJcZ
.IBF,syvtu7r 3y25r5,G:IIJcZ,H:CDJcZ
.BEI,081qr5t5281q,G:ADJcZ,..:DIJcZ
.I.E,z!5n7r3yn1,A:DBJcZ,C:CGJcZ
AIB.,sy!y28v69vyyr,F:IIJcZ,.I:.DJcZ
.FHG,z!5n7r3yn1,E:CDJNZ,F:CDJNZ
.HI,z!5n7r3yn1,E:IIJNZ,F:BIJNZ
ADH,nv575n9rypr17r5,G:DDJNZ,..:CDJNZ
.EHF,syvtu767n76,C:IIJcZ,E:CIJcZ
HFC,sy!y28v69vyyr,G:IIJNZ,..:DDJNZ
.DAF,sy!y28v69vyyr,.I:CIJNZ,A:DHJcZ
.BHD,o26721,G:CIJNZ,.I:DCJNZ
.IBE,nn,G:IIJcZ,H:CDJcZ
.IAC,syvtu79vr0,A:DBJcZ,C:CGJcZ
A.I,25q,E:IIJNZ,F:BIJNZ
EF,25ov7?,.:BIJcZ,B:DIJcZ
.FAG,48vpx75v3,C:ADJcZ,.A:AHJNZ
.GEG,z!5n7r3yn1,A:DDJcZ,D:IIJcZ
.DDH,s2 o86v1r66,F:.IJNZ,H:BDJNZ
ABHH,syvtu79vr0,.:AHJcZ,C:.FJcZ
.AH.,syvtu767n76,G:IDJNZ,..:BDJNZ
A..D,s2 o86v1r66,F:BIJNZ,G:IIJNZ
.H.I,uryy2syvtu7,F:DBJNZ,.:BHJcZ
D.A,syvtu76,E:IIJNZ,H:AIJNZ
.DBA,t2s2 ,.I:CIJNZ,A:DHJcZ
E.D,nyyrtvn17nv5,.:IDJcZ,A:BDJcZ
.CFB,syvtu7n0n5r,B:BDJcZ,C:IIJcZ
HCI,syvtu7n55v9ny,F:BDJNZ,H:CBJNZ
.EC.,nv575n9rypr17r5,..:DIJNZ,B:DIJcZ
AIIG,syvtu79vr0,G:BDJNZ,..:DIJNZ
..FB,t2s2 ,F:ADJNZ,..:.IJNZ
.FEA,o26721,..:DDJcZ,D:DIJNZ
.CEC,25ov7?,E:IIJNZ,.I:AIJNZ
DDI,75n9ry2pv7!,B:DIJcZ,E:ABJcZ
.BHB,s2 o86v1r66,G:CIJNZ,.I:DCJNZ
.IFD,syvtu767n76,..:BDJNZ,A:ADJcZ
ABDE,25ov7?,C:.EJcZ,F:BDJcZ
.HGI,syvtu767n76,.A:IIJcZ,B:.DJcZ
CBC,75n9ry2pv7!,.A:IIJNZ,.:CDJcZ
.EB,z!5n7r3yn1,F:IIJNZ,H:DDJNZ
A.IB,sy!7rp2zz,F:BIJNZ,G:IIJNZ
A.EA,48vpx75v3,.A:.IJcZ,A:.DJcZ
.FAE,sy!y28v69vyyr,C:ADJcZ,.A:AHJNZ
..A,nn,G:AIJcZ,H:AIJcZ
.GH.,sy!7rp2zz,G:.DJNZ,.I:IEJNZ
AAFG,nv575n9rypr17r5,F:CDJcZ,.I:BIJcZ
CBA,nyyrtvn17nv5,.A:IIJNZ,.:CDJcZ
DIA,qs0,.:IIJcZ,A:BDJcZ
AAAF,syvtu7n55v9ny,H:IDJNZ,.A:BDJcZ
CHA,025yq-syvtu7-75npxr5,.:IIJcZ,A:BDJcZ
HGF,6s2,G:IIJNZ,..:DDJNZ
.GGE,syvtu7n55v9ny,A:DDJcZ,D:IIJcZ
GFB,o86v1r6675n9ryy2t8r,A:BDJcZ,C:IDJcZ
.B..,o86v1r6675n9ryy2t8r,C:IIJcZ,E:CEJcZ
.DHE,o86v1r6675n9ryy2t8r,..:CDJNZ,A:IIJcZ
.E.C,nv575n9rypr17r5,A:BIJcZ,E:.DJcZ
HBE,25ov7?,F:BDJNZ,H:CBJNZ
B.D,nyyrtvn17nv5,H:IDJNZ,..:DBJNZ
EH,z!75v3n1qz25r,.:BIJcZ,B:DIJcZ
EGC,z!5n7r3yn1,.A:DFJcZ,D:.DJcZ
.AHE,s2 o86v1r66,G:IDJNZ,..:BDJNZ
F..,25q,.A:DFJcZ,D:.DJcZ
.GEC,0rn7ur5,.:CDJcZ,G:AFJNZ
DAA,nyyrtvn17nv5,E:IIJNZ,H:AIJNZ
.GFH,s2 o86v1r66,A:DDJcZ,D:IIJcZ
AC.A,sy!7rp2zz,.I:CDJNZ,A:AIJcZ
.DH.,nv575n9rypr17r5,..:CDJNZ,A:IIJcZ
A.HA,t2s2 ,.A:.DJcZ,A:CDJcZ
.CBF,t2s2 ,G:BDJNZ,.I:CIJNZ
DG,sy!y28v69vyyr,.:BIJcZ,B:DIJcZ
EB.,o86v1r6675n9ryy2t8r,A:BIJcZ,F:IBJcZ
.EAH,s2 o86v1r66,A:BIJcZ,E:.DJcZ
HB.,t2s2 ,F:BDJNZ,H:CBJNZ
.BG,nv575n9rypr17r5,F:.IJNZ,B:BIJcZ
DH,025yq-syvtu7-75npxr5,.:BIJcZ,B:DIJcZ
..GD,nv575n9rypr17r5,.I:.DJNZ,.A:.IJcZ
AICE,z!5n7r3yn1,B:IDJcZ,E:BIJcZ
.G.D,75n9ry2pv7!,E:CDJNZ,F:CDJNZ
AIFD,sy!7rp2zz,E:CDJcZ,H:.IJcZ
ABC,25ov7?,E:CIJNZ,H:ADJNZ
FCD,sy!7rp2zz,A:BIJcZ,F:IBJcZ
.AIH,Pb,.I:ADJNZ,E:CCJcZ
.CG,48vpx75v3,F:.IJNZ,B:BIJcZ
AAGA,uryy2syvtu7,F:CDJcZ,.I:BIJcZ
.ICH,025yq-syvtu7-75npxr5,G:IIJcZ,H:CDJcZ
FHH,syvtu767n76,A:DDJcZ,C:CHJcZ
EHA,o86v1r6675n9ryy2t8r,.A:DFJcZ,D:.DJcZ
BIF,sy!7rp2zz,H:IDJNZ,..:DBJNZ
ABEA,8n,..:IGJcZ,D:..JNZ
CEH,3n1!1w,.A:BIJNZ,D:BDJNZ
EC.,75n9ry2pv7!,A:BIJcZ,F:IBJcZ
AFG,z!5n7r3yn1,E:BIJcZ,F:ADJcZ
ABIH,75n9ry2pv7!,F:CDJcZ,.I:BIJcZ
.G.B,nyyrtvn17nv5,E:CDJNZ,F:CDJNZ
GG,o86v1r6675n9ryy2t8r,.A:BIJcZ,B:.HJcZ
.HB.,uryy2syvtu7,D:ADJcZ,G:AAJcZ
.BC.,3n1!1w,E:IIJNZ,E:CIJNZ
.FEI,nyyrtvn17nv5,..:DDJcZ,D:DIJNZ
GH,o86v1r6675n9ryy2t8r,.A:BIJcZ,B:.HJcZ
..BF,z!5n7r3yn1,G:AHJNZ,H:ACJNZ
ABE.,syvtu7n55v9ny,C:.EJcZ,F:BDJcZ
ACI.,t2s2 ,.:AHJcZ,C:.FJcZ
.BIG,syvtu7n0n5r,C:IIJcZ,E:CEJcZ
.IBI,75n9ry2pv7!,A:DBJcZ,C:CGJcZ
A.BG,025yq-syvtu7-75npxr5,..:ADJcZ,E:DDJNZ
.DIE,syvtu79vr0,F:.DJNZ,.I:BDJNZ
C.E,nv575n9rypr17r5,.A:IIJNZ,.:CDJcZ
.ADI,75n9ry2pv7!,C:.DJcZ,F:DDJcZ
CA,0rn7ur5,G:C.JNZ,H:DCJNZ
.EBE,86n72qn!,A:BIJcZ,E:.DJcZ
CBI,t2s2 ,.A:IIJNZ,.:CDJcZ
.CCH,z!5n7r3yn1,E:IIJNZ,.I:AIJNZ
.G.I,3n1!1w,E:CDJNZ,F:CDJNZ
.BCD,o26721,E:IIJNZ,E:CIJNZ
.AGG,syvtu76,G:IDJNZ,..:BDJNZ
EEI,syvtu767n76,D:BIJcZ,E:CIJcZ
A.IC,syvtu7n0n5r,F:BIJNZ,G:IIJNZ
FBA,o26721,.I:CIJNZ,A:CDJcZ
AB.G,Pb,H:CDJNZ,.:.EJcZ
ABAD,sy!y28v69vyyr,H:CDJNZ,.:.EJcZ
.IHF,sy!y28v69vyyr,E:IIJNZ,F:ABJNZ
HFE,48vpx75v3,G:IIJNZ,..:DDJNZ
.FBA,t2s2 ,C:ADJcZ,.A:AHJNZ
EHH,3n1!1w,.A:DFJcZ,D:.DJcZ
ACCB,o26721,F:BDJNZ,H:A.JNZ
.EF.,081qr5t5281q,C:IIJcZ,F:IDJcZ
HGH,syvtu7r 3y25r5,F:.DJNZ,..:BDJNZ
.DGC,75n9ry2pv7!,.:DDJcZ,F:DBJcZ
.AAA,s2 o86v1r66,.I:ADJNZ,E:CCJcZ
...I,6s2,E:IIJNZ,F:ABJNZ
AAEF,nyyrtvn17nv5,..:.DJNZ,.:CIJcZ
FD,nv575n9rypr17r5,.A:BIJcZ,B:.HJcZ
.CIG,syvtu76,E:DHJNZ,.I:BCJNZ
.BCE,75n9ry2pv7!,E:IIJNZ,E:CIJNZ
HGD,25ov7?,G:IIJNZ,..:DDJNZ
.EA.,o86v1r6675n9ryy2t8r,A:BIJcZ,E:.DJcZ
C.B,qr1,..:CIJNZ,.:.FJcZ
.FIG,0rn7ur5,C:IIJcZ,E:CIJcZ
.AHI,sy!y28v69vyyr,G:IDJNZ,..:BDJNZ
DHD,z!75v3n1qz25r,F:IDJNZ,.I:B.JNZ
.BAD,z!75v3n1qz25r,C:IIJcZ,E:CEJcZ
HGA,nyyrtvn17nv5,G:IIJNZ,..:DDJNZ
ABCG,syvtu767n76,C:.EJcZ,F:BDJcZ
.DEH,nv575n9rypr17r5,.:DDJcZ,F:DBJcZ
ACAB,25ov7?,.I:CDJNZ,A:AIJcZ
DFF,nv575n9rypr17r5,F:IDJNZ,.I:B.JNZ
.GAE,uryy2syvtu7,H:.DJNZ,.A:.GJcZ
AEE,syvtu79vr0,G:DDJNZ,..:CDJNZ
.FB,025yq-syvtu7-75npxr5,F:IIJNZ,H:DDJNZ
EIH,48vpx75v3,.:IDJcZ,A:BDJcZ
AGF,48vpx75v3,E:BIJcZ,F:ADJcZ
.GF,nn,E:IIJNZ,F:BIJNZ
.DCE,uryy2syvtu7,F:.IJNZ,H:BDJNZ
.A.A,uryy2syvtu7,.I:ADJNZ,E:CCJcZ
GII,48vpx75v3,A:DDJcZ,C:CHJcZ
FAH,t2s2 ,.I:CIJNZ,A:CDJcZ
FAI,081qr5t5281q,.I:CIJNZ,A:CDJcZ
.AIG,syvtu7n55v9ny,.I:.DJNZ,.A:.IJcZ
AAI.,86n72qn!,.A:.DJcZ,A:CDJcZ
EDH,sy!y28v69vyyr,D:BIJcZ,E:CIJcZ
EII,z!5n7r3yn1,.:IDJcZ,A:BDJcZ
D.H,3n1!1w,E:IIJNZ,H:AIJNZ
.IFF,025yq-syvtu7-75npxr5,..:BDJNZ,A:ADJcZ
.GDF,3n1!1w,.:CDJcZ,G:AFJNZ
EEB,syvtu79vr0,D:BIJcZ,E:CIJcZ
A..B,3n1!1w,F:BIJNZ,G:IIJNZ
ACII,3n1!1w,.:AHJcZ,C:.FJcZ
..FF,75n9ry2pv7!,F:ADJNZ,..:.IJNZ
A.GD,o86v1r6675n9ryy2t8r,.A:.DJcZ,A:CDJcZ
AIC.,zp2,F:IIJcZ,.I:.DJcZ
.E.I,z!75v3n1qz25r,..:CDJNZ,A:IIJcZ
.AGC,nv575n9rypr17r5,G:IDJNZ,..:BDJNZ
EID,syvtu76,.:IDJcZ,A:BDJcZ
.BFD,0rn7ur5,G:ADJcZ,..:DIJcZ
.DDE,syvtu79vr0,F:.IJNZ,H:BDJNZ
.DE.,o26721,F:.IJNZ,H:BDJNZ
AABA,sy!7rp2zz,A:DDJcZ,D:DDJcZ
BDF,sy!y28v69vyyr,..:DDJNZ,E:.FJcZ
FIC,s2 o86v1r66,.A:DFJcZ,D:.DJcZ
.CA.,25ov7?,E:DHJNZ,.I:BCJNZ
.E..,syvtu7n55v9ny,..:CDJNZ,A:IIJcZ
.GF.,syvtu76,A:DDJcZ,D:IIJcZ
A.,8n,G:C.JNZ,H:DCJNZ
BDG,syvtu767n76,..:DDJNZ,E:.FJcZ
E.E,o26721,.:IDJcZ,A:BDJcZ
ACBE,syvtu767n76,F:BDJNZ,H:A.JNZ
CBF,86n72qn!,.A:IIJNZ,.:CDJcZ
.F.C,syvtu7n55v9ny,C:IIJcZ,E:CIJcZ
.I.F,uryy2syvtu7,A:DBJcZ,C:CGJcZ
CA.,081qr5t5281q,.A:IIJNZ,.:CDJcZ
.IHA,z!5n7r3yn1,E:IIJNZ,F:ABJNZ
.FHI,0rn7ur5,F:.IJNZ,H:CIJNZ
HBI,3n1!1w,F:BDJNZ,H:CBJNZ
GAG,3n1!1w,H:IIJcZ,.A:.DJNZ
.DFB,syvtu76,.:DDJcZ,F:DBJcZ
AFE,syvtu7r 3y25r5,E:BIJcZ,F:ADJcZ
.FAH,025yq-syvtu7-75npxr5,C:ADJcZ,.A:AHJNZ
BAE,uryy2syvtu7,..:IDJNZ,C:DFJcZ
.AG,nyyrtvn17nv5,G:AIJcZ,H:AIJcZ
AIIF,025yq-syvtu7-75npxr5,G:BDJNZ,..:DIJNZ
ADC,nyyrtvn17nv5,C:DDJcZ,G:IDJcZ
A.HE,75n9ry2pv7!,.A:.DJcZ,A:CDJcZ
..HG,3n1!1w,.I:.DJNZ,.A:.IJcZ
.B.A,sy!y28v69vyyr,C:IIJcZ,E:CEJcZ
